[
  {
    "model": "payments.subscriptionplan",
    "pk": "9f0d905b-acf2-4b3f-b082-b388bc03cd29",
    "fields": {
      "code": "agent-free",
      "name": "Agent Free",
      "price": "0.00",
      "currency": "EUR",
      "max_athletes": 1,
      "max_collaborators": 0,
      "features": {
        "tier": "agent",
        "messaging_tier": "none",
        "max_messages_per_month": 0,
        "search_visibility_pct": 50,
        "stats_tier": "basic",
        "comparative_stats": false,
        "agent_subscription_management": true,
        "contract_tools": "disabled",
        "notification_center": false
      },
      "stripe_product_id": "prod_agent-free",
      "stripe_price_id": "price_agent-free",
      "is_active": true,
      "created_at": "2025-01-15T10:00:00Z",
      "updated_at": "2025-01-15T10:00:00Z"
    }
  },
  {
    "model": "payments.subscriptionplan",
    "pk": "a1794afb-c104-4b59-9a5a-5bff27ff2394",
    "fields": {
      "code": "agent-pro",
      "name": "Agent Pro",
      "price": "50.00",
      "currency": "EUR",
      "max_athletes": 5,
      "max_collaborators": 0,
      "features": {
        "tier": "agent",
        "messaging_tier": "limited",
        "max_messages_per_month": 200,
        "search_visibility_pct": 100,
        "stats_tier": "advanced",
        "comparative_stats": false,
        "agent_subscription_management": true,
        "contract_tools": "enabled",
        "notification_center": true
      },
      "stripe_product_id": "prod_agent-pro",
      "stripe_price_id": "price_agent-pro",
      "is_active": true,
      "created_at": "2025-01-15T10:01:00Z",
      "updated_at": "2025-01-15T10:01:00Z"
    }
  },
  {
    "model": "payments.subscriptionplan",
    "pk": "1fa555de-86a9-4c11-93cf-f9706a01f271",
    "fields": {
      "code": "agent-agency",
      "name": "Agent Agency",
      "price": "149.99",
      "currency": "EUR",
      "max_athletes": 20,
      "max_collaborators": 0,
      "features": {
        "tier": "agent",
        "messaging_tier": "pro_plus",
        "max_messages_per_month": null,
        "search_visibility_pct": 130,
        "stats_tier": "premium",
        "comparative_stats": true,
        "agent_subscription_management": true,
        "contract_tools": "enabled",
        "notification_center": true
      },
      "stripe_product_id": "prod_agent-agency",
      "stripe_price_id": "price_agent-agency",
      "is_active": true,
      "created_at": "2025-01-15T10:02:00Z",
      "updated_at": "2025-01-15T10:02:00Z"
    }
  },
  {
    "model": "payments.subscriptionplan",
    "pk": "b9d24d86-633b-45c9-a197-a944097f0a95",
    "fields": {
      "code": "org-starter",
      "name": "Organisation Starter",
      "price": "149.00",
      "currency": "EUR",
      "max_athletes": 0,
      "max_collaborators": 3,
      "features": {
        "tier": "organisation",
        "max_follows": 10,
        "collaborator_invites": true,
        "organisation_subscription_management": true,
        "athlete_stats_scope": "engagement",
        "data_access": [
          "follows",
          "engagement"
        ],
        "contract_tools": "disabled",
        "notification_center": true
      },
      "stripe_product_id": "prod_org-starter",
      "stripe_price_id": "price_org-starter",
      "is_active": true,
      "created_at": "2025-01-15T10:03:00Z",
      "updated_at": "2025-01-15T10:03:00Z"
    }
  },
  {
    "model": "payments.subscriptionplan",
    "pk": "5812dbad-27bd-4320-b4d2-9dc2ac116490",
    "fields": {
      "code": "org-pro",
      "name": "Organisation Pro",
      "price": "399.00",
      "currency": "EUR",
      "max_athletes": 0,
      "max_collaborators": 10,
      "features": {
        "tier": "organisation",
        "max_follows": 10,
        "collaborator_invites": true,
        "organisation_subscription_management": true,
        "athlete_stats_scope": "all",
        "data_access": [
          "follows",
          "engagement",
          "demographic"
        ],
        "contract_tools": "enabled",
        "notification_center": true
      },
      "stripe_product_id": "prod_org-pro",
      "stripe_price_id": "price_org-pro",
      "is_active": true,
      "created_at": "2025-01-15T10:04:00Z",
      "updated_at": "2025-01-15T10:04:00Z"
    }
  },
  {
    "model": "payments.subscriptionplan",
    "pk": "d64c2096-ae78-4306-8992-4923606b9df0",
    "fields": {
      "code": "org-enterprise",
      "name": "Organisation Enterprise",
      "price": "999.00",
      "currency": "EUR",
      "max_athletes": 0,
      "max_collaborators": 0,
      "features": {
        "tier": "organisation",
        "max_follows": 10,
        "collaborator_invites": true,
        "organisation_subscription_management": true,
        "athlete_stats_scope": "all",
        "data_access": [
          "follows",
          "engagement",
          "demographic",
          "api"
        ],
        "contract_tools": "enabled",
        "notification_center": true
      },
      "stripe_product_id": "prod_org-enterprise",
      "stripe_price_id": "price_org-enterprise",
      "is_active": true,
      "created_at": "2025-01-15T10:05:00Z",
      "updated_at": "2025-01-15T10:05:00Z"
    }
  },
  {
    "model": "athletes.sport",
    "pk": "d0afbcc8-ddf6-4855-8c70-54a89c0f0a4e",
    "fields": {
      "name": "Athletics",
      "slug": "athletics",
      "emoji": "🏃",
      "category": "INDIVIDUAL",
      "created_at": "2025-01-15T10:10:00Z",
      "updated_at": "2025-01-15T10:10:00Z"
    }
  },
  {
    "model": "athletes.sportdiscipline",
    "pk": "d85f7a9c-4fea-4152-88ca-10cc41f9e805",
    "fields": {
      "sport": "d0afbcc8-ddf6-4855-8c70-54a89c0f0a4e",
      "name": "100m Sprint",
      "slug": "100m-sprint",
      "description": "High intensity sprint over 100 meters.",
      "is_olympic": true,
      "created_at": "2025-01-15T10:10:00Z",
      "updated_at": "2025-01-15T10:10:00Z"
    }
  },
  {
    "model": "athletes.sportdiscipline",
    "pk": "7cde3bcf-8253-45ee-8cb6-e9a817bc7d90",
    "fields": {
      "sport": "d0afbcc8-ddf6-4855-8c70-54a89c0f0a4e",
      "name": "Marathon",
      "slug": "marathon",
      "description": "Long distance road running event.",
      "is_olympic": true,
      "created_at": "2025-01-15T10:10:30Z",
      "updated_at": "2025-01-15T10:10:30Z"
    }
  },
  {
    "model": "athletes.sportdiscipline",
    "pk": "d9fd39b1-f11f-416a-8619-1526c0369366",
    "fields": {
      "sport": "d0afbcc8-ddf6-4855-8c70-54a89c0f0a4e",
      "name": "Long Jump",
      "slug": "long-jump",
      "description": "Field event measuring horizontal distance.",
      "is_olympic": true,
      "created_at": "2025-01-15T10:11:00Z",
      "updated_at": "2025-01-15T10:11:00Z"
    }
  },
  {
    "model": "athletes.sport",
    "pk": "84a93730-8f69-492d-95e9-ad174e66bf1a",
    "fields": {
      "name": "Football",
      "slug": "football",
      "emoji": "⚽",
      "category": "TEAM",
      "created_at": "2025-01-15T10:11:00Z",
      "updated_at": "2025-01-15T10:11:00Z"
    }
  },
  {
    "model": "athletes.sportdiscipline",
    "pk": "25c2d07e-e8e3-4213-8903-6d7f7e8cec12",
    "fields": {
      "sport": "84a93730-8f69-492d-95e9-ad174e66bf1a",
      "name": "Ligue 1",
      "slug": "ligue-1",
      "description": "Top French professional league.",
      "is_olympic": false,
      "created_at": "2025-01-15T10:11:00Z",
      "updated_at": "2025-01-15T10:11:00Z"
    }
  },
  {
    "model": "athletes.sportdiscipline",
    "pk": "d31be085-d634-4ab9-bec7-ad8c275a1983",
    "fields": {
      "sport": "84a93730-8f69-492d-95e9-ad174e66bf1a",
      "name": "UEFA Champions League",
      "slug": "uefa-champions-league",
      "description": "Elite European club competition.",
      "is_olympic": false,
      "created_at": "2025-01-15T10:11:30Z",
      "updated_at": "2025-01-15T10:11:30Z"
    }
  },
  {
    "model": "athletes.sportdiscipline",
    "pk": "2ee80d15-0f5c-4a5f-bf02-6aa17387a96c",
    "fields": {
      "sport": "84a93730-8f69-492d-95e9-ad174e66bf1a",
      "name": "FIFA World Cup",
      "slug": "fifa-world-cup",
      "description": "Global national team tournament.",
      "is_olympic": true,
      "created_at": "2025-01-15T10:12:00Z",
      "updated_at": "2025-01-15T10:12:00Z"
    }
  },
  {
    "model": "athletes.sport",
    "pk": "f52014a8-b33e-4a7c-a19f-97b7c77984a1",
    "fields": {
      "name": "Basketball",
      "slug": "basketball",
      "emoji": "🏀",
      "category": "TEAM",
      "created_at": "2025-01-15T10:12:00Z",
      "updated_at": "2025-01-15T10:12:00Z"
    }
  },
  {
    "model": "athletes.sportdiscipline",
    "pk": "6cf767e9-fd57-47c4-86d8-fc7637d577eb",
    "fields": {
      "sport": "f52014a8-b33e-4a7c-a19f-97b7c77984a1",
      "name": "EuroLeague",
      "slug": "euroleague",
      "description": "Premier European club competition.",
      "is_olympic": false,
      "created_at": "2025-01-15T10:12:00Z",
      "updated_at": "2025-01-15T10:12:00Z"
    }
  },
  {
    "model": "athletes.sportdiscipline",
    "pk": "43561aef-6714-47dd-86b5-82796ee3c136",
    "fields": {
      "sport": "f52014a8-b33e-4a7c-a19f-97b7c77984a1",
      "name": "NBA",
      "slug": "nba",
      "description": "North American professional league.",
      "is_olympic": false,
      "created_at": "2025-01-15T10:12:30Z",
      "updated_at": "2025-01-15T10:12:30Z"
    }
  },
  {
    "model": "athletes.sportdiscipline",
    "pk": "30b52c13-7c04-4616-8838-5ccb82afc039",
    "fields": {
      "sport": "f52014a8-b33e-4a7c-a19f-97b7c77984a1",
      "name": "FIBA World Cup",
      "slug": "fiba-world-cup",
      "description": "International national team competition.",
      "is_olympic": true,
      "created_at": "2025-01-15T10:13:00Z",
      "updated_at": "2025-01-15T10:13:00Z"
    }
  },
  {
    "model": "athletes.sport",
    "pk": "2d1f8ca3-82dc-4732-9778-fb1fdfd002f3",
    "fields": {
      "name": "Swimming",
      "slug": "swimming",
      "emoji": "🏊",
      "category": "INDIVIDUAL",
      "created_at": "2025-01-15T10:13:00Z",
      "updated_at": "2025-01-15T10:13:00Z"
    }
  },
  {
    "model": "athletes.sportdiscipline",
    "pk": "6b43b186-c689-4daf-b51d-bd78863ab938",
    "fields": {
      "sport": "2d1f8ca3-82dc-4732-9778-fb1fdfd002f3",
      "name": "100m Freestyle",
      "slug": "100m-freestyle",
      "description": "Sprint freestyle event.",
      "is_olympic": true,
      "created_at": "2025-01-15T10:13:00Z",
      "updated_at": "2025-01-15T10:13:00Z"
    }
  },
  {
    "model": "athletes.sportdiscipline",
    "pk": "4241d03b-1205-4104-8271-d0b2a77786d6",
    "fields": {
      "sport": "2d1f8ca3-82dc-4732-9778-fb1fdfd002f3",
      "name": "200m Butterfly",
      "slug": "200m-butterfly",
      "description": "Challenging butterfly distance.",
      "is_olympic": true,
      "created_at": "2025-01-15T10:13:30Z",
      "updated_at": "2025-01-15T10:13:30Z"
    }
  },
  {
    "model": "athletes.sportdiscipline",
    "pk": "4642ba15-c7eb-4589-99bf-7246eb17ad00",
    "fields": {
      "sport": "2d1f8ca3-82dc-4732-9778-fb1fdfd002f3",
      "name": "Open Water 10km",
      "slug": "open-water-10km",
      "description": "Endurance race in open water.",
      "is_olympic": true,
      "created_at": "2025-01-15T10:14:00Z",
      "updated_at": "2025-01-15T10:14:00Z"
    }
  },
  {
    "model": "athletes.sport",
    "pk": "856d2abc-7c9e-48cc-a57c-2a4a2955e29c",
    "fields": {
      "name": "Cycling",
      "slug": "cycling",
      "emoji": "🚴",
      "category": "MIXED",
      "created_at": "2025-01-15T10:14:00Z",
      "updated_at": "2025-01-15T10:14:00Z"
    }
  },
  {
    "model": "athletes.sportdiscipline",
    "pk": "c67f0568-5bf2-4136-8c98-f8718c417b96",
    "fields": {
      "sport": "856d2abc-7c9e-48cc-a57c-2a4a2955e29c",
      "name": "Tour de France",
      "slug": "tour-de-france",
      "description": "Grand Tour stage race.",
      "is_olympic": true,
      "created_at": "2025-01-15T10:14:00Z",
      "updated_at": "2025-01-15T10:14:00Z"
    }
  },
  {
    "model": "athletes.sportdiscipline",
    "pk": "a365c35e-d086-4c83-9908-ccaf0319b783",
    "fields": {
      "sport": "856d2abc-7c9e-48cc-a57c-2a4a2955e29c",
      "name": "Track Sprint",
      "slug": "track-sprint",
      "description": "Velodrome sprint event.",
      "is_olympic": true,
      "created_at": "2025-01-15T10:14:30Z",
      "updated_at": "2025-01-15T10:14:30Z"
    }
  },
  {
    "model": "athletes.sportdiscipline",
    "pk": "a3271eee-5e59-4d6a-ac9c-91f656c9ed3a",
    "fields": {
      "sport": "856d2abc-7c9e-48cc-a57c-2a4a2955e29c",
      "name": "Mountain Biking XCO",
      "slug": "mountain-biking-xco",
      "description": "Cross-country Olympic format.",
      "is_olympic": true,
      "created_at": "2025-01-15T10:15:00Z",
      "updated_at": "2025-01-15T10:15:00Z"
    }
  },
  {
    "model": "athletes.sport",
    "pk": "0b68a688-b9e3-409c-ad87-77089438af70",
    "fields": {
      "name": "Tennis",
      "slug": "tennis",
      "emoji": "🎾",
      "category": "INDIVIDUAL",
      "created_at": "2025-01-15T10:15:00Z",
      "updated_at": "2025-01-15T10:15:00Z"
    }
  },
  {
    "model": "athletes.sportdiscipline",
    "pk": "14ccbe30-cb15-4ccb-83e5-02d658b8859a",
    "fields": {
      "sport": "0b68a688-b9e3-409c-ad87-77089438af70",
      "name": "Roland-Garros",
      "slug": "roland-garros",
      "description": "Clay Grand Slam tournament.",
      "is_olympic": false,
      "created_at": "2025-01-15T10:15:00Z",
      "updated_at": "2025-01-15T10:15:00Z"
    }
  },
  {
    "model": "athletes.sportdiscipline",
    "pk": "e92a9a86-0c3f-4869-8c86-0d5bc88a10e2",
    "fields": {
      "sport": "0b68a688-b9e3-409c-ad87-77089438af70",
      "name": "Wimbledon",
      "slug": "wimbledon",
      "description": "Grass Grand Slam tournament.",
      "is_olympic": false,
      "created_at": "2025-01-15T10:15:30Z",
      "updated_at": "2025-01-15T10:15:30Z"
    }
  },
  {
    "model": "athletes.sportdiscipline",
    "pk": "8c59a2c0-3155-44b3-85c5-932e9b30d9ec",
    "fields": {
      "sport": "0b68a688-b9e3-409c-ad87-77089438af70",
      "name": "ATP Finals",
      "slug": "atp-finals",
      "description": "Season-ending championship.",
      "is_olympic": false,
      "created_at": "2025-01-15T10:16:00Z",
      "updated_at": "2025-01-15T10:16:00Z"
    }
  },
  {
    "model": "athletes.sport",
    "pk": "e45d5b97-f31c-4774-9f2c-5b64bb502fda",
    "fields": {
      "name": "Gymnastics",
      "slug": "gymnastics",
      "emoji": "🤸",
      "category": "INDIVIDUAL",
      "created_at": "2025-01-15T10:16:00Z",
      "updated_at": "2025-01-15T10:16:00Z"
    }
  },
  {
    "model": "athletes.sportdiscipline",
    "pk": "9640b913-eb09-4978-8774-1f89b7cb996d",
    "fields": {
      "sport": "e45d5b97-f31c-4774-9f2c-5b64bb502fda",
      "name": "Artistic All-Around",
      "slug": "artistic-all-around",
      "description": "Combined apparatus competition.",
      "is_olympic": true,
      "created_at": "2025-01-15T10:16:00Z",
      "updated_at": "2025-01-15T10:16:00Z"
    }
  },
  {
    "model": "athletes.sportdiscipline",
    "pk": "375ff7f9-68db-4942-a7f8-f8b767befcf6",
    "fields": {
      "sport": "e45d5b97-f31c-4774-9f2c-5b64bb502fda",
      "name": "Rhythmic Ribbon",
      "slug": "rhythmic-ribbon",
      "description": "Graceful ribbon routine.",
      "is_olympic": true,
      "created_at": "2025-01-15T10:16:30Z",
      "updated_at": "2025-01-15T10:16:30Z"
    }
  },
  {
    "model": "athletes.sportdiscipline",
    "pk": "1805a4e9-21ee-44b0-9b44-6ae14e32d355",
    "fields": {
      "sport": "e45d5b97-f31c-4774-9f2c-5b64bb502fda",
      "name": "Trampoline",
      "slug": "trampoline",
      "description": "Acrobatic trampoline event.",
      "is_olympic": true,
      "created_at": "2025-01-15T10:17:00Z",
      "updated_at": "2025-01-15T10:17:00Z"
    }
  },
  {
    "model": "athletes.sport",
    "pk": "c2be4014-5f4b-4e43-9626-66ce9336c0fb",
    "fields": {
      "name": "Rugby",
      "slug": "rugby",
      "emoji": "🏉",
      "category": "TEAM",
      "created_at": "2025-01-15T10:17:00Z",
      "updated_at": "2025-01-15T10:17:00Z"
    }
  },
  {
    "model": "athletes.sportdiscipline",
    "pk": "0f18bb5f-0ee2-497d-abea-6cb888b05917",
    "fields": {
      "sport": "c2be4014-5f4b-4e43-9626-66ce9336c0fb",
      "name": "Top 14",
      "slug": "top-14",
      "description": "French professional rugby league.",
      "is_olympic": false,
      "created_at": "2025-01-15T10:17:00Z",
      "updated_at": "2025-01-15T10:17:00Z"
    }
  },
  {
    "model": "athletes.sportdiscipline",
    "pk": "830721ec-ea7b-4a12-875c-1d1508eecd79",
    "fields": {
      "sport": "c2be4014-5f4b-4e43-9626-66ce9336c0fb",
      "name": "Six Nations",
      "slug": "six-nations",
      "description": "Annual European championship.",
      "is_olympic": false,
      "created_at": "2025-01-15T10:17:30Z",
      "updated_at": "2025-01-15T10:17:30Z"
    }
  },
  {
    "model": "athletes.sportdiscipline",
    "pk": "e0b39ee8-d2d6-4f4a-a966-0b29778615c2",
    "fields": {
      "sport": "c2be4014-5f4b-4e43-9626-66ce9336c0fb",
      "name": "Rugby World Cup",
      "slug": "rugby-world-cup",
      "description": "Global rugby union tournament.",
      "is_olympic": true,
      "created_at": "2025-01-15T10:18:00Z",
      "updated_at": "2025-01-15T10:18:00Z"
    }
  },
  {
    "model": "athletes.sport",
    "pk": "b353afc9-37c3-4ee3-a067-cb40c0cb38f6",
    "fields": {
      "name": "Esports",
      "slug": "esports",
      "emoji": "🎮",
      "category": "MIXED",
      "created_at": "2025-01-15T10:18:00Z",
      "updated_at": "2025-01-15T10:18:00Z"
    }
  },
  {
    "model": "athletes.sportdiscipline",
    "pk": "85714a22-38ae-48ec-94ab-7d31017ec7a3",
    "fields": {
      "sport": "b353afc9-37c3-4ee3-a067-cb40c0cb38f6",
      "name": "League of Legends",
      "slug": "league-of-legends",
      "description": "International MOBA circuit.",
      "is_olympic": false,
      "created_at": "2025-01-15T10:18:00Z",
      "updated_at": "2025-01-15T10:18:00Z"
    }
  },
  {
    "model": "athletes.sportdiscipline",
    "pk": "55940b63-2075-4b8f-be62-31b4e2e27f55",
    "fields": {
      "sport": "b353afc9-37c3-4ee3-a067-cb40c0cb38f6",
      "name": "Valorant Champions",
      "slug": "valorant-champions",
      "description": "Global FPS circuit.",
      "is_olympic": false,
      "created_at": "2025-01-15T10:18:30Z",
      "updated_at": "2025-01-15T10:18:30Z"
    }
  },
  {
    "model": "athletes.sportdiscipline",
    "pk": "7b7e9c2d-2b0e-4fd0-88aa-e3c198f55c99",
    "fields": {
      "sport": "b353afc9-37c3-4ee3-a067-cb40c0cb38f6",
      "name": "Rocket League Major",
      "slug": "rocket-league-major",
      "description": "Hybrid motorsports esports event.",
      "is_olympic": false,
      "created_at": "2025-01-15T10:19:00Z",
      "updated_at": "2025-01-15T10:19:00Z"
    }
  },
  {
    "model": "athletes.sport",
    "pk": "1667419a-b296-4e37-9ea0-04380e7edada",
    "fields": {
      "name": "Surfing",
      "slug": "surfing",
      "emoji": "🏄",
      "category": "INDIVIDUAL",
      "created_at": "2025-01-15T10:19:00Z",
      "updated_at": "2025-01-15T10:19:00Z"
    }
  },
  {
    "model": "athletes.sportdiscipline",
    "pk": "f97d9007-2fed-42ec-b81c-1cdf64afb987",
    "fields": {
      "sport": "1667419a-b296-4e37-9ea0-04380e7edada",
      "name": "WSL Championship Tour",
      "slug": "wsl-championship-tour",
      "description": "Elite professional tour.",
      "is_olympic": false,
      "created_at": "2025-01-15T10:19:00Z",
      "updated_at": "2025-01-15T10:19:00Z"
    }
  },
  {
    "model": "athletes.sportdiscipline",
    "pk": "92a5bc71-f6ac-462c-bd48-f4e6009ffed2",
    "fields": {
      "sport": "1667419a-b296-4e37-9ea0-04380e7edada",
      "name": "Big Wave Invitational",
      "slug": "big-wave-invitational",
      "description": "Invite-only big wave event.",
      "is_olympic": false,
      "created_at": "2025-01-15T10:19:30Z",
      "updated_at": "2025-01-15T10:19:30Z"
    }
  },
  {
    "model": "athletes.sportdiscipline",
    "pk": "026c06b2-f80b-4616-8a73-17153ece29cb",
    "fields": {
      "sport": "1667419a-b296-4e37-9ea0-04380e7edada",
      "name": "Olympic Shortboard",
      "slug": "olympic-shortboard",
      "description": "Olympic surfing competition.",
      "is_olympic": true,
      "created_at": "2025-01-15T10:20:00Z",
      "updated_at": "2025-01-15T10:20:00Z"
    }
  },
  {
    "model": "users.user",
    "pk": "c56ee526-8565-483a-9b2c-6cbdf54b11b0",
    "fields": {
      "email": "alice.dupont@example.com",
      "first_name": "Alice",
      "last_name": "Dupont",
      "phone_country_code": "+33",
      "phone_number": "06000000",
      "date_of_birth": "1985-05-15",
      "email_verified": true,
      "password": "pbkdf2_sha256$600000$Nf1JSucDbGkFARSXcttRQD$N/J0GcH+3KSNcfsYbFAPOYHiphFBCpzC0eBVRYmllCA=",
      "password_hash": "pbkdf2_sha256$600000$Nf1JSucDbGkFARSXcttRQD$N/J0GcH+3KSNcfsYbFAPOYHiphFBCpzC0eBVRYmllCA=",
      "is_active": true,
      "is_staff": false,
      "account_type": "AGENT",
      "last_login": null,
      "created_at": "2025-01-15T10:00:00Z",
      "updated_at": "2025-01-15T10:00:00Z"
    }
  },
  {
    "model": "users.agentprofile",
    "pk": "bc9bf760-8f6c-478c-a7a9-c6bf9ebb65a6",
    "fields": {
      "user": "c56ee526-8565-483a-9b2c-6cbdf54b11b0",
      "display_name": "Alice Dupont",
      "bio": "Agent sportif expérimenté accompagnant des talents européens.",
      "is_self_represented": true,
      "created_at": "2025-01-15T10:15:00Z",
      "updated_at": "2025-01-15T10:15:00Z"
    }
  },
  {
    "model": "users.user",
    "pk": "dd93cad9-2733-471c-801e-35eab94533e3",
    "fields": {
      "email": "bruno.martin@example.com",
      "first_name": "Bruno",
      "last_name": "Martin",
      "phone_country_code": "+33",
      "phone_number": "06000001",
      "date_of_birth": "1985-05-15",
      "email_verified": true,
      "password": "pbkdf2_sha256$600000$Nf1JSucDbGkFARSXcttRQD$N/J0GcH+3KSNcfsYbFAPOYHiphFBCpzC0eBVRYmllCA=",
      "password_hash": "pbkdf2_sha256$600000$Nf1JSucDbGkFARSXcttRQD$N/J0GcH+3KSNcfsYbFAPOYHiphFBCpzC0eBVRYmllCA=",
      "is_active": true,
      "is_staff": false,
      "account_type": "AGENT",
      "last_login": null,
      "created_at": "2025-01-15T11:00:00Z",
      "updated_at": "2025-01-15T11:00:00Z"
    }
  },
  {
    "model": "users.agentprofile",
    "pk": "6f6a0c2a-2898-44bc-bc92-8e4273e3ba33",
    "fields": {
      "user": "dd93cad9-2733-471c-801e-35eab94533e3",
      "display_name": "Bruno Martin",
      "bio": "Agent sportif expérimenté accompagnant des talents européens.",
      "is_self_represented": true,
      "created_at": "2025-01-15T11:15:00Z",
      "updated_at": "2025-01-15T11:15:00Z"
    }
  },
  {
    "model": "users.user",
    "pk": "bbc7242a-ff49-4cb1-a3ef-a5d1eba2c814",
    "fields": {
      "email": "chloe.laurent@example.com",
      "first_name": "Chloé",
      "last_name": "Laurent",
      "phone_country_code": "+33",
      "phone_number": "06000002",
      "date_of_birth": "1985-05-15",
      "email_verified": true,
      "password": "pbkdf2_sha256$600000$Nf1JSucDbGkFARSXcttRQD$N/J0GcH+3KSNcfsYbFAPOYHiphFBCpzC0eBVRYmllCA=",
      "password_hash": "pbkdf2_sha256$600000$Nf1JSucDbGkFARSXcttRQD$N/J0GcH+3KSNcfsYbFAPOYHiphFBCpzC0eBVRYmllCA=",
      "is_active": true,
      "is_staff": false,
      "account_type": "AGENT",
      "last_login": null,
      "created_at": "2025-01-15T12:00:00Z",
      "updated_at": "2025-01-15T12:00:00Z"
    }
  },
  {
    "model": "users.agentprofile",
    "pk": "9dc59993-eccb-4193-9f2c-392c7ef888c0",
    "fields": {
      "user": "bbc7242a-ff49-4cb1-a3ef-a5d1eba2c814",
      "display_name": "Chloé Laurent",
      "bio": "Agent sportif expérimenté accompagnant des talents européens.",
      "is_self_represented": true,
      "created_at": "2025-01-15T12:15:00Z",
      "updated_at": "2025-01-15T12:15:00Z"
    }
  },
  {
    "model": "users.user",
    "pk": "20dfe8ac-b228-4463-a0df-803f0bd46d3d",
    "fields": {
      "email": "david.bernard@example.com",
      "first_name": "David",
      "last_name": "Bernard",
      "phone_country_code": "+33",
      "phone_number": "06000003",
      "date_of_birth": "1985-05-15",
      "email_verified": true,
      "password": "pbkdf2_sha256$600000$Nf1JSucDbGkFARSXcttRQD$N/J0GcH+3KSNcfsYbFAPOYHiphFBCpzC0eBVRYmllCA=",
      "password_hash": "pbkdf2_sha256$600000$Nf1JSucDbGkFARSXcttRQD$N/J0GcH+3KSNcfsYbFAPOYHiphFBCpzC0eBVRYmllCA=",
      "is_active": true,
      "is_staff": false,
      "account_type": "AGENT",
      "last_login": null,
      "created_at": "2025-01-15T13:00:00Z",
      "updated_at": "2025-01-15T13:00:00Z"
    }
  },
  {
    "model": "users.agentprofile",
    "pk": "d60c13e5-0a57-4225-956e-cc132b0e819c",
    "fields": {
      "user": "20dfe8ac-b228-4463-a0df-803f0bd46d3d",
      "display_name": "David Bernard",
      "bio": "Agent sportif expérimenté accompagnant des talents européens.",
      "is_self_represented": true,
      "created_at": "2025-01-15T13:15:00Z",
      "updated_at": "2025-01-15T13:15:00Z"
    }
  },
  {
    "model": "users.user",
    "pk": "8fa34555-4266-43af-aa0a-205d6e54ed25",
    "fields": {
      "email": "emma.girard@example.com",
      "first_name": "Emma",
      "last_name": "Girard",
      "phone_country_code": "+33",
      "phone_number": "06000004",
      "date_of_birth": "1985-05-15",
      "email_verified": true,
      "password": "pbkdf2_sha256$600000$Nf1JSucDbGkFARSXcttRQD$N/J0GcH+3KSNcfsYbFAPOYHiphFBCpzC0eBVRYmllCA=",
      "password_hash": "pbkdf2_sha256$600000$Nf1JSucDbGkFARSXcttRQD$N/J0GcH+3KSNcfsYbFAPOYHiphFBCpzC0eBVRYmllCA=",
      "is_active": true,
      "is_staff": false,
      "account_type": "AGENT",
      "last_login": null,
      "created_at": "2025-01-15T14:00:00Z",
      "updated_at": "2025-01-15T14:00:00Z"
    }
  },
  {
    "model": "users.agentprofile",
    "pk": "65ffe6f9-4ae0-40ae-a57f-eb480e50b4e8",
    "fields": {
      "user": "8fa34555-4266-43af-aa0a-205d6e54ed25",
      "display_name": "Emma Girard",
      "bio": "Agent sportif expérimenté accompagnant des talents européens.",
      "is_self_represented": true,
      "created_at": "2025-01-15T14:15:00Z",
      "updated_at": "2025-01-15T14:15:00Z"
    }
  },
  {
    "model": "users.user",
    "pk": "1e5033c6-d6f9-4229-a7f3-f884408ba8d0",
    "fields": {
      "email": "fabien.moreau@example.com",
      "first_name": "Fabien",
      "last_name": "Moreau",
      "phone_country_code": "+33",
      "phone_number": "06000005",
      "date_of_birth": "1985-05-15",
      "email_verified": true,
      "password": "pbkdf2_sha256$600000$Nf1JSucDbGkFARSXcttRQD$N/J0GcH+3KSNcfsYbFAPOYHiphFBCpzC0eBVRYmllCA=",
      "password_hash": "pbkdf2_sha256$600000$Nf1JSucDbGkFARSXcttRQD$N/J0GcH+3KSNcfsYbFAPOYHiphFBCpzC0eBVRYmllCA=",
      "is_active": true,
      "is_staff": false,
      "account_type": "AGENT",
      "last_login": null,
      "created_at": "2025-01-15T15:00:00Z",
      "updated_at": "2025-01-15T15:00:00Z"
    }
  },
  {
    "model": "users.agentprofile",
    "pk": "59facb79-1f1b-408b-9a95-37748122ed5d",
    "fields": {
      "user": "1e5033c6-d6f9-4229-a7f3-f884408ba8d0",
      "display_name": "Fabien Moreau",
      "bio": "Agent sportif expérimenté accompagnant des talents européens.",
      "is_self_represented": true,
      "created_at": "2025-01-15T15:15:00Z",
      "updated_at": "2025-01-15T15:15:00Z"
    }
  },
  {
    "model": "users.user",
    "pk": "1b943277-de32-46f2-b0c6-26e43bb55bae",
    "fields": {
      "email": "gaelle.robert@example.com",
      "first_name": "Gaëlle",
      "last_name": "Robert",
      "phone_country_code": "+33",
      "phone_number": "06000006",
      "date_of_birth": "1985-05-15",
      "email_verified": true,
      "password": "pbkdf2_sha256$600000$Nf1JSucDbGkFARSXcttRQD$N/J0GcH+3KSNcfsYbFAPOYHiphFBCpzC0eBVRYmllCA=",
      "password_hash": "pbkdf2_sha256$600000$Nf1JSucDbGkFARSXcttRQD$N/J0GcH+3KSNcfsYbFAPOYHiphFBCpzC0eBVRYmllCA=",
      "is_active": true,
      "is_staff": false,
      "account_type": "AGENT",
      "last_login": null,
      "created_at": "2025-01-15T16:00:00Z",
      "updated_at": "2025-01-15T16:00:00Z"
    }
  },
  {
    "model": "users.agentprofile",
    "pk": "01c8989d-fca3-42be-b8d1-e647aee7cd5c",
    "fields": {
      "user": "1b943277-de32-46f2-b0c6-26e43bb55bae",
      "display_name": "Gaëlle Robert",
      "bio": "Agent sportif expérimenté accompagnant des talents européens.",
      "is_self_represented": true,
      "created_at": "2025-01-15T16:15:00Z",
      "updated_at": "2025-01-15T16:15:00Z"
    }
  },
  {
    "model": "users.user",
    "pk": "3c87571c-717b-419d-8876-ebafa9b5e848",
    "fields": {
      "email": "hugo.petit@example.com",
      "first_name": "Hugo",
      "last_name": "Petit",
      "phone_country_code": "+33",
      "phone_number": "06000007",
      "date_of_birth": "1985-05-15",
      "email_verified": true,
      "password": "pbkdf2_sha256$600000$Nf1JSucDbGkFARSXcttRQD$N/J0GcH+3KSNcfsYbFAPOYHiphFBCpzC0eBVRYmllCA=",
      "password_hash": "pbkdf2_sha256$600000$Nf1JSucDbGkFARSXcttRQD$N/J0GcH+3KSNcfsYbFAPOYHiphFBCpzC0eBVRYmllCA=",
      "is_active": true,
      "is_staff": false,
      "account_type": "AGENT",
      "last_login": null,
      "created_at": "2025-01-15T17:00:00Z",
      "updated_at": "2025-01-15T17:00:00Z"
    }
  },
  {
    "model": "users.agentprofile",
    "pk": "3f17984b-9fdc-47a7-bf72-a7d37d6aa5cf",
    "fields": {
      "user": "3c87571c-717b-419d-8876-ebafa9b5e848",
      "display_name": "Hugo Petit",
      "bio": "Agent sportif expérimenté accompagnant des talents européens.",
      "is_self_represented": false,
      "created_at": "2025-01-15T17:15:00Z",
      "updated_at": "2025-01-15T17:15:00Z"
    }
  },
  {
    "model": "users.user",
    "pk": "b46430f1-2093-4dff-84d2-7fe2d21efa2c",
    "fields": {
      "email": "isabelle.lefevre@example.com",
      "first_name": "Isabelle",
      "last_name": "Lefevre",
      "phone_country_code": "+33",
      "phone_number": "06000008",
      "date_of_birth": "1985-05-15",
      "email_verified": true,
      "password": "pbkdf2_sha256$600000$Nf1JSucDbGkFARSXcttRQD$N/J0GcH+3KSNcfsYbFAPOYHiphFBCpzC0eBVRYmllCA=",
      "password_hash": "pbkdf2_sha256$600000$Nf1JSucDbGkFARSXcttRQD$N/J0GcH+3KSNcfsYbFAPOYHiphFBCpzC0eBVRYmllCA=",
      "is_active": true,
      "is_staff": false,
      "account_type": "AGENT",
      "last_login": null,
      "created_at": "2025-01-15T18:00:00Z",
      "updated_at": "2025-01-15T18:00:00Z"
    }
  },
  {
    "model": "users.agentprofile",
    "pk": "9dde7ee5-59cc-4ce4-91fa-7c281cd8d663",
    "fields": {
      "user": "b46430f1-2093-4dff-84d2-7fe2d21efa2c",
      "display_name": "Isabelle Lefevre",
      "bio": "Agent sportif expérimenté accompagnant des talents européens.",
      "is_self_represented": false,
      "created_at": "2025-01-15T18:15:00Z",
      "updated_at": "2025-01-15T18:15:00Z"
    }
  },
  {
    "model": "users.user",
    "pk": "f943d3bf-2e44-4634-b33c-1a30740f0d56",
    "fields": {
      "email": "julien.caron@example.com",
      "first_name": "Julien",
      "last_name": "Caron",
      "phone_country_code": "+33",
      "phone_number": "06000009",
      "date_of_birth": "1985-05-15",
      "email_verified": true,
      "password": "pbkdf2_sha256$600000$Nf1JSucDbGkFARSXcttRQD$N/J0GcH+3KSNcfsYbFAPOYHiphFBCpzC0eBVRYmllCA=",
      "password_hash": "pbkdf2_sha256$600000$Nf1JSucDbGkFARSXcttRQD$N/J0GcH+3KSNcfsYbFAPOYHiphFBCpzC0eBVRYmllCA=",
      "is_active": true,
      "is_staff": false,
      "account_type": "AGENT",
      "last_login": null,
      "created_at": "2025-01-15T19:00:00Z",
      "updated_at": "2025-01-15T19:00:00Z"
    }
  },
  {
    "model": "users.agentprofile",
    "pk": "102dd21e-12bb-43b9-b0de-2d41e8b7afcf",
    "fields": {
      "user": "f943d3bf-2e44-4634-b33c-1a30740f0d56",
      "display_name": "Julien Caron",
      "bio": "Agent sportif expérimenté accompagnant des talents européens.",
      "is_self_represented": false,
      "created_at": "2025-01-15T19:15:00Z",
      "updated_at": "2025-01-15T19:15:00Z"
    }
  },
  {
    "model": "users.user",
    "pk": "eb18f4af-e080-4539-baa8-e37fcc29a56a",
    "fields": {
      "email": "karim.leroy@example.com",
      "first_name": "Karim",
      "last_name": "Leroy",
      "phone_country_code": "+33",
      "phone_number": "06000010",
      "date_of_birth": "1985-05-15",
      "email_verified": true,
      "password": "pbkdf2_sha256$600000$Nf1JSucDbGkFARSXcttRQD$N/J0GcH+3KSNcfsYbFAPOYHiphFBCpzC0eBVRYmllCA=",
      "password_hash": "pbkdf2_sha256$600000$Nf1JSucDbGkFARSXcttRQD$N/J0GcH+3KSNcfsYbFAPOYHiphFBCpzC0eBVRYmllCA=",
      "is_active": true,
      "is_staff": false,
      "account_type": "AGENT",
      "last_login": null,
      "created_at": "2025-01-15T20:00:00Z",
      "updated_at": "2025-01-15T20:00:00Z"
    }
  },
  {
    "model": "users.agentprofile",
    "pk": "fec85a0a-f4a9-44db-8b95-9a5e22b789d5",
    "fields": {
      "user": "eb18f4af-e080-4539-baa8-e37fcc29a56a",
      "display_name": "Karim Leroy",
      "bio": "Agent sportif expérimenté accompagnant des talents européens.",
      "is_self_represented": false,
      "created_at": "2025-01-15T20:15:00Z",
      "updated_at": "2025-01-15T20:15:00Z"
    }
  },
  {
    "model": "users.user",
    "pk": "3f8b0e14-2e69-469c-a040-c8da0645eae2",
    "fields": {
      "email": "laura.fontaine@example.com",
      "first_name": "Laura",
      "last_name": "Fontaine",
      "phone_country_code": "+33",
      "phone_number": "06000011",
      "date_of_birth": "1985-05-15",
      "email_verified": true,
      "password": "pbkdf2_sha256$600000$Nf1JSucDbGkFARSXcttRQD$N/J0GcH+3KSNcfsYbFAPOYHiphFBCpzC0eBVRYmllCA=",
      "password_hash": "pbkdf2_sha256$600000$Nf1JSucDbGkFARSXcttRQD$N/J0GcH+3KSNcfsYbFAPOYHiphFBCpzC0eBVRYmllCA=",
      "is_active": true,
      "is_staff": false,
      "account_type": "AGENT",
      "last_login": null,
      "created_at": "2025-01-15T21:00:00Z",
      "updated_at": "2025-01-15T21:00:00Z"
    }
  },
  {
    "model": "users.agentprofile",
    "pk": "28101416-ab73-4d8e-827b-f7aee6591103",
    "fields": {
      "user": "3f8b0e14-2e69-469c-a040-c8da0645eae2",
      "display_name": "Laura Fontaine",
      "bio": "Agent sportif expérimenté accompagnant des talents européens.",
      "is_self_represented": false,
      "created_at": "2025-01-15T21:15:00Z",
      "updated_at": "2025-01-15T21:15:00Z"
    }
  },
  {
    "model": "users.user",
    "pk": "8f3db876-787e-4d2e-9c75-9b9647698a04",
    "fields": {
      "email": "mathieu.perrin@example.com",
      "first_name": "Mathieu",
      "last_name": "Perrin",
      "phone_country_code": "+33",
      "phone_number": "06000012",
      "date_of_birth": "1985-05-15",
      "email_verified": true,
      "password": "pbkdf2_sha256$600000$Nf1JSucDbGkFARSXcttRQD$N/J0GcH+3KSNcfsYbFAPOYHiphFBCpzC0eBVRYmllCA=",
      "password_hash": "pbkdf2_sha256$600000$Nf1JSucDbGkFARSXcttRQD$N/J0GcH+3KSNcfsYbFAPOYHiphFBCpzC0eBVRYmllCA=",
      "is_active": true,
      "is_staff": false,
      "account_type": "AGENT",
      "last_login": null,
      "created_at": "2025-01-15T22:00:00Z",
      "updated_at": "2025-01-15T22:00:00Z"
    }
  },
  {
    "model": "users.agentprofile",
    "pk": "f55c1ba3-ffe7-4475-8803-1589a902431a",
    "fields": {
      "user": "8f3db876-787e-4d2e-9c75-9b9647698a04",
      "display_name": "Mathieu Perrin",
      "bio": "Agent sportif expérimenté accompagnant des talents européens.",
      "is_self_represented": false,
      "created_at": "2025-01-15T22:15:00Z",
      "updated_at": "2025-01-15T22:15:00Z"
    }
  },
  {
    "model": "users.user",
    "pk": "9fd93771-42aa-4b16-8d81-67e6e41a703f",
    "fields": {
      "email": "nadia.roche@example.com",
      "first_name": "Nadia",
      "last_name": "Roche",
      "phone_country_code": "+33",
      "phone_number": "06000013",
      "date_of_birth": "1985-05-15",
      "email_verified": true,
      "password": "pbkdf2_sha256$600000$Nf1JSucDbGkFARSXcttRQD$N/J0GcH+3KSNcfsYbFAPOYHiphFBCpzC0eBVRYmllCA=",
      "password_hash": "pbkdf2_sha256$600000$Nf1JSucDbGkFARSXcttRQD$N/J0GcH+3KSNcfsYbFAPOYHiphFBCpzC0eBVRYmllCA=",
      "is_active": true,
      "is_staff": false,
      "account_type": "AGENT",
      "last_login": null,
      "created_at": "2025-01-15T23:00:00Z",
      "updated_at": "2025-01-15T23:00:00Z"
    }
  },
  {
    "model": "users.agentprofile",
    "pk": "8fd88bd4-5294-4006-98b9-943057560bfe",
    "fields": {
      "user": "9fd93771-42aa-4b16-8d81-67e6e41a703f",
      "display_name": "Nadia Roche",
      "bio": "Agent sportif expérimenté accompagnant des talents européens.",
      "is_self_represented": false,
      "created_at": "2025-01-15T23:15:00Z",
      "updated_at": "2025-01-15T23:15:00Z"
    }
  },
  {
    "model": "users.user",
    "pk": "656fdf98-8dac-4afc-ba7a-f12abf6f8ba5",
    "fields": {
      "email": "olivier.lemaitre@example.com",
      "first_name": "Olivier",
      "last_name": "Lemaitre",
      "phone_country_code": "+33",
      "phone_number": "06000014",
      "date_of_birth": "1985-05-15",
      "email_verified": true,
      "password": "pbkdf2_sha256$600000$Nf1JSucDbGkFARSXcttRQD$N/J0GcH+3KSNcfsYbFAPOYHiphFBCpzC0eBVRYmllCA=",
      "password_hash": "pbkdf2_sha256$600000$Nf1JSucDbGkFARSXcttRQD$N/J0GcH+3KSNcfsYbFAPOYHiphFBCpzC0eBVRYmllCA=",
      "is_active": true,
      "is_staff": false,
      "account_type": "AGENT",
      "last_login": null,
      "created_at": "2025-01-16T00:00:00Z",
      "updated_at": "2025-01-16T00:00:00Z"
    }
  },
  {
    "model": "users.agentprofile",
    "pk": "82d4fc29-c6d1-4ec1-aecc-f2e670cfaaa7",
    "fields": {
      "user": "656fdf98-8dac-4afc-ba7a-f12abf6f8ba5",
      "display_name": "Olivier Lemaitre",
      "bio": "Agent sportif expérimenté accompagnant des talents européens.",
      "is_self_represented": false,
      "created_at": "2025-01-16T00:15:00Z",
      "updated_at": "2025-01-16T00:15:00Z"
    }
  },
  {
    "model": "users.user",
    "pk": "9f73e587-0f41-418c-8db6-1e8ed5d267a8",
    "fields": {
      "email": "pauline.marchand@example.com",
      "first_name": "Pauline",
      "last_name": "Marchand",
      "phone_country_code": "+33",
      "phone_number": "06000015",
      "date_of_birth": "1985-05-15",
      "email_verified": true,
      "password": "pbkdf2_sha256$600000$Nf1JSucDbGkFARSXcttRQD$N/J0GcH+3KSNcfsYbFAPOYHiphFBCpzC0eBVRYmllCA=",
      "password_hash": "pbkdf2_sha256$600000$Nf1JSucDbGkFARSXcttRQD$N/J0GcH+3KSNcfsYbFAPOYHiphFBCpzC0eBVRYmllCA=",
      "is_active": true,
      "is_staff": false,
      "account_type": "AGENT",
      "last_login": null,
      "created_at": "2025-01-16T01:00:00Z",
      "updated_at": "2025-01-16T01:00:00Z"
    }
  },
  {
    "model": "users.agentprofile",
    "pk": "03c6cfb4-1c53-4441-9232-ec8daa32adc7",
    "fields": {
      "user": "9f73e587-0f41-418c-8db6-1e8ed5d267a8",
      "display_name": "Pauline Marchand",
      "bio": "Agent sportif expérimenté accompagnant des talents européens.",
      "is_self_represented": false,
      "created_at": "2025-01-16T01:15:00Z",
      "updated_at": "2025-01-16T01:15:00Z"
    }
  },
  {
    "model": "users.user",
    "pk": "3cd9d0b7-9efe-4af4-b36b-15f3218fc516",
    "fields": {
      "email": "quentin.blanchard@example.com",
      "first_name": "Quentin",
      "last_name": "Blanchard",
      "phone_country_code": "+33",
      "phone_number": "06000016",
      "date_of_birth": "1985-05-15",
      "email_verified": true,
      "password": "pbkdf2_sha256$600000$Nf1JSucDbGkFARSXcttRQD$N/J0GcH+3KSNcfsYbFAPOYHiphFBCpzC0eBVRYmllCA=",
      "password_hash": "pbkdf2_sha256$600000$Nf1JSucDbGkFARSXcttRQD$N/J0GcH+3KSNcfsYbFAPOYHiphFBCpzC0eBVRYmllCA=",
      "is_active": true,
      "is_staff": false,
      "account_type": "AGENT",
      "last_login": null,
      "created_at": "2025-01-16T02:00:00Z",
      "updated_at": "2025-01-16T02:00:00Z"
    }
  },
  {
    "model": "users.agentprofile",
    "pk": "6b397967-35fe-4748-8311-cc078557f7e4",
    "fields": {
      "user": "3cd9d0b7-9efe-4af4-b36b-15f3218fc516",
      "display_name": "Quentin Blanchard",
      "bio": "Agent sportif expérimenté accompagnant des talents européens.",
      "is_self_represented": false,
      "created_at": "2025-01-16T02:15:00Z",
      "updated_at": "2025-01-16T02:15:00Z"
    }
  },
  {
    "model": "users.user",
    "pk": "e16793e2-5936-4ac6-88d6-c59f93e66fec",
    "fields": {
      "email": "romain.allard@example.com",
      "first_name": "Romain",
      "last_name": "Allard",
      "phone_country_code": "+33",
      "phone_number": "06000017",
      "date_of_birth": "1985-05-15",
      "email_verified": true,
      "password": "pbkdf2_sha256$600000$Nf1JSucDbGkFARSXcttRQD$N/J0GcH+3KSNcfsYbFAPOYHiphFBCpzC0eBVRYmllCA=",
      "password_hash": "pbkdf2_sha256$600000$Nf1JSucDbGkFARSXcttRQD$N/J0GcH+3KSNcfsYbFAPOYHiphFBCpzC0eBVRYmllCA=",
      "is_active": true,
      "is_staff": false,
      "account_type": "AGENT",
      "last_login": null,
      "created_at": "2025-01-16T03:00:00Z",
      "updated_at": "2025-01-16T03:00:00Z"
    }
  },
  {
    "model": "users.agentprofile",
    "pk": "14c403a9-2d66-4a75-846f-c5b75fa452e9",
    "fields": {
      "user": "e16793e2-5936-4ac6-88d6-c59f93e66fec",
      "display_name": "Romain Allard",
      "bio": "Agent sportif expérimenté accompagnant des talents européens.",
      "is_self_represented": false,
      "created_at": "2025-01-16T03:15:00Z",
      "updated_at": "2025-01-16T03:15:00Z"
    }
  },
  {
    "model": "users.user",
    "pk": "ff893f38-878a-44d2-8563-bd8ae4b7775b",
    "fields": {
      "email": "sophie.garnier@example.com",
      "first_name": "Sophie",
      "last_name": "Garnier",
      "phone_country_code": "+33",
      "phone_number": "06000018",
      "date_of_birth": "1985-05-15",
      "email_verified": true,
      "password": "pbkdf2_sha256$600000$Nf1JSucDbGkFARSXcttRQD$N/J0GcH+3KSNcfsYbFAPOYHiphFBCpzC0eBVRYmllCA=",
      "password_hash": "pbkdf2_sha256$600000$Nf1JSucDbGkFARSXcttRQD$N/J0GcH+3KSNcfsYbFAPOYHiphFBCpzC0eBVRYmllCA=",
      "is_active": true,
      "is_staff": false,
      "account_type": "AGENT",
      "last_login": null,
      "created_at": "2025-01-16T04:00:00Z",
      "updated_at": "2025-01-16T04:00:00Z"
    }
  },
  {
    "model": "users.agentprofile",
    "pk": "1e80f69b-61fe-4144-a7fd-0ece2b82be48",
    "fields": {
      "user": "ff893f38-878a-44d2-8563-bd8ae4b7775b",
      "display_name": "Sophie Garnier",
      "bio": "Agent sportif expérimenté accompagnant des talents européens.",
      "is_self_represented": false,
      "created_at": "2025-01-16T04:15:00Z",
      "updated_at": "2025-01-16T04:15:00Z"
    }
  },
  {
    "model": "users.user",
    "pk": "c302e5cf-ffdc-4771-8aaf-9ec731a2d82b",
    "fields": {
      "email": "thomas.barbier@example.com",
      "first_name": "Thomas",
      "last_name": "Barbier",
      "phone_country_code": "+33",
      "phone_number": "06000019",
      "date_of_birth": "1985-05-15",
      "email_verified": true,
      "password": "pbkdf2_sha256$600000$Nf1JSucDbGkFARSXcttRQD$N/J0GcH+3KSNcfsYbFAPOYHiphFBCpzC0eBVRYmllCA=",
      "password_hash": "pbkdf2_sha256$600000$Nf1JSucDbGkFARSXcttRQD$N/J0GcH+3KSNcfsYbFAPOYHiphFBCpzC0eBVRYmllCA=",
      "is_active": true,
      "is_staff": false,
      "account_type": "AGENT",
      "last_login": null,
      "created_at": "2025-01-16T05:00:00Z",
      "updated_at": "2025-01-16T05:00:00Z"
    }
  },
  {
    "model": "users.agentprofile",
    "pk": "7bcf01ed-f168-4bd9-8f39-a22ddb17d744",
    "fields": {
      "user": "c302e5cf-ffdc-4771-8aaf-9ec731a2d82b",
      "display_name": "Thomas Barbier",
      "bio": "Agent sportif expérimenté accompagnant des talents européens.",
      "is_self_represented": false,
      "created_at": "2025-01-16T05:15:00Z",
      "updated_at": "2025-01-16T05:15:00Z"
    }
  },
  {
    "model": "users.user",
    "pk": "97765744-cce2-45e7-af11-3a2771d06785",
    "fields": {
      "email": "amelie.boucher@brands.example.com",
      "first_name": "Amélie",
      "last_name": "Boucher",
      "phone_country_code": "+33",
      "phone_number": "07000000",
      "date_of_birth": "1990-04-20",
      "email_verified": true,
      "password": "pbkdf2_sha256$600000$Nf1JSucDbGkFARSXcttRQD$N/J0GcH+3KSNcfsYbFAPOYHiphFBCpzC0eBVRYmllCA=",
      "password_hash": "pbkdf2_sha256$600000$Nf1JSucDbGkFARSXcttRQD$N/J0GcH+3KSNcfsYbFAPOYHiphFBCpzC0eBVRYmllCA=",
      "is_active": true,
      "is_staff": false,
      "account_type": "COLLABORATOR",
      "last_login": null,
      "created_at": "2025-01-16T16:00:00Z",
      "updated_at": "2025-01-16T16:00:00Z"
    }
  },
  {
    "model": "users.user",
    "pk": "ceda63b9-0673-4903-a087-fa09e38f2b13",
    "fields": {
      "email": "bastien.renard@brands.example.com",
      "first_name": "Bastien",
      "last_name": "Renard",
      "phone_country_code": "+33",
      "phone_number": "07000001",
      "date_of_birth": "1990-04-20",
      "email_verified": true,
      "password": "pbkdf2_sha256$600000$Nf1JSucDbGkFARSXcttRQD$N/J0GcH+3KSNcfsYbFAPOYHiphFBCpzC0eBVRYmllCA=",
      "password_hash": "pbkdf2_sha256$600000$Nf1JSucDbGkFARSXcttRQD$N/J0GcH+3KSNcfsYbFAPOYHiphFBCpzC0eBVRYmllCA=",
      "is_active": true,
      "is_staff": false,
      "account_type": "COLLABORATOR",
      "last_login": null,
      "created_at": "2025-01-16T17:00:00Z",
      "updated_at": "2025-01-16T17:00:00Z"
    }
  },
  {
    "model": "users.user",
    "pk": "bd8ae668-d127-4582-b1b9-ca78195192e4",
    "fields": {
      "email": "camille.lopez@brands.example.com",
      "first_name": "Camille",
      "last_name": "Lopez",
      "phone_country_code": "+33",
      "phone_number": "07000002",
      "date_of_birth": "1990-04-20",
      "email_verified": true,
      "password": "pbkdf2_sha256$600000$Nf1JSucDbGkFARSXcttRQD$N/J0GcH+3KSNcfsYbFAPOYHiphFBCpzC0eBVRYmllCA=",
      "password_hash": "pbkdf2_sha256$600000$Nf1JSucDbGkFARSXcttRQD$N/J0GcH+3KSNcfsYbFAPOYHiphFBCpzC0eBVRYmllCA=",
      "is_active": true,
      "is_staff": false,
      "account_type": "COLLABORATOR",
      "last_login": null,
      "created_at": "2025-01-16T18:00:00Z",
      "updated_at": "2025-01-16T18:00:00Z"
    }
  },
  {
    "model": "users.user",
    "pk": "c453f853-7936-4c5e-9677-ecaa3bd251ae",
    "fields": {
      "email": "damien.giraud@brands.example.com",
      "first_name": "Damien",
      "last_name": "Giraud",
      "phone_country_code": "+33",
      "phone_number": "07000003",
      "date_of_birth": "1990-04-20",
      "email_verified": true,
      "password": "pbkdf2_sha256$600000$Nf1JSucDbGkFARSXcttRQD$N/J0GcH+3KSNcfsYbFAPOYHiphFBCpzC0eBVRYmllCA=",
      "password_hash": "pbkdf2_sha256$600000$Nf1JSucDbGkFARSXcttRQD$N/J0GcH+3KSNcfsYbFAPOYHiphFBCpzC0eBVRYmllCA=",
      "is_active": true,
      "is_staff": false,
      "account_type": "COLLABORATOR",
      "last_login": null,
      "created_at": "2025-01-16T19:00:00Z",
      "updated_at": "2025-01-16T19:00:00Z"
    }
  },
  {
    "model": "users.user",
    "pk": "3afde4ed-1436-4289-b774-117783b9943f",
    "fields": {
      "email": "elise.morel@brands.example.com",
      "first_name": "Elise",
      "last_name": "Morel",
      "phone_country_code": "+33",
      "phone_number": "07000004",
      "date_of_birth": "1990-04-20",
      "email_verified": true,
      "password": "pbkdf2_sha256$600000$Nf1JSucDbGkFARSXcttRQD$N/J0GcH+3KSNcfsYbFAPOYHiphFBCpzC0eBVRYmllCA=",
      "password_hash": "pbkdf2_sha256$600000$Nf1JSucDbGkFARSXcttRQD$N/J0GcH+3KSNcfsYbFAPOYHiphFBCpzC0eBVRYmllCA=",
      "is_active": true,
      "is_staff": false,
      "account_type": "COLLABORATOR",
      "last_login": null,
      "created_at": "2025-01-16T20:00:00Z",
      "updated_at": "2025-01-16T20:00:00Z"
    }
  },
  {
    "model": "users.user",
    "pk": "3181fd65-c3ab-40cd-bc86-9cef89fdce11",
    "fields": {
      "email": "florian.rousseau@brands.example.com",
      "first_name": "Florian",
      "last_name": "Rousseau",
      "phone_country_code": "+33",
      "phone_number": "07000005",
      "date_of_birth": "1990-04-20",
      "email_verified": true,
      "password": "pbkdf2_sha256$600000$Nf1JSucDbGkFARSXcttRQD$N/J0GcH+3KSNcfsYbFAPOYHiphFBCpzC0eBVRYmllCA=",
      "password_hash": "pbkdf2_sha256$600000$Nf1JSucDbGkFARSXcttRQD$N/J0GcH+3KSNcfsYbFAPOYHiphFBCpzC0eBVRYmllCA=",
      "is_active": true,
      "is_staff": false,
      "account_type": "COLLABORATOR",
      "last_login": null,
      "created_at": "2025-01-16T21:00:00Z",
      "updated_at": "2025-01-16T21:00:00Z"
    }
  },
  {
    "model": "users.user",
    "pk": "ff9ea03d-6182-4594-b19c-b956bb4e3d43",
    "fields": {
      "email": "geraldine.fabre@brands.example.com",
      "first_name": "Géraldine",
      "last_name": "Fabre",
      "phone_country_code": "+33",
      "phone_number": "07000006",
      "date_of_birth": "1990-04-20",
      "email_verified": true,
      "password": "pbkdf2_sha256$600000$Nf1JSucDbGkFARSXcttRQD$N/J0GcH+3KSNcfsYbFAPOYHiphFBCpzC0eBVRYmllCA=",
      "password_hash": "pbkdf2_sha256$600000$Nf1JSucDbGkFARSXcttRQD$N/J0GcH+3KSNcfsYbFAPOYHiphFBCpzC0eBVRYmllCA=",
      "is_active": true,
      "is_staff": false,
      "account_type": "COLLABORATOR",
      "last_login": null,
      "created_at": "2025-01-16T22:00:00Z",
      "updated_at": "2025-01-16T22:00:00Z"
    }
  },
  {
    "model": "users.user",
    "pk": "2d83e948-29ce-43b1-85c7-e83eb86ae11a",
    "fields": {
      "email": "helene.marchal@brands.example.com",
      "first_name": "Hélène",
      "last_name": "Marchal",
      "phone_country_code": "+33",
      "phone_number": "07000007",
      "date_of_birth": "1990-04-20",
      "email_verified": true,
      "password": "pbkdf2_sha256$600000$Nf1JSucDbGkFARSXcttRQD$N/J0GcH+3KSNcfsYbFAPOYHiphFBCpzC0eBVRYmllCA=",
      "password_hash": "pbkdf2_sha256$600000$Nf1JSucDbGkFARSXcttRQD$N/J0GcH+3KSNcfsYbFAPOYHiphFBCpzC0eBVRYmllCA=",
      "is_active": true,
      "is_staff": false,
      "account_type": "COLLABORATOR",
      "last_login": null,
      "created_at": "2025-01-16T23:00:00Z",
      "updated_at": "2025-01-16T23:00:00Z"
    }
  },
  {
    "model": "users.user",
    "pk": "882c57e9-76eb-4b01-8762-b00fcb0b35e8",
    "fields": {
      "email": "ines.baron@brands.example.com",
      "first_name": "Inès",
      "last_name": "Baron",
      "phone_country_code": "+33",
      "phone_number": "07000008",
      "date_of_birth": "1990-04-20",
      "email_verified": true,
      "password": "pbkdf2_sha256$600000$Nf1JSucDbGkFARSXcttRQD$N/J0GcH+3KSNcfsYbFAPOYHiphFBCpzC0eBVRYmllCA=",
      "password_hash": "pbkdf2_sha256$600000$Nf1JSucDbGkFARSXcttRQD$N/J0GcH+3KSNcfsYbFAPOYHiphFBCpzC0eBVRYmllCA=",
      "is_active": true,
      "is_staff": false,
      "account_type": "COLLABORATOR",
      "last_login": null,
      "created_at": "2025-01-17T00:00:00Z",
      "updated_at": "2025-01-17T00:00:00Z"
    }
  },
  {
    "model": "users.user",
    "pk": "dcf8ebde-99bf-41b0-9175-7731f2bc6f28",
    "fields": {
      "email": "jules.dupuis@brands.example.com",
      "first_name": "Jules",
      "last_name": "Dupuis",
      "phone_country_code": "+33",
      "phone_number": "07000009",
      "date_of_birth": "1990-04-20",
      "email_verified": true,
      "password": "pbkdf2_sha256$600000$Nf1JSucDbGkFARSXcttRQD$N/J0GcH+3KSNcfsYbFAPOYHiphFBCpzC0eBVRYmllCA=",
      "password_hash": "pbkdf2_sha256$600000$Nf1JSucDbGkFARSXcttRQD$N/J0GcH+3KSNcfsYbFAPOYHiphFBCpzC0eBVRYmllCA=",
      "is_active": true,
      "is_staff": false,
      "account_type": "COLLABORATOR",
      "last_login": null,
      "created_at": "2025-01-17T01:00:00Z",
      "updated_at": "2025-01-17T01:00:00Z"
    }
  },
  {
    "model": "users.user",
    "pk": "035589d8-a2c5-4803-ba93-9d44e05bdceb",
    "fields": {
      "email": "katia.jourdan@brands.example.com",
      "first_name": "Katia",
      "last_name": "Jourdan",
      "phone_country_code": "+33",
      "phone_number": "07000010",
      "date_of_birth": "1990-04-20",
      "email_verified": true,
      "password": "pbkdf2_sha256$600000$Nf1JSucDbGkFARSXcttRQD$N/J0GcH+3KSNcfsYbFAPOYHiphFBCpzC0eBVRYmllCA=",
      "password_hash": "pbkdf2_sha256$600000$Nf1JSucDbGkFARSXcttRQD$N/J0GcH+3KSNcfsYbFAPOYHiphFBCpzC0eBVRYmllCA=",
      "is_active": true,
      "is_staff": false,
      "account_type": "COLLABORATOR",
      "last_login": null,
      "created_at": "2025-01-17T02:00:00Z",
      "updated_at": "2025-01-17T02:00:00Z"
    }
  },
  {
    "model": "users.user",
    "pk": "7a6b7b57-d91d-4aa8-a881-744398f40ea5",
    "fields": {
      "email": "louis.marin@brands.example.com",
      "first_name": "Louis",
      "last_name": "Marin",
      "phone_country_code": "+33",
      "phone_number": "07000011",
      "date_of_birth": "1990-04-20",
      "email_verified": true,
      "password": "pbkdf2_sha256$600000$Nf1JSucDbGkFARSXcttRQD$N/J0GcH+3KSNcfsYbFAPOYHiphFBCpzC0eBVRYmllCA=",
      "password_hash": "pbkdf2_sha256$600000$Nf1JSucDbGkFARSXcttRQD$N/J0GcH+3KSNcfsYbFAPOYHiphFBCpzC0eBVRYmllCA=",
      "is_active": true,
      "is_staff": false,
      "account_type": "COLLABORATOR",
      "last_login": null,
      "created_at": "2025-01-17T03:00:00Z",
      "updated_at": "2025-01-17T03:00:00Z"
    }
  },
  {
    "model": "users.user",
    "pk": "cb8f6deb-3968-4b4b-adeb-4a282d2bcebf",
    "fields": {
      "email": "melanie.charbonnier@brands.example.com",
      "first_name": "Mélanie",
      "last_name": "Charbonnier",
      "phone_country_code": "+33",
      "phone_number": "07000012",
      "date_of_birth": "1990-04-20",
      "email_verified": true,
      "password": "pbkdf2_sha256$600000$Nf1JSucDbGkFARSXcttRQD$N/J0GcH+3KSNcfsYbFAPOYHiphFBCpzC0eBVRYmllCA=",
      "password_hash": "pbkdf2_sha256$600000$Nf1JSucDbGkFARSXcttRQD$N/J0GcH+3KSNcfsYbFAPOYHiphFBCpzC0eBVRYmllCA=",
      "is_active": true,
      "is_staff": false,
      "account_type": "COLLABORATOR",
      "last_login": null,
      "created_at": "2025-01-17T04:00:00Z",
      "updated_at": "2025-01-17T04:00:00Z"
    }
  },
  {
    "model": "users.user",
    "pk": "ce94e913-c6fa-4834-85d4-423d66ff4e64",
    "fields": {
      "email": "noe.poulain@brands.example.com",
      "first_name": "Noé",
      "last_name": "Poulain",
      "phone_country_code": "+33",
      "phone_number": "07000013",
      "date_of_birth": "1990-04-20",
      "email_verified": true,
      "password": "pbkdf2_sha256$600000$Nf1JSucDbGkFARSXcttRQD$N/J0GcH+3KSNcfsYbFAPOYHiphFBCpzC0eBVRYmllCA=",
      "password_hash": "pbkdf2_sha256$600000$Nf1JSucDbGkFARSXcttRQD$N/J0GcH+3KSNcfsYbFAPOYHiphFBCpzC0eBVRYmllCA=",
      "is_active": true,
      "is_staff": false,
      "account_type": "COLLABORATOR",
      "last_login": null,
      "created_at": "2025-01-17T05:00:00Z",
      "updated_at": "2025-01-17T05:00:00Z"
    }
  },
  {
    "model": "users.user",
    "pk": "d233673e-3453-4b5b-9ea2-b4f46100556d",
    "fields": {
      "email": "ophelie.descamps@brands.example.com",
      "first_name": "Ophélie",
      "last_name": "Descamps",
      "phone_country_code": "+33",
      "phone_number": "07000014",
      "date_of_birth": "1990-04-20",
      "email_verified": true,
      "password": "pbkdf2_sha256$600000$Nf1JSucDbGkFARSXcttRQD$N/J0GcH+3KSNcfsYbFAPOYHiphFBCpzC0eBVRYmllCA=",
      "password_hash": "pbkdf2_sha256$600000$Nf1JSucDbGkFARSXcttRQD$N/J0GcH+3KSNcfsYbFAPOYHiphFBCpzC0eBVRYmllCA=",
      "is_active": true,
      "is_staff": false,
      "account_type": "COLLABORATOR",
      "last_login": null,
      "created_at": "2025-01-17T06:00:00Z",
      "updated_at": "2025-01-17T06:00:00Z"
    }
  },
  {
    "model": "users.user",
    "pk": "4dcb66be-d433-4cdd-ac26-2c7697ba8cd8",
    "fields": {
      "email": "pierre.delorme@brands.example.com",
      "first_name": "Pierre",
      "last_name": "Delorme",
      "phone_country_code": "+33",
      "phone_number": "07000015",
      "date_of_birth": "1990-04-20",
      "email_verified": true,
      "password": "pbkdf2_sha256$600000$Nf1JSucDbGkFARSXcttRQD$N/J0GcH+3KSNcfsYbFAPOYHiphFBCpzC0eBVRYmllCA=",
      "password_hash": "pbkdf2_sha256$600000$Nf1JSucDbGkFARSXcttRQD$N/J0GcH+3KSNcfsYbFAPOYHiphFBCpzC0eBVRYmllCA=",
      "is_active": true,
      "is_staff": false,
      "account_type": "COLLABORATOR",
      "last_login": null,
      "created_at": "2025-01-17T07:00:00Z",
      "updated_at": "2025-01-17T07:00:00Z"
    }
  },
  {
    "model": "users.user",
    "pk": "ec06aa9d-f10f-4cfa-b0a5-3917fd74bd26",
    "fields": {
      "email": "quitterie.renaud@brands.example.com",
      "first_name": "Quitterie",
      "last_name": "Renaud",
      "phone_country_code": "+33",
      "phone_number": "07000016",
      "date_of_birth": "1990-04-20",
      "email_verified": true,
      "password": "pbkdf2_sha256$600000$Nf1JSucDbGkFARSXcttRQD$N/J0GcH+3KSNcfsYbFAPOYHiphFBCpzC0eBVRYmllCA=",
      "password_hash": "pbkdf2_sha256$600000$Nf1JSucDbGkFARSXcttRQD$N/J0GcH+3KSNcfsYbFAPOYHiphFBCpzC0eBVRYmllCA=",
      "is_active": true,
      "is_staff": false,
      "account_type": "COLLABORATOR",
      "last_login": null,
      "created_at": "2025-01-17T08:00:00Z",
      "updated_at": "2025-01-17T08:00:00Z"
    }
  },
  {
    "model": "users.user",
    "pk": "8d5242f6-a1ee-4242-b6f8-c9fcd20a1e24",
    "fields": {
      "email": "raphael.leclerc@brands.example.com",
      "first_name": "Raphaël",
      "last_name": "Leclerc",
      "phone_country_code": "+33",
      "phone_number": "07000017",
      "date_of_birth": "1990-04-20",
      "email_verified": true,
      "password": "pbkdf2_sha256$600000$Nf1JSucDbGkFARSXcttRQD$N/J0GcH+3KSNcfsYbFAPOYHiphFBCpzC0eBVRYmllCA=",
      "password_hash": "pbkdf2_sha256$600000$Nf1JSucDbGkFARSXcttRQD$N/J0GcH+3KSNcfsYbFAPOYHiphFBCpzC0eBVRYmllCA=",
      "is_active": true,
      "is_staff": false,
      "account_type": "COLLABORATOR",
      "last_login": null,
      "created_at": "2025-01-17T09:00:00Z",
      "updated_at": "2025-01-17T09:00:00Z"
    }
  },
  {
    "model": "users.user",
    "pk": "046b3449-4802-4db9-b278-81c984e92ec0",
    "fields": {
      "email": "salome.bertin@brands.example.com",
      "first_name": "Salomé",
      "last_name": "Bertin",
      "phone_country_code": "+33",
      "phone_number": "07000018",
      "date_of_birth": "1990-04-20",
      "email_verified": true,
      "password": "pbkdf2_sha256$600000$Nf1JSucDbGkFARSXcttRQD$N/J0GcH+3KSNcfsYbFAPOYHiphFBCpzC0eBVRYmllCA=",
      "password_hash": "pbkdf2_sha256$600000$Nf1JSucDbGkFARSXcttRQD$N/J0GcH+3KSNcfsYbFAPOYHiphFBCpzC0eBVRYmllCA=",
      "is_active": true,
      "is_staff": false,
      "account_type": "COLLABORATOR",
      "last_login": null,
      "created_at": "2025-01-17T10:00:00Z",
      "updated_at": "2025-01-17T10:00:00Z"
    }
  },
  {
    "model": "users.user",
    "pk": "f3860a32-4dfc-4f86-8033-a225a4db67a1",
    "fields": {
      "email": "tristan.hubert@brands.example.com",
      "first_name": "Tristan",
      "last_name": "Hubert",
      "phone_country_code": "+33",
      "phone_number": "07000019",
      "date_of_birth": "1990-04-20",
      "email_verified": true,
      "password": "pbkdf2_sha256$600000$Nf1JSucDbGkFARSXcttRQD$N/J0GcH+3KSNcfsYbFAPOYHiphFBCpzC0eBVRYmllCA=",
      "password_hash": "pbkdf2_sha256$600000$Nf1JSucDbGkFARSXcttRQD$N/J0GcH+3KSNcfsYbFAPOYHiphFBCpzC0eBVRYmllCA=",
      "is_active": true,
      "is_staff": false,
      "account_type": "COLLABORATOR",
      "last_login": null,
      "created_at": "2025-01-17T11:00:00Z",
      "updated_at": "2025-01-17T11:00:00Z"
    }
  },
  {
    "model": "users.user",
    "pk": "4417f145-12ed-4217-a116-1fe46de74467",
    "fields": {
      "email": "ulysse.gosselin@brands.example.com",
      "first_name": "Ulysse",
      "last_name": "Gosselin",
      "phone_country_code": "+33",
      "phone_number": "07000020",
      "date_of_birth": "1990-04-20",
      "email_verified": true,
      "password": "pbkdf2_sha256$600000$Nf1JSucDbGkFARSXcttRQD$N/J0GcH+3KSNcfsYbFAPOYHiphFBCpzC0eBVRYmllCA=",
      "password_hash": "pbkdf2_sha256$600000$Nf1JSucDbGkFARSXcttRQD$N/J0GcH+3KSNcfsYbFAPOYHiphFBCpzC0eBVRYmllCA=",
      "is_active": true,
      "is_staff": false,
      "account_type": "COLLABORATOR",
      "last_login": null,
      "created_at": "2025-01-17T12:00:00Z",
      "updated_at": "2025-01-17T12:00:00Z"
    }
  },
  {
    "model": "users.user",
    "pk": "ed2af780-186f-4d96-afd9-3cc516b959a6",
    "fields": {
      "email": "valerie.chartier@brands.example.com",
      "first_name": "Valérie",
      "last_name": "Chartier",
      "phone_country_code": "+33",
      "phone_number": "07000021",
      "date_of_birth": "1990-04-20",
      "email_verified": true,
      "password": "pbkdf2_sha256$600000$Nf1JSucDbGkFARSXcttRQD$N/J0GcH+3KSNcfsYbFAPOYHiphFBCpzC0eBVRYmllCA=",
      "password_hash": "pbkdf2_sha256$600000$Nf1JSucDbGkFARSXcttRQD$N/J0GcH+3KSNcfsYbFAPOYHiphFBCpzC0eBVRYmllCA=",
      "is_active": true,
      "is_staff": false,
      "account_type": "COLLABORATOR",
      "last_login": null,
      "created_at": "2025-01-17T13:00:00Z",
      "updated_at": "2025-01-17T13:00:00Z"
    }
  },
  {
    "model": "users.user",
    "pk": "9687f9bc-b1d9-4ce0-a545-097aa5416812",
    "fields": {
      "email": "william.vaillant@brands.example.com",
      "first_name": "William",
      "last_name": "Vaillant",
      "phone_country_code": "+33",
      "phone_number": "07000022",
      "date_of_birth": "1990-04-20",
      "email_verified": true,
      "password": "pbkdf2_sha256$600000$Nf1JSucDbGkFARSXcttRQD$N/J0GcH+3KSNcfsYbFAPOYHiphFBCpzC0eBVRYmllCA=",
      "password_hash": "pbkdf2_sha256$600000$Nf1JSucDbGkFARSXcttRQD$N/J0GcH+3KSNcfsYbFAPOYHiphFBCpzC0eBVRYmllCA=",
      "is_active": true,
      "is_staff": false,
      "account_type": "COLLABORATOR",
      "last_login": null,
      "created_at": "2025-01-17T14:00:00Z",
      "updated_at": "2025-01-17T14:00:00Z"
    }
  },
  {
    "model": "users.user",
    "pk": "4ee15c40-b08b-4cdd-a13e-48dcaeaa356b",
    "fields": {
      "email": "xavier.garnier@brands.example.com",
      "first_name": "Xavier",
      "last_name": "Garnier",
      "phone_country_code": "+33",
      "phone_number": "07000023",
      "date_of_birth": "1990-04-20",
      "email_verified": true,
      "password": "pbkdf2_sha256$600000$Nf1JSucDbGkFARSXcttRQD$N/J0GcH+3KSNcfsYbFAPOYHiphFBCpzC0eBVRYmllCA=",
      "password_hash": "pbkdf2_sha256$600000$Nf1JSucDbGkFARSXcttRQD$N/J0GcH+3KSNcfsYbFAPOYHiphFBCpzC0eBVRYmllCA=",
      "is_active": true,
      "is_staff": false,
      "account_type": "COLLABORATOR",
      "last_login": null,
      "created_at": "2025-01-17T15:00:00Z",
      "updated_at": "2025-01-17T15:00:00Z"
    }
  },
  {
    "model": "users.user",
    "pk": "c12da043-992a-4be2-88ec-6acf06a253d3",
    "fields": {
      "email": "yasmine.fernand@brands.example.com",
      "first_name": "Yasmine",
      "last_name": "Fernand",
      "phone_country_code": "+33",
      "phone_number": "07000024",
      "date_of_birth": "1990-04-20",
      "email_verified": true,
      "password": "pbkdf2_sha256$600000$Nf1JSucDbGkFARSXcttRQD$N/J0GcH+3KSNcfsYbFAPOYHiphFBCpzC0eBVRYmllCA=",
      "password_hash": "pbkdf2_sha256$600000$Nf1JSucDbGkFARSXcttRQD$N/J0GcH+3KSNcfsYbFAPOYHiphFBCpzC0eBVRYmllCA=",
      "is_active": true,
      "is_staff": false,
      "account_type": "COLLABORATOR",
      "last_login": null,
      "created_at": "2025-01-17T16:00:00Z",
      "updated_at": "2025-01-17T16:00:00Z"
    }
  },
  {
    "model": "users.user",
    "pk": "52578974-ed25-4773-b28f-bd2d6cf9b0fe",
    "fields": {
      "email": "zoe.lambert@brands.example.com",
      "first_name": "Zoé",
      "last_name": "Lambert",
      "phone_country_code": "+33",
      "phone_number": "07000025",
      "date_of_birth": "1990-04-20",
      "email_verified": true,
      "password": "pbkdf2_sha256$600000$Nf1JSucDbGkFARSXcttRQD$N/J0GcH+3KSNcfsYbFAPOYHiphFBCpzC0eBVRYmllCA=",
      "password_hash": "pbkdf2_sha256$600000$Nf1JSucDbGkFARSXcttRQD$N/J0GcH+3KSNcfsYbFAPOYHiphFBCpzC0eBVRYmllCA=",
      "is_active": true,
      "is_staff": false,
      "account_type": "COLLABORATOR",
      "last_login": null,
      "created_at": "2025-01-17T17:00:00Z",
      "updated_at": "2025-01-17T17:00:00Z"
    }
  },
  {
    "model": "users.user",
    "pk": "67f1a16b-6494-4207-b98c-76a40df67be6",
    "fields": {
      "email": "adrien.payet@brands.example.com",
      "first_name": "Adrien",
      "last_name": "Payet",
      "phone_country_code": "+33",
      "phone_number": "07000026",
      "date_of_birth": "1990-04-20",
      "email_verified": true,
      "password": "pbkdf2_sha256$600000$Nf1JSucDbGkFARSXcttRQD$N/J0GcH+3KSNcfsYbFAPOYHiphFBCpzC0eBVRYmllCA=",
      "password_hash": "pbkdf2_sha256$600000$Nf1JSucDbGkFARSXcttRQD$N/J0GcH+3KSNcfsYbFAPOYHiphFBCpzC0eBVRYmllCA=",
      "is_active": true,
      "is_staff": false,
      "account_type": "COLLABORATOR",
      "last_login": null,
      "created_at": "2025-01-17T18:00:00Z",
      "updated_at": "2025-01-17T18:00:00Z"
    }
  },
  {
    "model": "users.user",
    "pk": "b9db21d8-9484-4a9b-a6df-8f845b234add",
    "fields": {
      "email": "berenice.verdier@brands.example.com",
      "first_name": "Bérénice",
      "last_name": "Verdier",
      "phone_country_code": "+33",
      "phone_number": "07000027",
      "date_of_birth": "1990-04-20",
      "email_verified": true,
      "password": "pbkdf2_sha256$600000$Nf1JSucDbGkFARSXcttRQD$N/J0GcH+3KSNcfsYbFAPOYHiphFBCpzC0eBVRYmllCA=",
      "password_hash": "pbkdf2_sha256$600000$Nf1JSucDbGkFARSXcttRQD$N/J0GcH+3KSNcfsYbFAPOYHiphFBCpzC0eBVRYmllCA=",
      "is_active": true,
      "is_staff": false,
      "account_type": "COLLABORATOR",
      "last_login": null,
      "created_at": "2025-01-17T19:00:00Z",
      "updated_at": "2025-01-17T19:00:00Z"
    }
  },
  {
    "model": "users.user",
    "pk": "80b93ef3-f721-45de-b3b7-6496cff53681",
    "fields": {
      "email": "cyril.gallet@brands.example.com",
      "first_name": "Cyril",
      "last_name": "Gallet",
      "phone_country_code": "+33",
      "phone_number": "07000028",
      "date_of_birth": "1990-04-20",
      "email_verified": true,
      "password": "pbkdf2_sha256$600000$Nf1JSucDbGkFARSXcttRQD$N/J0GcH+3KSNcfsYbFAPOYHiphFBCpzC0eBVRYmllCA=",
      "password_hash": "pbkdf2_sha256$600000$Nf1JSucDbGkFARSXcttRQD$N/J0GcH+3KSNcfsYbFAPOYHiphFBCpzC0eBVRYmllCA=",
      "is_active": true,
      "is_staff": false,
      "account_type": "COLLABORATOR",
      "last_login": null,
      "created_at": "2025-01-17T20:00:00Z",
      "updated_at": "2025-01-17T20:00:00Z"
    }
  },
  {
    "model": "users.user",
    "pk": "4e4beba4-5aff-45c4-bc58-dbdef555382b",
    "fields": {
      "email": "daphne.picard@brands.example.com",
      "first_name": "Daphné",
      "last_name": "Picard",
      "phone_country_code": "+33",
      "phone_number": "07000029",
      "date_of_birth": "1990-04-20",
      "email_verified": true,
      "password": "pbkdf2_sha256$600000$Nf1JSucDbGkFARSXcttRQD$N/J0GcH+3KSNcfsYbFAPOYHiphFBCpzC0eBVRYmllCA=",
      "password_hash": "pbkdf2_sha256$600000$Nf1JSucDbGkFARSXcttRQD$N/J0GcH+3KSNcfsYbFAPOYHiphFBCpzC0eBVRYmllCA=",
      "is_active": true,
      "is_staff": false,
      "account_type": "COLLABORATOR",
      "last_login": null,
      "created_at": "2025-01-17T21:00:00Z",
      "updated_at": "2025-01-17T21:00:00Z"
    }
  },
  {
    "model": "organisations.organisation",
    "pk": "f7112763-85c7-4383-be8a-e17369d736fa",
    "fields": {
      "name": "Global Sports Partners",
      "slug": "global-sports-partners",
      "owner": "97765744-cce2-45e7-af11-3a2771d06785",
      "type": "AGENCY",
      "industry": "Marketing sportif",
      "logo": "",
      "banner_image": "",
      "description": "Agence internationale spécialisée dans les activations multicanales.",
      "website_url": "https://global-sports.example.com",
      "email_contact": "contact@global-sports.example.com",
      "phone_contact": "+33123456789",
      "address_city": "Paris",
      "address_country": "France",
      "address_postal_code": "75008",
      "social_links": {
        "linkedin": "https://www.linkedin.com/company/global-sports"
      },
      "founded_year": 2010,
      "employees_count": 120,
      "budget_range": "500k-1M€",
      "sponsoring_focus": [
        "Activation digitale",
        "Hospitalités premium"
      ],
      "created_at": "2025-01-16T10:00:00Z",
      "updated_at": "2025-01-16T10:00:00Z"
    }
  },
  {
    "model": "organisations.collaborator",
    "pk": "ea8cc9e8-cfb3-4914-b6f8-fe328e89deb1",
    "fields": {
      "user": "97765744-cce2-45e7-af11-3a2771d06785",
      "organisation": "f7112763-85c7-4383-be8a-e17369d736fa",
      "role": "OWNER",
      "job_title": "Directrice des partenariats",
      "created_at": "2025-01-16T10:05:00Z",
      "updated_at": "2025-01-16T10:05:00Z"
    }
  },
  {
    "model": "organisations.collaborator",
    "pk": "d3189e9e-a6fc-49bb-b093-ad56e0422284",
    "fields": {
      "user": "ceda63b9-0673-4903-a087-fa09e38f2b13",
      "organisation": "f7112763-85c7-4383-be8a-e17369d736fa",
      "role": "MEMBER",
      "job_title": "Responsable activation",
      "created_at": "2025-01-16T10:10:00Z",
      "updated_at": "2025-01-16T10:10:00Z"
    }
  },
  {
    "model": "organisations.collaborator",
    "pk": "4319fade-cf26-4ee7-8efc-4469579cee51",
    "fields": {
      "user": "bd8ae668-d127-4582-b1b9-ca78195192e4",
      "organisation": "f7112763-85c7-4383-be8a-e17369d736fa",
      "role": "MEMBER",
      "job_title": "Chef de projet sponsoring",
      "created_at": "2025-01-16T10:11:00Z",
      "updated_at": "2025-01-16T10:11:00Z"
    }
  },
  {
    "model": "organisations.collaborator",
    "pk": "a174c8cd-78c2-4ad9-a9ba-6e3e86bd745e",
    "fields": {
      "user": "c453f853-7936-4c5e-9677-ecaa3bd251ae",
      "organisation": "f7112763-85c7-4383-be8a-e17369d736fa",
      "role": "MEMBER",
      "job_title": "Analyste data sports",
      "created_at": "2025-01-16T10:12:00Z",
      "updated_at": "2025-01-16T10:12:00Z"
    }
  },
  {
    "model": "organisations.collaborator",
    "pk": "8613eddc-0914-43ea-95c9-dea6ad2525fa",
    "fields": {
      "user": "3afde4ed-1436-4289-b774-117783b9943f",
      "organisation": "f7112763-85c7-4383-be8a-e17369d736fa",
      "role": "MEMBER",
      "job_title": "Chargée des relations publiques",
      "created_at": "2025-01-16T10:13:00Z",
      "updated_at": "2025-01-16T10:13:00Z"
    }
  },
  {
    "model": "organisations.collaborator",
    "pk": "3a26c3cd-264e-48f9-8ccf-eaadf02d0614",
    "fields": {
      "user": "3181fd65-c3ab-40cd-bc86-9cef89fdce11",
      "organisation": "f7112763-85c7-4383-be8a-e17369d736fa",
      "role": "MEMBER",
      "job_title": "Coordinateur événementiel",
      "created_at": "2025-01-16T10:14:00Z",
      "updated_at": "2025-01-16T10:14:00Z"
    }
  },
  {
    "model": "organisations.collaborator",
    "pk": "3cf61afc-4fed-49c0-b64a-e2c0b0c87b52",
    "fields": {
      "user": "ff9ea03d-6182-4594-b19c-b956bb4e3d43",
      "organisation": "f7112763-85c7-4383-be8a-e17369d736fa",
      "role": "MEMBER",
      "job_title": "Juriste contrats",
      "created_at": "2025-01-16T10:15:00Z",
      "updated_at": "2025-01-16T10:15:00Z"
    }
  },
  {
    "model": "organisations.collaborator",
    "pk": "e02912e1-8038-4c32-b62b-6c57bd624da3",
    "fields": {
      "user": "2d83e948-29ce-43b1-85c7-e83eb86ae11a",
      "organisation": "f7112763-85c7-4383-be8a-e17369d736fa",
      "role": "MEMBER",
      "job_title": "Manager CRM",
      "created_at": "2025-01-16T10:16:00Z",
      "updated_at": "2025-01-16T10:16:00Z"
    }
  },
  {
    "model": "organisations.collaborator",
    "pk": "410b142a-767e-4fce-9016-601f5c084dbc",
    "fields": {
      "user": "882c57e9-76eb-4b01-8762-b00fcb0b35e8",
      "organisation": "f7112763-85c7-4383-be8a-e17369d736fa",
      "role": "MEMBER",
      "job_title": "Designer créatif",
      "created_at": "2025-01-16T10:17:00Z",
      "updated_at": "2025-01-16T10:17:00Z"
    }
  },
  {
    "model": "organisations.collaborator",
    "pk": "1cbd329b-10c3-41a7-a8b0-e8c29ee01712",
    "fields": {
      "user": "dcf8ebde-99bf-41b0-9175-7731f2bc6f28",
      "organisation": "f7112763-85c7-4383-be8a-e17369d736fa",
      "role": "MEMBER",
      "job_title": "Spécialiste réseaux sociaux",
      "created_at": "2025-01-16T10:18:00Z",
      "updated_at": "2025-01-16T10:18:00Z"
    }
  },
  {
    "model": "organisations.organisation",
    "pk": "bc0ef658-3656-4647-b3af-f8dcfa9f264b",
    "fields": {
      "name": "HexaTech",
      "slug": "hexatech",
      "owner": "035589d8-a2c5-4803-ba93-9d44e05bdceb",
      "type": "STARTUP",
      "industry": "Communication",
      "logo": "",
      "banner_image": "",
      "description": "HexaTech recherche des opportunités de sponsoring ciblées.",
      "website_url": "https://hexatech.example.com",
      "email_contact": "hello@hexatech.example.com",
      "phone_contact": "+33111222333",
      "address_city": "Lyon",
      "address_country": "France",
      "address_postal_code": "69002",
      "social_links": {
        "linkedin": "https://www.linkedin.com/company/hexatech"
      },
      "founded_year": 2018,
      "employees_count": 25,
      "budget_range": "150k-300k€",
      "sponsoring_focus": [
        "Brand awareness",
        "Lancement produit"
      ],
      "created_at": "2025-01-17T10:03:00Z",
      "updated_at": "2025-01-17T10:03:00Z"
    }
  },
  {
    "model": "organisations.collaborator",
    "pk": "7dd9508e-a61d-433d-bbca-501649213515",
    "fields": {
      "user": "035589d8-a2c5-4803-ba93-9d44e05bdceb",
      "organisation": "bc0ef658-3656-4647-b3af-f8dcfa9f264b",
      "role": "OWNER",
      "job_title": "Responsable sponsoring",
      "created_at": "2025-01-17T10:00:00Z",
      "updated_at": "2025-01-17T10:00:00Z"
    }
  },
  {
    "model": "organisations.collaborator",
    "pk": "8c6c9094-e5a9-4389-b172-f5de091e303d",
    "fields": {
      "user": "7a6b7b57-d91d-4aa8-a881-744398f40ea5",
      "organisation": "bc0ef658-3656-4647-b3af-f8dcfa9f264b",
      "role": "MEMBER",
      "job_title": "Chef de projet",
      "created_at": "2025-01-17T10:01:00Z",
      "updated_at": "2025-01-17T10:01:00Z"
    }
  },
  {
    "model": "organisations.collaborator",
    "pk": "08dd31b6-d214-4ab2-a016-e8f2cba90d24",
    "fields": {
      "user": "cb8f6deb-3968-4b4b-adeb-4a282d2bcebf",
      "organisation": "bc0ef658-3656-4647-b3af-f8dcfa9f264b",
      "role": "MEMBER",
      "job_title": "Analyste insights",
      "created_at": "2025-01-17T10:02:00Z",
      "updated_at": "2025-01-17T10:02:00Z"
    }
  },
  {
    "model": "organisations.organisation",
    "pk": "22812f12-f0e9-4ede-a198-c83b6e26c941",
    "fields": {
      "name": "LuxeMode",
      "slug": "luxemode",
      "owner": "ce94e913-c6fa-4834-85d4-423d66ff4e64",
      "type": "BRAND",
      "industry": "Communication",
      "logo": "",
      "banner_image": "",
      "description": "LuxeMode recherche des opportunités de sponsoring ciblées.",
      "website_url": "https://luxemode.example.com",
      "email_contact": "hello@luxemode.example.com",
      "phone_contact": "+33111222333",
      "address_city": "Lyon",
      "address_country": "France",
      "address_postal_code": "69002",
      "social_links": {
        "linkedin": "https://www.linkedin.com/company/luxemode"
      },
      "founded_year": 2018,
      "employees_count": 25,
      "budget_range": "150k-300k€",
      "sponsoring_focus": [
        "Brand awareness",
        "Lancement produit"
      ],
      "created_at": "2025-01-17T10:06:00Z",
      "updated_at": "2025-01-17T10:06:00Z"
    }
  },
  {
    "model": "organisations.collaborator",
    "pk": "37758847-6582-4dbb-816e-d4f7c009f5da",
    "fields": {
      "user": "ce94e913-c6fa-4834-85d4-423d66ff4e64",
      "organisation": "22812f12-f0e9-4ede-a198-c83b6e26c941",
      "role": "OWNER",
      "job_title": "Responsable sponsoring",
      "created_at": "2025-01-17T10:05:00Z",
      "updated_at": "2025-01-17T10:05:00Z"
    }
  },
  {
    "model": "organisations.collaborator",
    "pk": "281f8417-1014-4951-bdeb-3b5d021b29a9",
    "fields": {
      "user": "d233673e-3453-4b5b-9ea2-b4f46100556d",
      "organisation": "22812f12-f0e9-4ede-a198-c83b6e26c941",
      "role": "MEMBER",
      "job_title": "Chef de projet",
      "created_at": "2025-01-17T10:06:00Z",
      "updated_at": "2025-01-17T10:06:00Z"
    }
  },
  {
    "model": "organisations.collaborator",
    "pk": "0454164c-4f7b-4253-9bcc-6cf81d2d66c4",
    "fields": {
      "user": "4dcb66be-d433-4cdd-ac26-2c7697ba8cd8",
      "organisation": "22812f12-f0e9-4ede-a198-c83b6e26c941",
      "role": "MEMBER",
      "job_title": "Analyste insights",
      "created_at": "2025-01-17T10:07:00Z",
      "updated_at": "2025-01-17T10:07:00Z"
    }
  },
  {
    "model": "organisations.organisation",
    "pk": "f18e6561-6f9e-4760-a36e-f49074310063",
    "fields": {
      "name": "GreenEnergy",
      "slug": "greenenergy",
      "owner": "ec06aa9d-f10f-4cfa-b0a5-3917fd74bd26",
      "type": "SME",
      "industry": "Communication",
      "logo": "",
      "banner_image": "",
      "description": "GreenEnergy recherche des opportunités de sponsoring ciblées.",
      "website_url": "https://greenenergy.example.com",
      "email_contact": "hello@greenenergy.example.com",
      "phone_contact": "+33111222333",
      "address_city": "Lyon",
      "address_country": "France",
      "address_postal_code": "69002",
      "social_links": {
        "linkedin": "https://www.linkedin.com/company/greenenergy"
      },
      "founded_year": 2018,
      "employees_count": 25,
      "budget_range": "150k-300k€",
      "sponsoring_focus": [
        "Brand awareness",
        "Lancement produit"
      ],
      "created_at": "2025-01-17T10:09:00Z",
      "updated_at": "2025-01-17T10:09:00Z"
    }
  },
  {
    "model": "organisations.collaborator",
    "pk": "ce82e8d8-da70-4e18-b8e2-57db2cc00a44",
    "fields": {
      "user": "ec06aa9d-f10f-4cfa-b0a5-3917fd74bd26",
      "organisation": "f18e6561-6f9e-4760-a36e-f49074310063",
      "role": "OWNER",
      "job_title": "Responsable sponsoring",
      "created_at": "2025-01-17T10:10:00Z",
      "updated_at": "2025-01-17T10:10:00Z"
    }
  },
  {
    "model": "organisations.collaborator",
    "pk": "2d7db462-ac9c-4862-87c1-22c8b3f01482",
    "fields": {
      "user": "8d5242f6-a1ee-4242-b6f8-c9fcd20a1e24",
      "organisation": "f18e6561-6f9e-4760-a36e-f49074310063",
      "role": "MEMBER",
      "job_title": "Chef de projet",
      "created_at": "2025-01-17T10:11:00Z",
      "updated_at": "2025-01-17T10:11:00Z"
    }
  },
  {
    "model": "organisations.collaborator",
    "pk": "9bb880c4-0ba1-4ebe-af63-a5c7122c7bb3",
    "fields": {
      "user": "046b3449-4802-4db9-b278-81c984e92ec0",
      "organisation": "f18e6561-6f9e-4760-a36e-f49074310063",
      "role": "MEMBER",
      "job_title": "Analyste insights",
      "created_at": "2025-01-17T10:12:00Z",
      "updated_at": "2025-01-17T10:12:00Z"
    }
  },
  {
    "model": "organisations.organisation",
    "pk": "6bd44040-7462-4979-ab64-a9e9337a5801",
    "fields": {
      "name": "Alpes Aventures",
      "slug": "alpes-aventures",
      "owner": "f3860a32-4dfc-4f86-8033-a225a4db67a1",
      "type": "ASSOCIATION",
      "industry": "Communication",
      "logo": "",
      "banner_image": "",
      "description": "Alpes Aventures recherche des opportunités de sponsoring ciblées.",
      "website_url": "https://alpes-aventures.example.com",
      "email_contact": "hello@alpes-aventures.example.com",
      "phone_contact": "+33111222333",
      "address_city": "Lyon",
      "address_country": "France",
      "address_postal_code": "69002",
      "social_links": {
        "linkedin": "https://www.linkedin.com/company/alpes-aventures"
      },
      "founded_year": 2018,
      "employees_count": 25,
      "budget_range": "150k-300k€",
      "sponsoring_focus": [
        "Brand awareness",
        "Lancement produit"
      ],
      "created_at": "2025-01-17T10:12:00Z",
      "updated_at": "2025-01-17T10:12:00Z"
    }
  },
  {
    "model": "organisations.collaborator",
    "pk": "64c3907f-2ea2-451c-b8d8-09b460f07013",
    "fields": {
      "user": "f3860a32-4dfc-4f86-8033-a225a4db67a1",
      "organisation": "6bd44040-7462-4979-ab64-a9e9337a5801",
      "role": "OWNER",
      "job_title": "Responsable sponsoring",
      "created_at": "2025-01-17T10:15:00Z",
      "updated_at": "2025-01-17T10:15:00Z"
    }
  },
  {
    "model": "organisations.collaborator",
    "pk": "0b9f69cf-6502-4c8c-9c06-00fee2d447d3",
    "fields": {
      "user": "4417f145-12ed-4217-a116-1fe46de74467",
      "organisation": "6bd44040-7462-4979-ab64-a9e9337a5801",
      "role": "MEMBER",
      "job_title": "Chef de projet",
      "created_at": "2025-01-17T10:16:00Z",
      "updated_at": "2025-01-17T10:16:00Z"
    }
  },
  {
    "model": "organisations.collaborator",
    "pk": "adc0476d-08e3-444f-97e1-5114767513b9",
    "fields": {
      "user": "ed2af780-186f-4d96-afd9-3cc516b959a6",
      "organisation": "6bd44040-7462-4979-ab64-a9e9337a5801",
      "role": "MEMBER",
      "job_title": "Analyste insights",
      "created_at": "2025-01-17T10:17:00Z",
      "updated_at": "2025-01-17T10:17:00Z"
    }
  },
  {
    "model": "organisations.organisation",
    "pk": "4c22ac03-fbe2-4596-9ed8-41888d4d9759",
    "fields": {
      "name": "Digital Fans",
      "slug": "digital-fans",
      "owner": "9687f9bc-b1d9-4ce0-a545-097aa5416812",
      "type": "STARTUP",
      "industry": "Communication",
      "logo": "",
      "banner_image": "",
      "description": "Digital Fans recherche des opportunités de sponsoring ciblées.",
      "website_url": "https://digital-fans.example.com",
      "email_contact": "hello@digital-fans.example.com",
      "phone_contact": "+33111222333",
      "address_city": "Lyon",
      "address_country": "France",
      "address_postal_code": "69002",
      "social_links": {
        "linkedin": "https://www.linkedin.com/company/digital-fans"
      },
      "founded_year": 2018,
      "employees_count": 25,
      "budget_range": "150k-300k€",
      "sponsoring_focus": [
        "Brand awareness",
        "Lancement produit"
      ],
      "created_at": "2025-01-17T10:15:00Z",
      "updated_at": "2025-01-17T10:15:00Z"
    }
  },
  {
    "model": "organisations.collaborator",
    "pk": "c4c48d9f-b524-48d1-beef-718be072ba17",
    "fields": {
      "user": "9687f9bc-b1d9-4ce0-a545-097aa5416812",
      "organisation": "4c22ac03-fbe2-4596-9ed8-41888d4d9759",
      "role": "OWNER",
      "job_title": "Responsable sponsoring",
      "created_at": "2025-01-17T10:20:00Z",
      "updated_at": "2025-01-17T10:20:00Z"
    }
  },
  {
    "model": "organisations.collaborator",
    "pk": "7cc1b136-6159-43ff-bc99-3e79656a3f3a",
    "fields": {
      "user": "4ee15c40-b08b-4cdd-a13e-48dcaeaa356b",
      "organisation": "4c22ac03-fbe2-4596-9ed8-41888d4d9759",
      "role": "MEMBER",
      "job_title": "Chef de projet",
      "created_at": "2025-01-17T10:21:00Z",
      "updated_at": "2025-01-17T10:21:00Z"
    }
  },
  {
    "model": "organisations.collaborator",
    "pk": "ee751353-b980-4e42-bfc8-db3d41c7dbdb",
    "fields": {
      "user": "c12da043-992a-4be2-88ec-6acf06a253d3",
      "organisation": "4c22ac03-fbe2-4596-9ed8-41888d4d9759",
      "role": "MEMBER",
      "job_title": "Analyste insights",
      "created_at": "2025-01-17T10:22:00Z",
      "updated_at": "2025-01-17T10:22:00Z"
    }
  },
  {
    "model": "organisations.organisation",
    "pk": "80d05a06-c869-4907-8bc5-42f10905a482",
    "fields": {
      "name": "Atelier Gourmand",
      "slug": "atelier-gourmand",
      "owner": "52578974-ed25-4773-b28f-bd2d6cf9b0fe",
      "type": "SME",
      "industry": "Artisanat",
      "logo": "",
      "banner_image": "",
      "description": "Atelier Gourmand explore les partenariats locaux.",
      "website_url": "https://atelier-gourmand.example.com",
      "email_contact": "contact@atelier-gourmand.example.com",
      "phone_contact": "+33455667788",
      "address_city": "Bordeaux",
      "address_country": "France",
      "address_postal_code": "33000",
      "social_links": {},
      "founded_year": 2020,
      "employees_count": 6,
      "budget_range": "20k-50k€",
      "sponsoring_focus": [
        "Visibilité locale"
      ],
      "created_at": "2025-01-18T10:24:00Z",
      "updated_at": "2025-01-18T10:24:00Z"
    }
  },
  {
    "model": "organisations.collaborator",
    "pk": "91ce9170-71aa-41c0-88e6-0d107bfb3397",
    "fields": {
      "user": "52578974-ed25-4773-b28f-bd2d6cf9b0fe",
      "organisation": "80d05a06-c869-4907-8bc5-42f10905a482",
      "role": "OWNER",
      "job_title": "Gérant",
      "created_at": "2025-01-18T10:00:00Z",
      "updated_at": "2025-01-18T10:00:00Z"
    }
  },
  {
    "model": "organisations.organisation",
    "pk": "fb3c672d-4769-400b-88cf-e58e677c442d",
    "fields": {
      "name": "Studio Nova",
      "slug": "studio-nova",
      "owner": "67f1a16b-6494-4207-b98c-76a40df67be6",
      "type": "STARTUP",
      "industry": "Artisanat",
      "logo": "",
      "banner_image": "",
      "description": "Studio Nova explore les partenariats locaux.",
      "website_url": "https://studio-nova.example.com",
      "email_contact": "contact@studio-nova.example.com",
      "phone_contact": "+33455667788",
      "address_city": "Bordeaux",
      "address_country": "France",
      "address_postal_code": "33000",
      "social_links": {},
      "founded_year": 2020,
      "employees_count": 6,
      "budget_range": "20k-50k€",
      "sponsoring_focus": [
        "Visibilité locale"
      ],
      "created_at": "2025-01-18T10:28:00Z",
      "updated_at": "2025-01-18T10:28:00Z"
    }
  },
  {
    "model": "organisations.collaborator",
    "pk": "9b509822-1fb9-4bf9-82b9-a7f1c0920892",
    "fields": {
      "user": "67f1a16b-6494-4207-b98c-76a40df67be6",
      "organisation": "fb3c672d-4769-400b-88cf-e58e677c442d",
      "role": "OWNER",
      "job_title": "Gérant",
      "created_at": "2025-01-18T10:06:00Z",
      "updated_at": "2025-01-18T10:06:00Z"
    }
  },
  {
    "model": "organisations.organisation",
    "pk": "a584a7fb-a49c-4388-ad4c-a4301ef5a7ad",
    "fields": {
      "name": "Club Urbain",
      "slug": "club-urbain",
      "owner": "b9db21d8-9484-4a9b-a6df-8f845b234add",
      "type": "ASSOCIATION",
      "industry": "Artisanat",
      "logo": "",
      "banner_image": "",
      "description": "Club Urbain explore les partenariats locaux.",
      "website_url": "https://club-urbain.example.com",
      "email_contact": "contact@club-urbain.example.com",
      "phone_contact": "+33455667788",
      "address_city": "Bordeaux",
      "address_country": "France",
      "address_postal_code": "33000",
      "social_links": {},
      "founded_year": 2020,
      "employees_count": 6,
      "budget_range": "20k-50k€",
      "sponsoring_focus": [
        "Visibilité locale"
      ],
      "created_at": "2025-01-18T10:32:00Z",
      "updated_at": "2025-01-18T10:32:00Z"
    }
  },
  {
    "model": "organisations.collaborator",
    "pk": "f412f6ce-85ba-4483-ade2-92eb6216fe1c",
    "fields": {
      "user": "b9db21d8-9484-4a9b-a6df-8f845b234add",
      "organisation": "a584a7fb-a49c-4388-ad4c-a4301ef5a7ad",
      "role": "OWNER",
      "job_title": "Gérant",
      "created_at": "2025-01-18T10:12:00Z",
      "updated_at": "2025-01-18T10:12:00Z"
    }
  },
  {
    "model": "organisations.organisation",
    "pk": "d804408b-1fdb-4613-8180-a458e5ceef93",
    "fields": {
      "name": "Maison Riviera",
      "slug": "maison-riviera",
      "owner": "80b93ef3-f721-45de-b3b7-6496cff53681",
      "type": "BRAND",
      "industry": "Artisanat",
      "logo": "",
      "banner_image": "",
      "description": "Maison Riviera explore les partenariats locaux.",
      "website_url": "https://maison-riviera.example.com",
      "email_contact": "contact@maison-riviera.example.com",
      "phone_contact": "+33455667788",
      "address_city": "Bordeaux",
      "address_country": "France",
      "address_postal_code": "33000",
      "social_links": {},
      "founded_year": 2020,
      "employees_count": 6,
      "budget_range": "20k-50k€",
      "sponsoring_focus": [
        "Visibilité locale"
      ],
      "created_at": "2025-01-18T10:36:00Z",
      "updated_at": "2025-01-18T10:36:00Z"
    }
  },
  {
    "model": "organisations.collaborator",
    "pk": "76f3a188-7b59-45a5-8c06-189978ef0ece",
    "fields": {
      "user": "80b93ef3-f721-45de-b3b7-6496cff53681",
      "organisation": "d804408b-1fdb-4613-8180-a458e5ceef93",
      "role": "OWNER",
      "job_title": "Gérant",
      "created_at": "2025-01-18T10:18:00Z",
      "updated_at": "2025-01-18T10:18:00Z"
    }
  },
  {
    "model": "organisations.organisation",
    "pk": "a38f4a25-6982-4f2b-834e-5860a7d6414e",
    "fields": {
      "name": "MediaPulse",
      "slug": "mediapulse",
      "owner": "4e4beba4-5aff-45c4-bc58-dbdef555382b",
      "type": "OTHER",
      "industry": "Artisanat",
      "logo": "",
      "banner_image": "",
      "description": "MediaPulse explore les partenariats locaux.",
      "website_url": "https://mediapulse.example.com",
      "email_contact": "contact@mediapulse.example.com",
      "phone_contact": "+33455667788",
      "address_city": "Bordeaux",
      "address_country": "France",
      "address_postal_code": "33000",
      "social_links": {},
      "founded_year": 2020,
      "employees_count": 6,
      "budget_range": "20k-50k€",
      "sponsoring_focus": [
        "Visibilité locale"
      ],
      "created_at": "2025-01-18T10:40:00Z",
      "updated_at": "2025-01-18T10:40:00Z"
    }
  },
  {
    "model": "organisations.collaborator",
    "pk": "bc7f93d7-e5c8-4991-9d44-86a2e3cbe26b",
    "fields": {
      "user": "4e4beba4-5aff-45c4-bc58-dbdef555382b",
      "organisation": "a38f4a25-6982-4f2b-834e-5860a7d6414e",
      "role": "OWNER",
      "job_title": "Gérant",
      "created_at": "2025-01-18T10:24:00Z",
      "updated_at": "2025-01-18T10:24:00Z"
    }
  },
  {
    "model": "payments.subscription",
    "pk": "3a05cbb4-32db-4371-a588-e500f5bec0e6",
    "fields": {
      "organisation": "f7112763-85c7-4383-be8a-e17369d736fa",
      "agent": null,
      "plan": "d64c2096-ae78-4306-8992-4923606b9df0",
      "status": "active",
      "start_at": "2024-12-31T10:00:00Z",
      "current_period_end": "2025-01-30T10:00:00Z",
      "stripe_customer_id": "cus_f7112763",
      "stripe_subscription_id": "sub_f7112763",
      "created_at": "2024-12-31T09:55:00Z",
      "updated_at": "2025-01-16T10:00:00Z"
    }
  },
  {
    "model": "payments.subscription",
    "pk": "8599ef22-7627-4999-9f3b-49f0176c3135",
    "fields": {
      "organisation": "bc0ef658-3656-4647-b3af-f8dcfa9f264b",
      "agent": null,
      "plan": "5812dbad-27bd-4320-b4d2-9dc2ac116490",
      "status": "active",
      "start_at": "2024-12-31T10:00:00Z",
      "current_period_end": "2025-01-30T10:00:00Z",
      "stripe_customer_id": "cus_bc0ef658",
      "stripe_subscription_id": "sub_bc0ef658",
      "created_at": "2024-12-31T09:55:00Z",
      "updated_at": "2025-01-16T10:00:00Z"
    }
  },
  {
    "model": "payments.subscription",
    "pk": "7e4d85ed-23a9-4fc2-857a-91c633463334",
    "fields": {
      "organisation": "22812f12-f0e9-4ede-a198-c83b6e26c941",
      "agent": null,
      "plan": "5812dbad-27bd-4320-b4d2-9dc2ac116490",
      "status": "active",
      "start_at": "2024-12-31T10:00:00Z",
      "current_period_end": "2025-01-30T10:00:00Z",
      "stripe_customer_id": "cus_22812f12",
      "stripe_subscription_id": "sub_22812f12",
      "created_at": "2024-12-31T09:55:00Z",
      "updated_at": "2025-01-16T10:00:00Z"
    }
  },
  {
    "model": "payments.subscription",
    "pk": "60caf79d-57c7-4db2-bb14-bc021c4639ba",
    "fields": {
      "organisation": "f18e6561-6f9e-4760-a36e-f49074310063",
      "agent": null,
      "plan": "5812dbad-27bd-4320-b4d2-9dc2ac116490",
      "status": "active",
      "start_at": "2024-12-31T10:00:00Z",
      "current_period_end": "2025-01-30T10:00:00Z",
      "stripe_customer_id": "cus_f18e6561",
      "stripe_subscription_id": "sub_f18e6561",
      "created_at": "2024-12-31T09:55:00Z",
      "updated_at": "2025-01-16T10:00:00Z"
    }
  },
  {
    "model": "payments.subscription",
    "pk": "0788c7a2-beb2-4238-8f84-ee950b362502",
    "fields": {
      "organisation": "6bd44040-7462-4979-ab64-a9e9337a5801",
      "agent": null,
      "plan": "5812dbad-27bd-4320-b4d2-9dc2ac116490",
      "status": "active",
      "start_at": "2024-12-31T10:00:00Z",
      "current_period_end": "2025-01-30T10:00:00Z",
      "stripe_customer_id": "cus_6bd44040",
      "stripe_subscription_id": "sub_6bd44040",
      "created_at": "2024-12-31T09:55:00Z",
      "updated_at": "2025-01-16T10:00:00Z"
    }
  },
  {
    "model": "payments.subscription",
    "pk": "558422a2-a48a-4272-b60f-9c730eae68b7",
    "fields": {
      "organisation": "4c22ac03-fbe2-4596-9ed8-41888d4d9759",
      "agent": null,
      "plan": "5812dbad-27bd-4320-b4d2-9dc2ac116490",
      "status": "active",
      "start_at": "2024-12-31T10:00:00Z",
      "current_period_end": "2025-01-30T10:00:00Z",
      "stripe_customer_id": "cus_4c22ac03",
      "stripe_subscription_id": "sub_4c22ac03",
      "created_at": "2024-12-31T09:55:00Z",
      "updated_at": "2025-01-16T10:00:00Z"
    }
  },
  {
    "model": "payments.subscription",
    "pk": "9d77d402-7cb8-4ff1-b1f2-e79c8659a344",
    "fields": {
      "organisation": null,
      "agent": "bc9bf760-8f6c-478c-a7a9-c6bf9ebb65a6",
      "plan": "9f0d905b-acf2-4b3f-b082-b388bc03cd29",
      "status": "active",
      "start_at": "2025-01-05T10:00:00Z",
      "current_period_end": "2025-02-04T10:00:00Z",
      "stripe_customer_id": "cus_agent_00",
      "stripe_subscription_id": "sub_agent_00",
      "created_at": "2025-01-05T09:30:00Z",
      "updated_at": "2025-01-20T10:00:00Z"
    }
  },
  {
    "model": "payments.subscription",
    "pk": "b7be67c6-e09c-4945-a37a-fcf84a94355c",
    "fields": {
      "organisation": null,
      "agent": "6f6a0c2a-2898-44bc-bc92-8e4273e3ba33",
      "plan": "9f0d905b-acf2-4b3f-b082-b388bc03cd29",
      "status": "active",
      "start_at": "2025-01-04T10:00:00Z",
      "current_period_end": "2025-02-03T10:00:00Z",
      "stripe_customer_id": "cus_agent_01",
      "stripe_subscription_id": "sub_agent_01",
      "created_at": "2025-01-04T09:30:00Z",
      "updated_at": "2025-01-20T10:01:00Z"
    }
  },
  {
    "model": "payments.subscription",
    "pk": "3bfda4b7-266e-4a8d-9bfd-67b6a24ab423",
    "fields": {
      "organisation": null,
      "agent": "9dc59993-eccb-4193-9f2c-392c7ef888c0",
      "plan": "9f0d905b-acf2-4b3f-b082-b388bc03cd29",
      "status": "active",
      "start_at": "2025-01-03T10:00:00Z",
      "current_period_end": "2025-02-02T10:00:00Z",
      "stripe_customer_id": "cus_agent_02",
      "stripe_subscription_id": "sub_agent_02",
      "created_at": "2025-01-03T09:30:00Z",
      "updated_at": "2025-01-20T10:02:00Z"
    }
  },
  {
    "model": "payments.subscription",
    "pk": "fbacd54d-2059-4e05-abeb-884818d340c4",
    "fields": {
      "organisation": null,
      "agent": "d60c13e5-0a57-4225-956e-cc132b0e819c",
      "plan": "9f0d905b-acf2-4b3f-b082-b388bc03cd29",
      "status": "active",
      "start_at": "2025-01-02T10:00:00Z",
      "current_period_end": "2025-02-01T10:00:00Z",
      "stripe_customer_id": "cus_agent_03",
      "stripe_subscription_id": "sub_agent_03",
      "created_at": "2025-01-02T09:30:00Z",
      "updated_at": "2025-01-20T10:03:00Z"
    }
  },
  {
    "model": "payments.subscription",
    "pk": "6ff45d8e-949b-408f-9393-8fd4fb3049c4",
    "fields": {
      "organisation": null,
      "agent": "65ffe6f9-4ae0-40ae-a57f-eb480e50b4e8",
      "plan": "9f0d905b-acf2-4b3f-b082-b388bc03cd29",
      "status": "active",
      "start_at": "2025-01-01T10:00:00Z",
      "current_period_end": "2025-01-31T10:00:00Z",
      "stripe_customer_id": "cus_agent_04",
      "stripe_subscription_id": "sub_agent_04",
      "created_at": "2025-01-01T09:30:00Z",
      "updated_at": "2025-01-20T10:04:00Z"
    }
  },
  {
    "model": "payments.subscription",
    "pk": "75dd493a-6ed6-4bf5-91e4-93d4b19a704f",
    "fields": {
      "organisation": null,
      "agent": "59facb79-1f1b-408b-9a95-37748122ed5d",
      "plan": "9f0d905b-acf2-4b3f-b082-b388bc03cd29",
      "status": "active",
      "start_at": "2024-12-31T10:00:00Z",
      "current_period_end": "2025-01-30T10:00:00Z",
      "stripe_customer_id": "cus_agent_05",
      "stripe_subscription_id": "sub_agent_05",
      "created_at": "2024-12-31T09:30:00Z",
      "updated_at": "2025-01-20T10:05:00Z"
    }
  },
  {
    "model": "payments.subscription",
    "pk": "36fae2e7-27ca-4eda-9c8e-a7d51c7b3160",
    "fields": {
      "organisation": null,
      "agent": "01c8989d-fca3-42be-b8d1-e647aee7cd5c",
      "plan": "9f0d905b-acf2-4b3f-b082-b388bc03cd29",
      "status": "active",
      "start_at": "2024-12-30T10:00:00Z",
      "current_period_end": "2025-01-29T10:00:00Z",
      "stripe_customer_id": "cus_agent_06",
      "stripe_subscription_id": "sub_agent_06",
      "created_at": "2024-12-30T09:30:00Z",
      "updated_at": "2025-01-20T10:06:00Z"
    }
  },
  {
    "model": "payments.subscription",
    "pk": "0842de59-4bf5-4c79-a98e-e7308be33ae6",
    "fields": {
      "organisation": null,
      "agent": "3f17984b-9fdc-47a7-bf72-a7d37d6aa5cf",
      "plan": "9f0d905b-acf2-4b3f-b082-b388bc03cd29",
      "status": "active",
      "start_at": "2024-12-29T10:00:00Z",
      "current_period_end": "2025-01-28T10:00:00Z",
      "stripe_customer_id": "cus_agent_07",
      "stripe_subscription_id": "sub_agent_07",
      "created_at": "2024-12-29T09:30:00Z",
      "updated_at": "2025-01-20T10:07:00Z"
    }
  },
  {
    "model": "payments.subscription",
    "pk": "e570bcae-07e1-449c-accd-e7a10cd12a29",
    "fields": {
      "organisation": null,
      "agent": "9dde7ee5-59cc-4ce4-91fa-7c281cd8d663",
      "plan": "9f0d905b-acf2-4b3f-b082-b388bc03cd29",
      "status": "active",
      "start_at": "2024-12-28T10:00:00Z",
      "current_period_end": "2025-01-27T10:00:00Z",
      "stripe_customer_id": "cus_agent_08",
      "stripe_subscription_id": "sub_agent_08",
      "created_at": "2024-12-28T09:30:00Z",
      "updated_at": "2025-01-20T10:08:00Z"
    }
  },
  {
    "model": "payments.subscription",
    "pk": "111a22de-2c5c-4371-8965-321ba0a34be7",
    "fields": {
      "organisation": null,
      "agent": "102dd21e-12bb-43b9-b0de-2d41e8b7afcf",
      "plan": "9f0d905b-acf2-4b3f-b082-b388bc03cd29",
      "status": "active",
      "start_at": "2024-12-27T10:00:00Z",
      "current_period_end": "2025-01-26T10:00:00Z",
      "stripe_customer_id": "cus_agent_09",
      "stripe_subscription_id": "sub_agent_09",
      "created_at": "2024-12-27T09:30:00Z",
      "updated_at": "2025-01-20T10:09:00Z"
    }
  },
  {
    "model": "payments.subscription",
    "pk": "d2de7291-afd5-49a1-8233-9ec3ddfe1d00",
    "fields": {
      "organisation": null,
      "agent": "fec85a0a-f4a9-44db-8b95-9a5e22b789d5",
      "plan": "9f0d905b-acf2-4b3f-b082-b388bc03cd29",
      "status": "active",
      "start_at": "2024-12-26T10:00:00Z",
      "current_period_end": "2025-01-25T10:00:00Z",
      "stripe_customer_id": "cus_agent_10",
      "stripe_subscription_id": "sub_agent_10",
      "created_at": "2024-12-26T09:30:00Z",
      "updated_at": "2025-01-20T10:10:00Z"
    }
  },
  {
    "model": "payments.subscription",
    "pk": "755fda15-0e82-4218-be29-54900ac1480d",
    "fields": {
      "organisation": null,
      "agent": "28101416-ab73-4d8e-827b-f7aee6591103",
      "plan": "9f0d905b-acf2-4b3f-b082-b388bc03cd29",
      "status": "active",
      "start_at": "2024-12-25T10:00:00Z",
      "current_period_end": "2025-01-24T10:00:00Z",
      "stripe_customer_id": "cus_agent_11",
      "stripe_subscription_id": "sub_agent_11",
      "created_at": "2024-12-25T09:30:00Z",
      "updated_at": "2025-01-20T10:11:00Z"
    }
  },
  {
    "model": "payments.subscription",
    "pk": "6581d66a-f1b5-4d70-bf2e-01911097263b",
    "fields": {
      "organisation": null,
      "agent": "f55c1ba3-ffe7-4475-8803-1589a902431a",
      "plan": "a1794afb-c104-4b59-9a5a-5bff27ff2394",
      "status": "active",
      "start_at": "2024-12-24T10:00:00Z",
      "current_period_end": "2025-01-23T10:00:00Z",
      "stripe_customer_id": "cus_agent_12",
      "stripe_subscription_id": "sub_agent_12",
      "created_at": "2024-12-24T09:30:00Z",
      "updated_at": "2025-01-20T10:12:00Z"
    }
  },
  {
    "model": "payments.subscription",
    "pk": "7d5b09ef-3bc5-4798-87f4-51d75bd8b57f",
    "fields": {
      "organisation": null,
      "agent": "8fd88bd4-5294-4006-98b9-943057560bfe",
      "plan": "a1794afb-c104-4b59-9a5a-5bff27ff2394",
      "status": "active",
      "start_at": "2024-12-23T10:00:00Z",
      "current_period_end": "2025-01-22T10:00:00Z",
      "stripe_customer_id": "cus_agent_13",
      "stripe_subscription_id": "sub_agent_13",
      "created_at": "2024-12-23T09:30:00Z",
      "updated_at": "2025-01-20T10:13:00Z"
    }
  },
  {
    "model": "payments.subscription",
    "pk": "26996dbd-f414-471e-bed9-fdd6022d66b2",
    "fields": {
      "organisation": null,
      "agent": "82d4fc29-c6d1-4ec1-aecc-f2e670cfaaa7",
      "plan": "a1794afb-c104-4b59-9a5a-5bff27ff2394",
      "status": "active",
      "start_at": "2024-12-22T10:00:00Z",
      "current_period_end": "2025-01-21T10:00:00Z",
      "stripe_customer_id": "cus_agent_14",
      "stripe_subscription_id": "sub_agent_14",
      "created_at": "2024-12-22T09:30:00Z",
      "updated_at": "2025-01-20T10:14:00Z"
    }
  },
  {
    "model": "payments.subscription",
    "pk": "fa17346b-0f55-4004-8fd4-c794b2dbdf85",
    "fields": {
      "organisation": null,
      "agent": "03c6cfb4-1c53-4441-9232-ec8daa32adc7",
      "plan": "1fa555de-86a9-4c11-93cf-f9706a01f271",
      "status": "active",
      "start_at": "2024-12-21T10:00:00Z",
      "current_period_end": "2025-01-20T10:00:00Z",
      "stripe_customer_id": "cus_agent_15",
      "stripe_subscription_id": "sub_agent_15",
      "created_at": "2024-12-21T09:30:00Z",
      "updated_at": "2025-01-20T10:15:00Z"
    }
  },
  {
    "model": "payments.subscription",
    "pk": "7aa02def-f67a-45d0-8fdf-6df86a67728e",
    "fields": {
      "organisation": null,
      "agent": "6b397967-35fe-4748-8311-cc078557f7e4",
      "plan": "a1794afb-c104-4b59-9a5a-5bff27ff2394",
      "status": "active",
      "start_at": "2024-12-20T10:00:00Z",
      "current_period_end": "2025-01-19T10:00:00Z",
      "stripe_customer_id": "cus_agent_16",
      "stripe_subscription_id": "sub_agent_16",
      "created_at": "2024-12-20T09:30:00Z",
      "updated_at": "2025-01-20T10:16:00Z"
    }
  },
  {
    "model": "payments.subscription",
    "pk": "fde2b54d-9e8d-4f4d-b158-0371f4ec1d95",
    "fields": {
      "organisation": null,
      "agent": "14c403a9-2d66-4a75-846f-c5b75fa452e9",
      "plan": "a1794afb-c104-4b59-9a5a-5bff27ff2394",
      "status": "active",
      "start_at": "2024-12-19T10:00:00Z",
      "current_period_end": "2025-01-18T10:00:00Z",
      "stripe_customer_id": "cus_agent_17",
      "stripe_subscription_id": "sub_agent_17",
      "created_at": "2024-12-19T09:30:00Z",
      "updated_at": "2025-01-20T10:17:00Z"
    }
  },
  {
    "model": "payments.subscription",
    "pk": "1639dad7-37ba-46bd-9464-a2a82ab31741",
    "fields": {
      "organisation": null,
      "agent": "1e80f69b-61fe-4144-a7fd-0ece2b82be48",
      "plan": "9f0d905b-acf2-4b3f-b082-b388bc03cd29",
      "status": "active",
      "start_at": "2024-12-18T10:00:00Z",
      "current_period_end": "2025-01-17T10:00:00Z",
      "stripe_customer_id": "cus_agent_18",
      "stripe_subscription_id": "sub_agent_18",
      "created_at": "2024-12-18T09:30:00Z",
      "updated_at": "2025-01-20T10:18:00Z"
    }
  },
  {
    "model": "payments.subscription",
    "pk": "716ff9d8-413e-4abc-b08e-74e8cc21b403",
    "fields": {
      "organisation": null,
      "agent": "7bcf01ed-f168-4bd9-8f39-a22ddb17d744",
      "plan": "9f0d905b-acf2-4b3f-b082-b388bc03cd29",
      "status": "active",
      "start_at": "2024-12-17T10:00:00Z",
      "current_period_end": "2025-01-16T10:00:00Z",
      "stripe_customer_id": "cus_agent_19",
      "stripe_subscription_id": "sub_agent_19",
      "created_at": "2024-12-17T09:30:00Z",
      "updated_at": "2025-01-20T10:19:00Z"
    }
  },
  {
    "model": "athletes.athlete",
    "pk": "d5a9b7b5-595f-4703-a713-d53d289d4722",
    "fields": {
      "sport": "d0afbcc8-ddf6-4855-8c70-54a89c0f0a4e",
      "agent": "bc9bf760-8f6c-478c-a7a9-c6bf9ebb65a6",
      "full_name": "Alice Dupont",
      "slug": "alice-dupont-0",
      "birth_date": "1990-01-15",
      "nationality": "France",
      "country": "France",
      "city": "Paris",
      "bio": "Athlète professionnel(le) avec un palmarès reconnu sur la scène internationale.",
      "social_links": {
        "instagram": "https://instagram.com/alicedupont",
        "twitter": "https://twitter.com/alice"
      },
      "followers_count_cached": 15000,
      "engagement_rate_cached": "3.00",
      "avatar": "",
      "created_at": "2025-01-20T10:00:00Z",
      "updated_at": "2025-01-20T10:00:00Z"
    }
  },
  {
    "model": "athletes.athlete",
    "pk": "d10579bc-743b-4373-90d3-996078b9bea7",
    "fields": {
      "sport": "84a93730-8f69-492d-95e9-ad174e66bf1a",
      "agent": "6f6a0c2a-2898-44bc-bc92-8e4273e3ba33",
      "full_name": "Bruno Martin",
      "slug": "bruno-martin-1",
      "birth_date": "1991-02-15",
      "nationality": "Belgique",
      "country": "Belgique",
      "city": "Lyon",
      "bio": "Athlète professionnel(le) avec un palmarès reconnu sur la scène internationale.",
      "social_links": {
        "instagram": "https://instagram.com/brunomartin",
        "twitter": "https://twitter.com/bruno"
      },
      "followers_count_cached": 16200,
      "engagement_rate_cached": "3.01",
      "avatar": "",
      "created_at": "2025-01-20T10:01:00Z",
      "updated_at": "2025-01-20T10:01:00Z"
    }
  },
  {
    "model": "athletes.athlete",
    "pk": "5220e2a9-5cb7-4129-8021-cc9e3c8537f1",
    "fields": {
      "sport": "f52014a8-b33e-4a7c-a19f-97b7c77984a1",
      "agent": "9dc59993-eccb-4193-9f2c-392c7ef888c0",
      "full_name": "Chloé Laurent",
      "slug": "chloé-laurent-2",
      "birth_date": "1992-03-15",
      "nationality": "Suisse",
      "country": "Suisse",
      "city": "Nice",
      "bio": "Athlète professionnel(le) avec un palmarès reconnu sur la scène internationale.",
      "social_links": {
        "instagram": "https://instagram.com/chloélaurent",
        "twitter": "https://twitter.com/chloé"
      },
      "followers_count_cached": 17400,
      "engagement_rate_cached": "3.02",
      "avatar": "",
      "created_at": "2025-01-20T10:02:00Z",
      "updated_at": "2025-01-20T10:02:00Z"
    }
  },
  {
    "model": "athletes.athlete",
    "pk": "e617068e-d37e-486d-9365-a3de30ba695d",
    "fields": {
      "sport": "2d1f8ca3-82dc-4732-9778-fb1fdfd002f3",
      "agent": "d60c13e5-0a57-4225-956e-cc132b0e819c",
      "full_name": "David Bernard",
      "slug": "david-bernard-3",
      "birth_date": "1993-04-15",
      "nationality": "Espagne",
      "country": "Espagne",
      "city": "Toulouse",
      "bio": "Athlète professionnel(le) avec un palmarès reconnu sur la scène internationale.",
      "social_links": {
        "instagram": "https://instagram.com/davidbernard",
        "twitter": "https://twitter.com/david"
      },
      "followers_count_cached": 18600,
      "engagement_rate_cached": "3.03",
      "avatar": "",
      "created_at": "2025-01-20T10:03:00Z",
      "updated_at": "2025-01-20T10:03:00Z"
    }
  },
  {
    "model": "athletes.athlete",
    "pk": "cffab329-a3ea-4e81-aa18-b54fdaa8906d",
    "fields": {
      "sport": "856d2abc-7c9e-48cc-a57c-2a4a2955e29c",
      "agent": "65ffe6f9-4ae0-40ae-a57f-eb480e50b4e8",
      "full_name": "Emma Girard",
      "slug": "emma-girard-4",
      "birth_date": "1994-05-15",
      "nationality": "Italie",
      "country": "Italie",
      "city": "Bordeaux",
      "bio": "Athlète professionnel(le) avec un palmarès reconnu sur la scène internationale.",
      "social_links": {
        "instagram": "https://instagram.com/emmagirard",
        "twitter": "https://twitter.com/emma"
      },
      "followers_count_cached": 19800,
      "engagement_rate_cached": "3.04",
      "avatar": "",
      "created_at": "2025-01-20T10:04:00Z",
      "updated_at": "2025-01-20T10:04:00Z"
    }
  },
  {
    "model": "athletes.athlete",
    "pk": "c6416ea2-b8a5-4715-93ab-ad9435a8b7fa",
    "fields": {
      "sport": "0b68a688-b9e3-409c-ad87-77089438af70",
      "agent": "59facb79-1f1b-408b-9a95-37748122ed5d",
      "full_name": "Fabien Moreau",
      "slug": "fabien-moreau-5",
      "birth_date": "1995-06-15",
      "nationality": "Allemagne",
      "country": "Allemagne",
      "city": "Marseille",
      "bio": "Athlète professionnel(le) avec un palmarès reconnu sur la scène internationale.",
      "social_links": {
        "instagram": "https://instagram.com/fabienmoreau",
        "twitter": "https://twitter.com/fabien"
      },
      "followers_count_cached": 21000,
      "engagement_rate_cached": "3.05",
      "avatar": "",
      "created_at": "2025-01-20T10:05:00Z",
      "updated_at": "2025-01-20T10:05:00Z"
    }
  },
  {
    "model": "athletes.athlete",
    "pk": "284fa1b3-189e-4129-828f-cd158d4591de",
    "fields": {
      "sport": "e45d5b97-f31c-4774-9f2c-5b64bb502fda",
      "agent": "01c8989d-fca3-42be-b8d1-e647aee7cd5c",
      "full_name": "Gaëlle Robert",
      "slug": "gaëlle-robert-6",
      "birth_date": "1996-07-15",
      "nationality": "France",
      "country": "France",
      "city": "Paris",
      "bio": "Athlète professionnel(le) avec un palmarès reconnu sur la scène internationale.",
      "social_links": {
        "instagram": "https://instagram.com/gaëllerobert",
        "twitter": "https://twitter.com/gaëlle"
      },
      "followers_count_cached": 22200,
      "engagement_rate_cached": "3.06",
      "avatar": "",
      "created_at": "2025-01-20T10:06:00Z",
      "updated_at": "2025-01-20T10:06:00Z"
    }
  },
  {
    "model": "athletes.athlete",
    "pk": "84a2a3a8-08ec-48ca-86df-c50b51310ff2",
    "fields": {
      "sport": "c2be4014-5f4b-4e43-9626-66ce9336c0fb",
      "agent": "3f17984b-9fdc-47a7-bf72-a7d37d6aa5cf",
      "full_name": "Milan Ortega",
      "slug": "milan-ortega-7",
      "birth_date": "1997-08-15",
      "nationality": "Belgique",
      "country": "Belgique",
      "city": "Lyon",
      "bio": "Athlète professionnel(le) avec un palmarès reconnu sur la scène internationale.",
      "social_links": {
        "instagram": "https://instagram.com/milanortega",
        "twitter": "https://twitter.com/milan"
      },
      "followers_count_cached": 23400,
      "engagement_rate_cached": "3.07",
      "avatar": "",
      "created_at": "2025-01-20T10:07:00Z",
      "updated_at": "2025-01-20T10:07:00Z"
    }
  },
  {
    "model": "athletes.athlete",
    "pk": "5191a0e3-8a1b-4e17-93f4-07a4e7449544",
    "fields": {
      "sport": "b353afc9-37c3-4ee3-a067-cb40c0cb38f6",
      "agent": "9dde7ee5-59cc-4ce4-91fa-7c281cd8d663",
      "full_name": "Yara Benali",
      "slug": "yara-benali-8",
      "birth_date": "1998-09-15",
      "nationality": "Suisse",
      "country": "Suisse",
      "city": "Nice",
      "bio": "Athlète professionnel(le) avec un palmarès reconnu sur la scène internationale.",
      "social_links": {
        "instagram": "https://instagram.com/yarabenali",
        "twitter": "https://twitter.com/yara"
      },
      "followers_count_cached": 24600,
      "engagement_rate_cached": "3.08",
      "avatar": "",
      "created_at": "2025-01-20T10:08:00Z",
      "updated_at": "2025-01-20T10:08:00Z"
    }
  },
  {
    "model": "athletes.athlete",
    "pk": "873bdc15-59f3-4504-8e0a-8d771f9f2a0a",
    "fields": {
      "sport": "1667419a-b296-4e37-9ea0-04380e7edada",
      "agent": "102dd21e-12bb-43b9-b0de-2d41e8b7afcf",
      "full_name": "Theo Ricard",
      "slug": "theo-ricard-9",
      "birth_date": "1999-01-15",
      "nationality": "Espagne",
      "country": "Espagne",
      "city": "Toulouse",
      "bio": "Athlète professionnel(le) avec un palmarès reconnu sur la scène internationale.",
      "social_links": {
        "instagram": "https://instagram.com/theoricard",
        "twitter": "https://twitter.com/theo"
      },
      "followers_count_cached": 25800,
      "engagement_rate_cached": "3.09",
      "avatar": "",
      "created_at": "2025-01-20T10:09:00Z",
      "updated_at": "2025-01-20T10:09:00Z"
    }
  },
  {
    "model": "athletes.athlete",
    "pk": "b9967bab-8bc3-450d-a2d2-3022e788d73a",
    "fields": {
      "sport": "d0afbcc8-ddf6-4855-8c70-54a89c0f0a4e",
      "agent": "fec85a0a-f4a9-44db-8b95-9a5e22b789d5",
      "full_name": "Selena Kone",
      "slug": "selena-kone-10",
      "birth_date": "1990-02-15",
      "nationality": "Italie",
      "country": "Italie",
      "city": "Bordeaux",
      "bio": "Athlète professionnel(le) avec un palmarès reconnu sur la scène internationale.",
      "social_links": {
        "instagram": "https://instagram.com/selenakone",
        "twitter": "https://twitter.com/selena"
      },
      "followers_count_cached": 27000,
      "engagement_rate_cached": "3.10",
      "avatar": "",
      "created_at": "2025-01-20T10:10:00Z",
      "updated_at": "2025-01-20T10:10:00Z"
    }
  },
  {
    "model": "athletes.athlete",
    "pk": "2f13b30e-5ac2-4eec-805f-899e18c2cfc3",
    "fields": {
      "sport": "84a93730-8f69-492d-95e9-ad174e66bf1a",
      "agent": "28101416-ab73-4d8e-827b-f7aee6591103",
      "full_name": "Jonas Kramer",
      "slug": "jonas-kramer-11",
      "birth_date": "1991-03-15",
      "nationality": "Allemagne",
      "country": "Allemagne",
      "city": "Marseille",
      "bio": "Athlète professionnel(le) avec un palmarès reconnu sur la scène internationale.",
      "social_links": {
        "instagram": "https://instagram.com/jonaskramer",
        "twitter": "https://twitter.com/jonas"
      },
      "followers_count_cached": 28200,
      "engagement_rate_cached": "3.11",
      "avatar": "",
      "created_at": "2025-01-20T10:11:00Z",
      "updated_at": "2025-01-20T10:11:00Z"
    }
  },
  {
    "model": "athletes.athlete",
    "pk": "4ba924f0-274e-4a10-b167-9d7b248d8837",
    "fields": {
      "sport": "f52014a8-b33e-4a7c-a19f-97b7c77984a1",
      "agent": "f55c1ba3-ffe7-4475-8803-1589a902431a",
      "full_name": "Ingrid Meyer",
      "slug": "ingrid-meyer-12",
      "birth_date": "1992-04-15",
      "nationality": "France",
      "country": "France",
      "city": "Paris",
      "bio": "Athlète professionnel(le) avec un palmarès reconnu sur la scène internationale.",
      "social_links": {
        "instagram": "https://instagram.com/ingridmeyer",
        "twitter": "https://twitter.com/ingrid"
      },
      "followers_count_cached": 29400,
      "engagement_rate_cached": "3.12",
      "avatar": "",
      "created_at": "2025-01-20T10:12:00Z",
      "updated_at": "2025-01-20T10:12:00Z"
    }
  },
  {
    "model": "athletes.athlete",
    "pk": "b98cdbe8-2a38-4c78-8337-e26e9577f9a2",
    "fields": {
      "sport": "2d1f8ca3-82dc-4732-9778-fb1fdfd002f3",
      "agent": "f55c1ba3-ffe7-4475-8803-1589a902431a",
      "full_name": "Lucas Vidal",
      "slug": "lucas-vidal-13",
      "birth_date": "1993-05-15",
      "nationality": "Belgique",
      "country": "Belgique",
      "city": "Lyon",
      "bio": "Athlète professionnel(le) avec un palmarès reconnu sur la scène internationale.",
      "social_links": {
        "instagram": "https://instagram.com/lucasvidal",
        "twitter": "https://twitter.com/lucas"
      },
      "followers_count_cached": 30600,
      "engagement_rate_cached": "3.13",
      "avatar": "",
      "created_at": "2025-01-20T10:13:00Z",
      "updated_at": "2025-01-20T10:13:00Z"
    }
  },
  {
    "model": "athletes.athlete",
    "pk": "54ae4d9d-16b1-4886-a494-b0414866bd9c",
    "fields": {
      "sport": "856d2abc-7c9e-48cc-a57c-2a4a2955e29c",
      "agent": "f55c1ba3-ffe7-4475-8803-1589a902431a",
      "full_name": "Maya Sato",
      "slug": "maya-sato-14",
      "birth_date": "1994-06-15",
      "nationality": "Suisse",
      "country": "Suisse",
      "city": "Nice",
      "bio": "Athlète professionnel(le) avec un palmarès reconnu sur la scène internationale.",
      "social_links": {
        "instagram": "https://instagram.com/mayasato",
        "twitter": "https://twitter.com/maya"
      },
      "followers_count_cached": 31800,
      "engagement_rate_cached": "3.14",
      "avatar": "",
      "created_at": "2025-01-20T10:14:00Z",
      "updated_at": "2025-01-20T10:14:00Z"
    }
  },
  {
    "model": "athletes.athlete",
    "pk": "3142b75b-ee28-4a09-b5ef-f889553d9032",
    "fields": {
      "sport": "0b68a688-b9e3-409c-ad87-77089438af70",
      "agent": "f55c1ba3-ffe7-4475-8803-1589a902431a",
      "full_name": "Noah Fischer",
      "slug": "noah-fischer-15",
      "birth_date": "1995-07-15",
      "nationality": "Espagne",
      "country": "Espagne",
      "city": "Toulouse",
      "bio": "Athlète professionnel(le) avec un palmarès reconnu sur la scène internationale.",
      "social_links": {
        "instagram": "https://instagram.com/noahfischer",
        "twitter": "https://twitter.com/noah"
      },
      "followers_count_cached": 33000,
      "engagement_rate_cached": "3.15",
      "avatar": "",
      "created_at": "2025-01-20T10:15:00Z",
      "updated_at": "2025-01-20T10:15:00Z"
    }
  },
  {
    "model": "athletes.athlete",
    "pk": "7b4c95eb-3479-46e4-9748-90329c193a61",
    "fields": {
      "sport": "e45d5b97-f31c-4774-9f2c-5b64bb502fda",
      "agent": "f55c1ba3-ffe7-4475-8803-1589a902431a",
      "full_name": "Clara Jensen",
      "slug": "clara-jensen-16",
      "birth_date": "1996-08-15",
      "nationality": "Italie",
      "country": "Italie",
      "city": "Bordeaux",
      "bio": "Athlète professionnel(le) avec un palmarès reconnu sur la scène internationale.",
      "social_links": {
        "instagram": "https://instagram.com/clarajensen",
        "twitter": "https://twitter.com/clara"
      },
      "followers_count_cached": 34200,
      "engagement_rate_cached": "3.16",
      "avatar": "",
      "created_at": "2025-01-20T10:16:00Z",
      "updated_at": "2025-01-20T10:16:00Z"
    }
  },
  {
    "model": "athletes.athlete",
    "pk": "7bc11d62-9009-4dee-99d8-c78f4d59b221",
    "fields": {
      "sport": "c2be4014-5f4b-4e43-9626-66ce9336c0fb",
      "agent": "8fd88bd4-5294-4006-98b9-943057560bfe",
      "full_name": "Rafael Costa",
      "slug": "rafael-costa-17",
      "birth_date": "1997-09-15",
      "nationality": "Allemagne",
      "country": "Allemagne",
      "city": "Marseille",
      "bio": "Athlète professionnel(le) avec un palmarès reconnu sur la scène internationale.",
      "social_links": {
        "instagram": "https://instagram.com/rafaelcosta",
        "twitter": "https://twitter.com/rafael"
      },
      "followers_count_cached": 35400,
      "engagement_rate_cached": "3.17",
      "avatar": "",
      "created_at": "2025-01-20T10:17:00Z",
      "updated_at": "2025-01-20T10:17:00Z"
    }
  },
  {
    "model": "athletes.athlete",
    "pk": "266a2fd4-44ee-4f48-ace7-6e9a1bdc080f",
    "fields": {
      "sport": "b353afc9-37c3-4ee3-a067-cb40c0cb38f6",
      "agent": "8fd88bd4-5294-4006-98b9-943057560bfe",
      "full_name": "Lucie Moretti",
      "slug": "lucie-moretti-18",
      "birth_date": "1998-01-15",
      "nationality": "France",
      "country": "France",
      "city": "Paris",
      "bio": "Athlète professionnel(le) avec un palmarès reconnu sur la scène internationale.",
      "social_links": {
        "instagram": "https://instagram.com/luciemoretti",
        "twitter": "https://twitter.com/lucie"
      },
      "followers_count_cached": 36600,
      "engagement_rate_cached": "3.18",
      "avatar": "",
      "created_at": "2025-01-20T10:18:00Z",
      "updated_at": "2025-01-20T10:18:00Z"
    }
  },
  {
    "model": "athletes.athlete",
    "pk": "52296249-08c4-47cf-8872-d7fb7c748fc1",
    "fields": {
      "sport": "1667419a-b296-4e37-9ea0-04380e7edada",
      "agent": "8fd88bd4-5294-4006-98b9-943057560bfe",
      "full_name": "Amira Idrissi",
      "slug": "amira-idrissi-19",
      "birth_date": "1999-02-15",
      "nationality": "Belgique",
      "country": "Belgique",
      "city": "Lyon",
      "bio": "Athlète professionnel(le) avec un palmarès reconnu sur la scène internationale.",
      "social_links": {
        "instagram": "https://instagram.com/amiraidrissi",
        "twitter": "https://twitter.com/amira"
      },
      "followers_count_cached": 37800,
      "engagement_rate_cached": "3.19",
      "avatar": "",
      "created_at": "2025-01-20T10:19:00Z",
      "updated_at": "2025-01-20T10:19:00Z"
    }
  },
  {
    "model": "athletes.athlete",
    "pk": "17b505db-b8b1-4c1a-ae87-5aa99f4b742a",
    "fields": {
      "sport": "d0afbcc8-ddf6-4855-8c70-54a89c0f0a4e",
      "agent": "8fd88bd4-5294-4006-98b9-943057560bfe",
      "full_name": "Victor Da Silva",
      "slug": "victor-da-silva-20",
      "birth_date": "1990-03-15",
      "nationality": "Suisse",
      "country": "Suisse",
      "city": "Nice",
      "bio": "Athlète professionnel(le) avec un palmarès reconnu sur la scène internationale.",
      "social_links": {
        "instagram": "https://instagram.com/victordasilva",
        "twitter": "https://twitter.com/victor"
      },
      "followers_count_cached": 39000,
      "engagement_rate_cached": "3.20",
      "avatar": "",
      "created_at": "2025-01-20T10:20:00Z",
      "updated_at": "2025-01-20T10:20:00Z"
    }
  },
  {
    "model": "athletes.athlete",
    "pk": "466e568a-81f6-4a88-9423-962aa111a1d5",
    "fields": {
      "sport": "84a93730-8f69-492d-95e9-ad174e66bf1a",
      "agent": "8fd88bd4-5294-4006-98b9-943057560bfe",
      "full_name": "Elena Popov",
      "slug": "elena-popov-21",
      "birth_date": "1991-04-15",
      "nationality": "Espagne",
      "country": "Espagne",
      "city": "Toulouse",
      "bio": "Athlète professionnel(le) avec un palmarès reconnu sur la scène internationale.",
      "social_links": {
        "instagram": "https://instagram.com/elenapopov",
        "twitter": "https://twitter.com/elena"
      },
      "followers_count_cached": 40200,
      "engagement_rate_cached": "3.21",
      "avatar": "",
      "created_at": "2025-01-20T10:21:00Z",
      "updated_at": "2025-01-20T10:21:00Z"
    }
  },
  {
    "model": "athletes.athlete",
    "pk": "f82ff54e-dbb9-4b4f-b9ab-d7607d792b3a",
    "fields": {
      "sport": "f52014a8-b33e-4a7c-a19f-97b7c77984a1",
      "agent": "82d4fc29-c6d1-4ec1-aecc-f2e670cfaaa7",
      "full_name": "Jules Lambert",
      "slug": "jules-lambert-22",
      "birth_date": "1992-05-15",
      "nationality": "Italie",
      "country": "Italie",
      "city": "Bordeaux",
      "bio": "Athlète professionnel(le) avec un palmarès reconnu sur la scène internationale.",
      "social_links": {
        "instagram": "https://instagram.com/juleslambert",
        "twitter": "https://twitter.com/jules"
      },
      "followers_count_cached": 41400,
      "engagement_rate_cached": "3.22",
      "avatar": "",
      "created_at": "2025-01-20T10:22:00Z",
      "updated_at": "2025-01-20T10:22:00Z"
    }
  },
  {
    "model": "athletes.athlete",
    "pk": "6ad71a7f-7554-4903-b412-3907d01dca68",
    "fields": {
      "sport": "2d1f8ca3-82dc-4732-9778-fb1fdfd002f3",
      "agent": "82d4fc29-c6d1-4ec1-aecc-f2e670cfaaa7",
      "full_name": "Sofia Romano",
      "slug": "sofia-romano-23",
      "birth_date": "1993-06-15",
      "nationality": "Allemagne",
      "country": "Allemagne",
      "city": "Marseille",
      "bio": "Athlète professionnel(le) avec un palmarès reconnu sur la scène internationale.",
      "social_links": {
        "instagram": "https://instagram.com/sofiaromano",
        "twitter": "https://twitter.com/sofia"
      },
      "followers_count_cached": 42600,
      "engagement_rate_cached": "3.23",
      "avatar": "",
      "created_at": "2025-01-20T10:23:00Z",
      "updated_at": "2025-01-20T10:23:00Z"
    }
  },
  {
    "model": "athletes.athlete",
    "pk": "f0231008-d593-4a0f-b589-7373025b746a",
    "fields": {
      "sport": "856d2abc-7c9e-48cc-a57c-2a4a2955e29c",
      "agent": "82d4fc29-c6d1-4ec1-aecc-f2e670cfaaa7",
      "full_name": "Tobias Keller",
      "slug": "tobias-keller-24",
      "birth_date": "1994-07-15",
      "nationality": "France",
      "country": "France",
      "city": "Paris",
      "bio": "Athlète professionnel(le) avec un palmarès reconnu sur la scène internationale.",
      "social_links": {
        "instagram": "https://instagram.com/tobiaskeller",
        "twitter": "https://twitter.com/tobias"
      },
      "followers_count_cached": 43800,
      "engagement_rate_cached": "3.24",
      "avatar": "",
      "created_at": "2025-01-20T10:24:00Z",
      "updated_at": "2025-01-20T10:24:00Z"
    }
  },
  {
    "model": "athletes.athlete",
    "pk": "232d0f4c-76e5-4561-b35e-c209ab9b98f0",
    "fields": {
      "sport": "0b68a688-b9e3-409c-ad87-77089438af70",
      "agent": "82d4fc29-c6d1-4ec1-aecc-f2e670cfaaa7",
      "full_name": "Hanna Schultz",
      "slug": "hanna-schultz-25",
      "birth_date": "1995-08-15",
      "nationality": "Belgique",
      "country": "Belgique",
      "city": "Lyon",
      "bio": "Athlète professionnel(le) avec un palmarès reconnu sur la scène internationale.",
      "social_links": {
        "instagram": "https://instagram.com/hannaschultz",
        "twitter": "https://twitter.com/hanna"
      },
      "followers_count_cached": 45000,
      "engagement_rate_cached": "3.25",
      "avatar": "",
      "created_at": "2025-01-20T10:25:00Z",
      "updated_at": "2025-01-20T10:25:00Z"
    }
  },
  {
    "model": "athletes.athlete",
    "pk": "558a3c47-d1ec-4a45-b599-47b849fc9b43",
    "fields": {
      "sport": "e45d5b97-f31c-4774-9f2c-5b64bb502fda",
      "agent": "82d4fc29-c6d1-4ec1-aecc-f2e670cfaaa7",
      "full_name": "Ivy McKenna",
      "slug": "ivy-mckenna-26",
      "birth_date": "1996-09-15",
      "nationality": "Suisse",
      "country": "Suisse",
      "city": "Nice",
      "bio": "Athlète professionnel(le) avec un palmarès reconnu sur la scène internationale.",
      "social_links": {
        "instagram": "https://instagram.com/ivymckenna",
        "twitter": "https://twitter.com/ivy"
      },
      "followers_count_cached": 46200,
      "engagement_rate_cached": "3.26",
      "avatar": "",
      "created_at": "2025-01-20T10:26:00Z",
      "updated_at": "2025-01-20T10:26:00Z"
    }
  },
  {
    "model": "athletes.athlete",
    "pk": "15d09d2e-cddb-484d-8ce5-9b90499053f4",
    "fields": {
      "sport": "c2be4014-5f4b-4e43-9626-66ce9336c0fb",
      "agent": "03c6cfb4-1c53-4441-9232-ec8daa32adc7",
      "full_name": "Leo Andersson",
      "slug": "leo-andersson-27",
      "birth_date": "1997-01-15",
      "nationality": "Espagne",
      "country": "Espagne",
      "city": "Toulouse",
      "bio": "Athlète professionnel(le) avec un palmarès reconnu sur la scène internationale.",
      "social_links": {
        "instagram": "https://instagram.com/leoandersson",
        "twitter": "https://twitter.com/leo"
      },
      "followers_count_cached": 47400,
      "engagement_rate_cached": "3.27",
      "avatar": "",
      "created_at": "2025-01-20T10:27:00Z",
      "updated_at": "2025-01-20T10:27:00Z"
    }
  },
  {
    "model": "athletes.athlete",
    "pk": "18b0a588-06e7-4271-9204-0d3136a3ebf8",
    "fields": {
      "sport": "b353afc9-37c3-4ee3-a067-cb40c0cb38f6",
      "agent": "03c6cfb4-1c53-4441-9232-ec8daa32adc7",
      "full_name": "Aisha Diallo",
      "slug": "aisha-diallo-28",
      "birth_date": "1998-02-15",
      "nationality": "Italie",
      "country": "Italie",
      "city": "Bordeaux",
      "bio": "Athlète professionnel(le) avec un palmarès reconnu sur la scène internationale.",
      "social_links": {
        "instagram": "https://instagram.com/aishadiallo",
        "twitter": "https://twitter.com/aisha"
      },
      "followers_count_cached": 48600,
      "engagement_rate_cached": "3.28",
      "avatar": "",
      "created_at": "2025-01-20T10:28:00Z",
      "updated_at": "2025-01-20T10:28:00Z"
    }
  },
  {
    "model": "athletes.athlete",
    "pk": "5f60eccb-818d-4581-8bb2-2b304837f9fa",
    "fields": {
      "sport": "1667419a-b296-4e37-9ea0-04380e7edada",
      "agent": "03c6cfb4-1c53-4441-9232-ec8daa32adc7",
      "full_name": "Jonah Clarke",
      "slug": "jonah-clarke-29",
      "birth_date": "1999-03-15",
      "nationality": "Allemagne",
      "country": "Allemagne",
      "city": "Marseille",
      "bio": "Athlète professionnel(le) avec un palmarès reconnu sur la scène internationale.",
      "social_links": {
        "instagram": "https://instagram.com/jonahclarke",
        "twitter": "https://twitter.com/jonah"
      },
      "followers_count_cached": 49800,
      "engagement_rate_cached": "3.29",
      "avatar": "",
      "created_at": "2025-01-20T10:29:00Z",
      "updated_at": "2025-01-20T10:29:00Z"
    }
  },
  {
    "model": "athletes.athlete",
    "pk": "3cdd254b-204b-4857-b9f4-f5b451689771",
    "fields": {
      "sport": "d0afbcc8-ddf6-4855-8c70-54a89c0f0a4e",
      "agent": "03c6cfb4-1c53-4441-9232-ec8daa32adc7",
      "full_name": "Mira Novak",
      "slug": "mira-novak-30",
      "birth_date": "1990-04-15",
      "nationality": "France",
      "country": "France",
      "city": "Paris",
      "bio": "Athlète professionnel(le) avec un palmarès reconnu sur la scène internationale.",
      "social_links": {
        "instagram": "https://instagram.com/miranovak",
        "twitter": "https://twitter.com/mira"
      },
      "followers_count_cached": 51000,
      "engagement_rate_cached": "3.30",
      "avatar": "",
      "created_at": "2025-01-20T10:30:00Z",
      "updated_at": "2025-01-20T10:30:00Z"
    }
  },
  {
    "model": "athletes.athlete",
    "pk": "8aa88e22-a3c6-400f-b680-22c0d6460e38",
    "fields": {
      "sport": "84a93730-8f69-492d-95e9-ad174e66bf1a",
      "agent": "03c6cfb4-1c53-4441-9232-ec8daa32adc7",
      "full_name": "Pavel Horvat",
      "slug": "pavel-horvat-31",
      "birth_date": "1991-05-15",
      "nationality": "Belgique",
      "country": "Belgique",
      "city": "Lyon",
      "bio": "Athlète professionnel(le) avec un palmarès reconnu sur la scène internationale.",
      "social_links": {
        "instagram": "https://instagram.com/pavelhorvat",
        "twitter": "https://twitter.com/pavel"
      },
      "followers_count_cached": 52200,
      "engagement_rate_cached": "3.31",
      "avatar": "",
      "created_at": "2025-01-20T10:31:00Z",
      "updated_at": "2025-01-20T10:31:00Z"
    }
  },
  {
    "model": "athletes.athlete",
    "pk": "0d5df98c-6eb9-4c07-9599-6f631390b23c",
    "fields": {
      "sport": "f52014a8-b33e-4a7c-a19f-97b7c77984a1",
      "agent": "03c6cfb4-1c53-4441-9232-ec8daa32adc7",
      "full_name": "Sara Nordin",
      "slug": "sara-nordin-32",
      "birth_date": "1992-06-15",
      "nationality": "Suisse",
      "country": "Suisse",
      "city": "Nice",
      "bio": "Athlète professionnel(le) avec un palmarès reconnu sur la scène internationale.",
      "social_links": {
        "instagram": "https://instagram.com/saranordin",
        "twitter": "https://twitter.com/sara"
      },
      "followers_count_cached": 53400,
      "engagement_rate_cached": "3.32",
      "avatar": "",
      "created_at": "2025-01-20T10:32:00Z",
      "updated_at": "2025-01-20T10:32:00Z"
    }
  },
  {
    "model": "athletes.athlete",
    "pk": "d39d4033-03a8-45e9-bf0d-529f7e31b1d4",
    "fields": {
      "sport": "2d1f8ca3-82dc-4732-9778-fb1fdfd002f3",
      "agent": "03c6cfb4-1c53-4441-9232-ec8daa32adc7",
      "full_name": "Elodie Marchal",
      "slug": "elodie-marchal-33",
      "birth_date": "1993-07-15",
      "nationality": "Espagne",
      "country": "Espagne",
      "city": "Toulouse",
      "bio": "Athlète professionnel(le) avec un palmarès reconnu sur la scène internationale.",
      "social_links": {
        "instagram": "https://instagram.com/elodiemarchal",
        "twitter": "https://twitter.com/elodie"
      },
      "followers_count_cached": 54600,
      "engagement_rate_cached": "3.33",
      "avatar": "",
      "created_at": "2025-01-20T10:33:00Z",
      "updated_at": "2025-01-20T10:33:00Z"
    }
  },
  {
    "model": "athletes.athlete",
    "pk": "4d49dbb9-d3de-4bec-a60b-c6a9371f7ca5",
    "fields": {
      "sport": "856d2abc-7c9e-48cc-a57c-2a4a2955e29c",
      "agent": "03c6cfb4-1c53-4441-9232-ec8daa32adc7",
      "full_name": "Kenji Watanabe",
      "slug": "kenji-watanabe-34",
      "birth_date": "1994-08-15",
      "nationality": "Italie",
      "country": "Italie",
      "city": "Bordeaux",
      "bio": "Athlète professionnel(le) avec un palmarès reconnu sur la scène internationale.",
      "social_links": {
        "instagram": "https://instagram.com/kenjiwatanabe",
        "twitter": "https://twitter.com/kenji"
      },
      "followers_count_cached": 55800,
      "engagement_rate_cached": "3.34",
      "avatar": "",
      "created_at": "2025-01-20T10:34:00Z",
      "updated_at": "2025-01-20T10:34:00Z"
    }
  },
  {
    "model": "athletes.athlete",
    "pk": "7ec9650f-4c14-4064-b026-e04d3a752429",
    "fields": {
      "sport": "0b68a688-b9e3-409c-ad87-77089438af70",
      "agent": "03c6cfb4-1c53-4441-9232-ec8daa32adc7",
      "full_name": "Camila Torres",
      "slug": "camila-torres-35",
      "birth_date": "1995-09-15",
      "nationality": "Allemagne",
      "country": "Allemagne",
      "city": "Marseille",
      "bio": "Athlète professionnel(le) avec un palmarès reconnu sur la scène internationale.",
      "social_links": {
        "instagram": "https://instagram.com/camilatorres",
        "twitter": "https://twitter.com/camila"
      },
      "followers_count_cached": 57000,
      "engagement_rate_cached": "3.35",
      "avatar": "",
      "created_at": "2025-01-20T10:35:00Z",
      "updated_at": "2025-01-20T10:35:00Z"
    }
  },
  {
    "model": "athletes.athlete",
    "pk": "ed58b731-cf55-4f25-bb7c-30a8c2c056e7",
    "fields": {
      "sport": "e45d5b97-f31c-4774-9f2c-5b64bb502fda",
      "agent": "03c6cfb4-1c53-4441-9232-ec8daa32adc7",
      "full_name": "Nikolai Petrov",
      "slug": "nikolai-petrov-36",
      "birth_date": "1996-01-15",
      "nationality": "France",
      "country": "France",
      "city": "Paris",
      "bio": "Athlète professionnel(le) avec un palmarès reconnu sur la scène internationale.",
      "social_links": {
        "instagram": "https://instagram.com/nikolaipetrov",
        "twitter": "https://twitter.com/nikolai"
      },
      "followers_count_cached": 58200,
      "engagement_rate_cached": "3.36",
      "avatar": "",
      "created_at": "2025-01-20T10:36:00Z",
      "updated_at": "2025-01-20T10:36:00Z"
    }
  },
  {
    "model": "athletes.athletediscipline",
    "pk": "420e6be0-9fcd-42c5-814e-3dfa0cd0a28a",
    "fields": {
      "athlete": "d5a9b7b5-595f-4703-a713-d53d289d4722",
      "discipline": "d85f7a9c-4fea-4152-88ca-10cc41f9e805",
      "created_at": "2025-01-20T10:00:10Z",
      "updated_at": "2025-01-20T10:00:10Z"
    }
  },
  {
    "model": "athletes.athletediscipline",
    "pk": "af15cf78-94df-47d9-8c1e-672d91fd81a2",
    "fields": {
      "athlete": "d10579bc-743b-4373-90d3-996078b9bea7",
      "discipline": "7cde3bcf-8253-45ee-8cb6-e9a817bc7d90",
      "created_at": "2025-01-20T10:01:10Z",
      "updated_at": "2025-01-20T10:01:10Z"
    }
  },
  {
    "model": "athletes.athletediscipline",
    "pk": "5f4b3185-1ae6-4dfc-85d5-35883b3a5b0b",
    "fields": {
      "athlete": "d10579bc-743b-4373-90d3-996078b9bea7",
      "discipline": "25c2d07e-e8e3-4213-8903-6d7f7e8cec12",
      "created_at": "2025-01-20T10:02:10Z",
      "updated_at": "2025-01-20T10:02:10Z"
    }
  },
  {
    "model": "athletes.athletediscipline",
    "pk": "512931f2-48c9-4428-95dd-a0b4e151ccf7",
    "fields": {
      "athlete": "5220e2a9-5cb7-4129-8021-cc9e3c8537f1",
      "discipline": "d9fd39b1-f11f-416a-8619-1526c0369366",
      "created_at": "2025-01-20T10:03:10Z",
      "updated_at": "2025-01-20T10:03:10Z"
    }
  },
  {
    "model": "athletes.athletediscipline",
    "pk": "896e4a70-8889-4eb2-981d-5cad35df3eb6",
    "fields": {
      "athlete": "5220e2a9-5cb7-4129-8021-cc9e3c8537f1",
      "discipline": "6cf767e9-fd57-47c4-86d8-fc7637d577eb",
      "created_at": "2025-01-20T10:04:10Z",
      "updated_at": "2025-01-20T10:04:10Z"
    }
  },
  {
    "model": "athletes.athletediscipline",
    "pk": "ab8ef035-e400-4541-821e-28a207ec1481",
    "fields": {
      "athlete": "e617068e-d37e-486d-9365-a3de30ba695d",
      "discipline": "25c2d07e-e8e3-4213-8903-6d7f7e8cec12",
      "created_at": "2025-01-20T10:05:10Z",
      "updated_at": "2025-01-20T10:05:10Z"
    }
  },
  {
    "model": "athletes.athletediscipline",
    "pk": "8effed43-6dc3-41d0-9b7b-8e514f236e4c",
    "fields": {
      "athlete": "e617068e-d37e-486d-9365-a3de30ba695d",
      "discipline": "6b43b186-c689-4daf-b51d-bd78863ab938",
      "created_at": "2025-01-20T10:06:10Z",
      "updated_at": "2025-01-20T10:06:10Z"
    }
  },
  {
    "model": "athletes.athletediscipline",
    "pk": "01455a0a-4f3c-49cb-9a63-c96df11089b7",
    "fields": {
      "athlete": "cffab329-a3ea-4e81-aa18-b54fdaa8906d",
      "discipline": "d31be085-d634-4ab9-bec7-ad8c275a1983",
      "created_at": "2025-01-20T10:07:10Z",
      "updated_at": "2025-01-20T10:07:10Z"
    }
  },
  {
    "model": "athletes.athletediscipline",
    "pk": "420c3637-cc40-41f3-99ba-1f1dc0b82ed9",
    "fields": {
      "athlete": "cffab329-a3ea-4e81-aa18-b54fdaa8906d",
      "discipline": "c67f0568-5bf2-4136-8c98-f8718c417b96",
      "created_at": "2025-01-20T10:08:10Z",
      "updated_at": "2025-01-20T10:08:10Z"
    }
  },
  {
    "model": "athletes.athletediscipline",
    "pk": "d66a9736-8f8e-42bd-b8f1-f8bf349e39ba",
    "fields": {
      "athlete": "c6416ea2-b8a5-4715-93ab-ad9435a8b7fa",
      "discipline": "2ee80d15-0f5c-4a5f-bf02-6aa17387a96c",
      "created_at": "2025-01-20T10:09:10Z",
      "updated_at": "2025-01-20T10:09:10Z"
    }
  },
  {
    "model": "athletes.athletediscipline",
    "pk": "9ea74047-4b5d-4878-ac50-6f74423e0f45",
    "fields": {
      "athlete": "c6416ea2-b8a5-4715-93ab-ad9435a8b7fa",
      "discipline": "14ccbe30-cb15-4ccb-83e5-02d658b8859a",
      "created_at": "2025-01-20T10:10:10Z",
      "updated_at": "2025-01-20T10:10:10Z"
    }
  },
  {
    "model": "athletes.athletediscipline",
    "pk": "bfd718b3-34b4-4cdb-8e61-774d3a58cf2e",
    "fields": {
      "athlete": "284fa1b3-189e-4129-828f-cd158d4591de",
      "discipline": "6cf767e9-fd57-47c4-86d8-fc7637d577eb",
      "created_at": "2025-01-20T10:11:10Z",
      "updated_at": "2025-01-20T10:11:10Z"
    }
  },
  {
    "model": "athletes.athletediscipline",
    "pk": "40ba2796-2443-4b10-978f-82a3bb35d798",
    "fields": {
      "athlete": "284fa1b3-189e-4129-828f-cd158d4591de",
      "discipline": "9640b913-eb09-4978-8774-1f89b7cb996d",
      "created_at": "2025-01-20T10:12:10Z",
      "updated_at": "2025-01-20T10:12:10Z"
    }
  },
  {
    "model": "athletes.athletediscipline",
    "pk": "700a8a9d-4729-4aa8-ad0b-dd879cd6c4a1",
    "fields": {
      "athlete": "84a2a3a8-08ec-48ca-86df-c50b51310ff2",
      "discipline": "43561aef-6714-47dd-86b5-82796ee3c136",
      "created_at": "2025-01-20T10:13:10Z",
      "updated_at": "2025-01-20T10:13:10Z"
    }
  },
  {
    "model": "athletes.athletediscipline",
    "pk": "de70063f-246d-4365-b737-988c965128ab",
    "fields": {
      "athlete": "84a2a3a8-08ec-48ca-86df-c50b51310ff2",
      "discipline": "0f18bb5f-0ee2-497d-abea-6cb888b05917",
      "created_at": "2025-01-20T10:14:10Z",
      "updated_at": "2025-01-20T10:14:10Z"
    }
  },
  {
    "model": "athletes.athletediscipline",
    "pk": "1b79260a-e6dc-4d81-bf16-f9b9d82f0a04",
    "fields": {
      "athlete": "5191a0e3-8a1b-4e17-93f4-07a4e7449544",
      "discipline": "30b52c13-7c04-4616-8838-5ccb82afc039",
      "created_at": "2025-01-20T10:15:10Z",
      "updated_at": "2025-01-20T10:15:10Z"
    }
  },
  {
    "model": "athletes.athletediscipline",
    "pk": "d801176e-c2bd-4908-a063-cb86f55aceb6",
    "fields": {
      "athlete": "5191a0e3-8a1b-4e17-93f4-07a4e7449544",
      "discipline": "85714a22-38ae-48ec-94ab-7d31017ec7a3",
      "created_at": "2025-01-20T10:16:10Z",
      "updated_at": "2025-01-20T10:16:10Z"
    }
  },
  {
    "model": "athletes.athletediscipline",
    "pk": "329a6989-ce08-4b52-aa7b-8d4f7c8c6d96",
    "fields": {
      "athlete": "873bdc15-59f3-4504-8e0a-8d771f9f2a0a",
      "discipline": "6b43b186-c689-4daf-b51d-bd78863ab938",
      "created_at": "2025-01-20T10:17:10Z",
      "updated_at": "2025-01-20T10:17:10Z"
    }
  },
  {
    "model": "athletes.athletediscipline",
    "pk": "4d7bd27e-3a65-411d-948f-07de30706227",
    "fields": {
      "athlete": "873bdc15-59f3-4504-8e0a-8d771f9f2a0a",
      "discipline": "f97d9007-2fed-42ec-b81c-1cdf64afb987",
      "created_at": "2025-01-20T10:18:10Z",
      "updated_at": "2025-01-20T10:18:10Z"
    }
  },
  {
    "model": "athletes.athletediscipline",
    "pk": "d90561e1-57e9-42d5-a33d-95f5f1fa3537",
    "fields": {
      "athlete": "b9967bab-8bc3-450d-a2d2-3022e788d73a",
      "discipline": "4241d03b-1205-4104-8271-d0b2a77786d6",
      "created_at": "2025-01-20T10:19:10Z",
      "updated_at": "2025-01-20T10:19:10Z"
    }
  },
  {
    "model": "athletes.athletediscipline",
    "pk": "edc1b873-f62a-4c90-8ede-c7712a1de999",
    "fields": {
      "athlete": "b9967bab-8bc3-450d-a2d2-3022e788d73a",
      "discipline": "d85f7a9c-4fea-4152-88ca-10cc41f9e805",
      "created_at": "2025-01-20T10:20:10Z",
      "updated_at": "2025-01-20T10:20:10Z"
    }
  },
  {
    "model": "athletes.athletediscipline",
    "pk": "c948878a-a63e-46f7-8b26-bd3d426b9455",
    "fields": {
      "athlete": "2f13b30e-5ac2-4eec-805f-899e18c2cfc3",
      "discipline": "4642ba15-c7eb-4589-99bf-7246eb17ad00",
      "created_at": "2025-01-20T10:21:10Z",
      "updated_at": "2025-01-20T10:21:10Z"
    }
  },
  {
    "model": "athletes.athletediscipline",
    "pk": "5f5f8db2-79b0-4eb9-85fd-8e4489b9d0ae",
    "fields": {
      "athlete": "2f13b30e-5ac2-4eec-805f-899e18c2cfc3",
      "discipline": "25c2d07e-e8e3-4213-8903-6d7f7e8cec12",
      "created_at": "2025-01-20T10:22:10Z",
      "updated_at": "2025-01-20T10:22:10Z"
    }
  },
  {
    "model": "athletes.athletediscipline",
    "pk": "c436972c-54b6-4fc0-89ce-9f14b3a4d868",
    "fields": {
      "athlete": "4ba924f0-274e-4a10-b167-9d7b248d8837",
      "discipline": "c67f0568-5bf2-4136-8c98-f8718c417b96",
      "created_at": "2025-01-20T10:23:10Z",
      "updated_at": "2025-01-20T10:23:10Z"
    }
  },
  {
    "model": "athletes.athletediscipline",
    "pk": "76d2bcaa-23ee-4d60-ac9f-974c92924d3f",
    "fields": {
      "athlete": "4ba924f0-274e-4a10-b167-9d7b248d8837",
      "discipline": "6cf767e9-fd57-47c4-86d8-fc7637d577eb",
      "created_at": "2025-01-20T10:24:10Z",
      "updated_at": "2025-01-20T10:24:10Z"
    }
  },
  {
    "model": "athletes.athletediscipline",
    "pk": "6e49d67b-c0f6-44af-b328-8d0c6d435505",
    "fields": {
      "athlete": "b98cdbe8-2a38-4c78-8337-e26e9577f9a2",
      "discipline": "a365c35e-d086-4c83-9908-ccaf0319b783",
      "created_at": "2025-01-20T10:25:10Z",
      "updated_at": "2025-01-20T10:25:10Z"
    }
  },
  {
    "model": "athletes.athletediscipline",
    "pk": "bfecf98d-6509-414e-a0f4-8a88a10f526d",
    "fields": {
      "athlete": "b98cdbe8-2a38-4c78-8337-e26e9577f9a2",
      "discipline": "6b43b186-c689-4daf-b51d-bd78863ab938",
      "created_at": "2025-01-20T10:26:10Z",
      "updated_at": "2025-01-20T10:26:10Z"
    }
  },
  {
    "model": "athletes.athletediscipline",
    "pk": "fa768a2c-4258-40ca-a29a-0e46ea0e9910",
    "fields": {
      "athlete": "54ae4d9d-16b1-4886-a494-b0414866bd9c",
      "discipline": "a3271eee-5e59-4d6a-ac9c-91f656c9ed3a",
      "created_at": "2025-01-20T10:27:10Z",
      "updated_at": "2025-01-20T10:27:10Z"
    }
  },
  {
    "model": "athletes.athletediscipline",
    "pk": "1ce64c0a-1e42-4da2-8816-080d8c46240e",
    "fields": {
      "athlete": "54ae4d9d-16b1-4886-a494-b0414866bd9c",
      "discipline": "c67f0568-5bf2-4136-8c98-f8718c417b96",
      "created_at": "2025-01-20T10:28:10Z",
      "updated_at": "2025-01-20T10:28:10Z"
    }
  },
  {
    "model": "athletes.athletediscipline",
    "pk": "e1557112-e72a-4a46-a29a-98191736c1a8",
    "fields": {
      "athlete": "3142b75b-ee28-4a09-b5ef-f889553d9032",
      "discipline": "14ccbe30-cb15-4ccb-83e5-02d658b8859a",
      "created_at": "2025-01-20T10:29:10Z",
      "updated_at": "2025-01-20T10:29:10Z"
    }
  },
  {
    "model": "athletes.athletediscipline",
    "pk": "3190e6e0-a717-45e2-8f63-740d1fe771b1",
    "fields": {
      "athlete": "7b4c95eb-3479-46e4-9748-90329c193a61",
      "discipline": "e92a9a86-0c3f-4869-8c86-0d5bc88a10e2",
      "created_at": "2025-01-20T10:30:10Z",
      "updated_at": "2025-01-20T10:30:10Z"
    }
  },
  {
    "model": "athletes.athletediscipline",
    "pk": "ce9fd579-0e0d-4f5f-948f-0f6cb146087c",
    "fields": {
      "athlete": "7b4c95eb-3479-46e4-9748-90329c193a61",
      "discipline": "9640b913-eb09-4978-8774-1f89b7cb996d",
      "created_at": "2025-01-20T10:31:10Z",
      "updated_at": "2025-01-20T10:31:10Z"
    }
  },
  {
    "model": "athletes.athletediscipline",
    "pk": "811a7cd5-fbd0-4a28-b24d-b7837483339a",
    "fields": {
      "athlete": "7bc11d62-9009-4dee-99d8-c78f4d59b221",
      "discipline": "8c59a2c0-3155-44b3-85c5-932e9b30d9ec",
      "created_at": "2025-01-20T10:32:10Z",
      "updated_at": "2025-01-20T10:32:10Z"
    }
  },
  {
    "model": "athletes.athletediscipline",
    "pk": "f5e9b0e5-fd61-4c73-8fb2-b85bb15f83f0",
    "fields": {
      "athlete": "7bc11d62-9009-4dee-99d8-c78f4d59b221",
      "discipline": "0f18bb5f-0ee2-497d-abea-6cb888b05917",
      "created_at": "2025-01-20T10:33:10Z",
      "updated_at": "2025-01-20T10:33:10Z"
    }
  },
  {
    "model": "athletes.athletediscipline",
    "pk": "c3388037-6eb2-4f05-a1fc-6bca51ecea7e",
    "fields": {
      "athlete": "266a2fd4-44ee-4f48-ace7-6e9a1bdc080f",
      "discipline": "9640b913-eb09-4978-8774-1f89b7cb996d",
      "created_at": "2025-01-20T10:34:10Z",
      "updated_at": "2025-01-20T10:34:10Z"
    }
  },
  {
    "model": "athletes.athletediscipline",
    "pk": "81d42e6b-194d-4094-b6bb-8d368c6115a6",
    "fields": {
      "athlete": "266a2fd4-44ee-4f48-ace7-6e9a1bdc080f",
      "discipline": "85714a22-38ae-48ec-94ab-7d31017ec7a3",
      "created_at": "2025-01-20T10:35:10Z",
      "updated_at": "2025-01-20T10:35:10Z"
    }
  },
  {
    "model": "athletes.athletediscipline",
    "pk": "8f968b48-f3b2-4ded-87a8-b835c244c5b0",
    "fields": {
      "athlete": "52296249-08c4-47cf-8872-d7fb7c748fc1",
      "discipline": "375ff7f9-68db-4942-a7f8-f8b767befcf6",
      "created_at": "2025-01-20T10:36:10Z",
      "updated_at": "2025-01-20T10:36:10Z"
    }
  },
  {
    "model": "athletes.athletediscipline",
    "pk": "69d9505b-e852-4c13-8ddd-1e04e49e66d5",
    "fields": {
      "athlete": "52296249-08c4-47cf-8872-d7fb7c748fc1",
      "discipline": "f97d9007-2fed-42ec-b81c-1cdf64afb987",
      "created_at": "2025-01-20T10:37:10Z",
      "updated_at": "2025-01-20T10:37:10Z"
    }
  },
  {
    "model": "athletes.athletediscipline",
    "pk": "c9dba0c3-f063-4996-a2d5-b98b7fb2c3b9",
    "fields": {
      "athlete": "17b505db-b8b1-4c1a-ae87-5aa99f4b742a",
      "discipline": "1805a4e9-21ee-44b0-9b44-6ae14e32d355",
      "created_at": "2025-01-20T10:38:10Z",
      "updated_at": "2025-01-20T10:38:10Z"
    }
  },
  {
    "model": "athletes.athletediscipline",
    "pk": "f6f17d8e-0552-4a27-872b-b9ff1a7eeabb",
    "fields": {
      "athlete": "17b505db-b8b1-4c1a-ae87-5aa99f4b742a",
      "discipline": "d85f7a9c-4fea-4152-88ca-10cc41f9e805",
      "created_at": "2025-01-20T10:39:10Z",
      "updated_at": "2025-01-20T10:39:10Z"
    }
  },
  {
    "model": "athletes.athletediscipline",
    "pk": "8a02b7e4-c3b3-4333-b39e-0904d749da62",
    "fields": {
      "athlete": "466e568a-81f6-4a88-9423-962aa111a1d5",
      "discipline": "0f18bb5f-0ee2-497d-abea-6cb888b05917",
      "created_at": "2025-01-20T10:40:10Z",
      "updated_at": "2025-01-20T10:40:10Z"
    }
  },
  {
    "model": "athletes.athletediscipline",
    "pk": "bc24843c-30d0-4612-bdcb-cc087f2b68a1",
    "fields": {
      "athlete": "466e568a-81f6-4a88-9423-962aa111a1d5",
      "discipline": "25c2d07e-e8e3-4213-8903-6d7f7e8cec12",
      "created_at": "2025-01-20T10:41:10Z",
      "updated_at": "2025-01-20T10:41:10Z"
    }
  },
  {
    "model": "athletes.athletediscipline",
    "pk": "4a877896-2cc9-4fca-9b41-8534d2ba4e0e",
    "fields": {
      "athlete": "f82ff54e-dbb9-4b4f-b9ab-d7607d792b3a",
      "discipline": "830721ec-ea7b-4a12-875c-1d1508eecd79",
      "created_at": "2025-01-20T10:42:10Z",
      "updated_at": "2025-01-20T10:42:10Z"
    }
  },
  {
    "model": "athletes.athletediscipline",
    "pk": "b2404188-def4-44a0-bc79-ca9976b2353c",
    "fields": {
      "athlete": "f82ff54e-dbb9-4b4f-b9ab-d7607d792b3a",
      "discipline": "6cf767e9-fd57-47c4-86d8-fc7637d577eb",
      "created_at": "2025-01-20T10:43:10Z",
      "updated_at": "2025-01-20T10:43:10Z"
    }
  },
  {
    "model": "athletes.athletediscipline",
    "pk": "8aa845ce-2df6-4002-957e-479fed4b7e9b",
    "fields": {
      "athlete": "6ad71a7f-7554-4903-b412-3907d01dca68",
      "discipline": "e0b39ee8-d2d6-4f4a-a966-0b29778615c2",
      "created_at": "2025-01-20T10:44:10Z",
      "updated_at": "2025-01-20T10:44:10Z"
    }
  },
  {
    "model": "athletes.athletediscipline",
    "pk": "0ee7c930-e95f-4eb8-aa0a-55e5bbcad0f8",
    "fields": {
      "athlete": "6ad71a7f-7554-4903-b412-3907d01dca68",
      "discipline": "6b43b186-c689-4daf-b51d-bd78863ab938",
      "created_at": "2025-01-20T10:45:10Z",
      "updated_at": "2025-01-20T10:45:10Z"
    }
  },
  {
    "model": "athletes.athletediscipline",
    "pk": "abb65180-d57d-411d-b258-502ed42e4f41",
    "fields": {
      "athlete": "f0231008-d593-4a0f-b589-7373025b746a",
      "discipline": "85714a22-38ae-48ec-94ab-7d31017ec7a3",
      "created_at": "2025-01-20T10:46:10Z",
      "updated_at": "2025-01-20T10:46:10Z"
    }
  },
  {
    "model": "athletes.athletediscipline",
    "pk": "6aa0019e-f6f4-42b8-88c7-dd4ba2458ed1",
    "fields": {
      "athlete": "f0231008-d593-4a0f-b589-7373025b746a",
      "discipline": "c67f0568-5bf2-4136-8c98-f8718c417b96",
      "created_at": "2025-01-20T10:47:10Z",
      "updated_at": "2025-01-20T10:47:10Z"
    }
  },
  {
    "model": "athletes.athletediscipline",
    "pk": "8fed56d6-a6b5-4c0b-b1a5-4c00bc819adf",
    "fields": {
      "athlete": "232d0f4c-76e5-4561-b35e-c209ab9b98f0",
      "discipline": "55940b63-2075-4b8f-be62-31b4e2e27f55",
      "created_at": "2025-01-20T10:48:10Z",
      "updated_at": "2025-01-20T10:48:10Z"
    }
  },
  {
    "model": "athletes.athletediscipline",
    "pk": "4b1adcbb-663f-4618-a547-7342291eda46",
    "fields": {
      "athlete": "232d0f4c-76e5-4561-b35e-c209ab9b98f0",
      "discipline": "14ccbe30-cb15-4ccb-83e5-02d658b8859a",
      "created_at": "2025-01-20T10:49:10Z",
      "updated_at": "2025-01-20T10:49:10Z"
    }
  },
  {
    "model": "athletes.athletediscipline",
    "pk": "55aac7c7-3c04-4326-bcd6-0f24f7d6dbaf",
    "fields": {
      "athlete": "558a3c47-d1ec-4a45-b599-47b849fc9b43",
      "discipline": "7b7e9c2d-2b0e-4fd0-88aa-e3c198f55c99",
      "created_at": "2025-01-20T10:50:10Z",
      "updated_at": "2025-01-20T10:50:10Z"
    }
  },
  {
    "model": "athletes.athletediscipline",
    "pk": "18065c92-ca59-4d25-98bc-854491eb34ee",
    "fields": {
      "athlete": "558a3c47-d1ec-4a45-b599-47b849fc9b43",
      "discipline": "9640b913-eb09-4978-8774-1f89b7cb996d",
      "created_at": "2025-01-20T10:51:10Z",
      "updated_at": "2025-01-20T10:51:10Z"
    }
  },
  {
    "model": "athletes.athletediscipline",
    "pk": "73ab6b11-5a0c-42fa-89d3-162bb4920c26",
    "fields": {
      "athlete": "15d09d2e-cddb-484d-8ce5-9b90499053f4",
      "discipline": "f97d9007-2fed-42ec-b81c-1cdf64afb987",
      "created_at": "2025-01-20T10:52:10Z",
      "updated_at": "2025-01-20T10:52:10Z"
    }
  },
  {
    "model": "athletes.athletediscipline",
    "pk": "37cfbede-1071-40d3-92f1-07cf0cec8c56",
    "fields": {
      "athlete": "15d09d2e-cddb-484d-8ce5-9b90499053f4",
      "discipline": "0f18bb5f-0ee2-497d-abea-6cb888b05917",
      "created_at": "2025-01-20T10:53:10Z",
      "updated_at": "2025-01-20T10:53:10Z"
    }
  },
  {
    "model": "athletes.athletediscipline",
    "pk": "df9d6c56-2df6-4d8f-a778-f5922f21f4c7",
    "fields": {
      "athlete": "18b0a588-06e7-4271-9204-0d3136a3ebf8",
      "discipline": "92a5bc71-f6ac-462c-bd48-f4e6009ffed2",
      "created_at": "2025-01-20T10:54:10Z",
      "updated_at": "2025-01-20T10:54:10Z"
    }
  },
  {
    "model": "athletes.athletediscipline",
    "pk": "67728a9c-19fe-4fc6-aef3-7f9ead38a1da",
    "fields": {
      "athlete": "18b0a588-06e7-4271-9204-0d3136a3ebf8",
      "discipline": "85714a22-38ae-48ec-94ab-7d31017ec7a3",
      "created_at": "2025-01-20T10:55:10Z",
      "updated_at": "2025-01-20T10:55:10Z"
    }
  },
  {
    "model": "athletes.athletediscipline",
    "pk": "2fecf569-53ea-4005-a45e-f2d1886e76f4",
    "fields": {
      "athlete": "5f60eccb-818d-4581-8bb2-2b304837f9fa",
      "discipline": "026c06b2-f80b-4616-8a73-17153ece29cb",
      "created_at": "2025-01-20T10:56:10Z",
      "updated_at": "2025-01-20T10:56:10Z"
    }
  },
  {
    "model": "athletes.athletediscipline",
    "pk": "540d87d9-07e8-4786-ad14-7f3bd6aafaa1",
    "fields": {
      "athlete": "5f60eccb-818d-4581-8bb2-2b304837f9fa",
      "discipline": "f97d9007-2fed-42ec-b81c-1cdf64afb987",
      "created_at": "2025-01-20T10:57:10Z",
      "updated_at": "2025-01-20T10:57:10Z"
    }
  },
  {
    "model": "athletes.athletediscipline",
    "pk": "3a8d0d88-fef0-4337-9a3e-3648ba1700ab",
    "fields": {
      "athlete": "3cdd254b-204b-4857-b9f4-f5b451689771",
      "discipline": "d85f7a9c-4fea-4152-88ca-10cc41f9e805",
      "created_at": "2025-01-20T10:58:10Z",
      "updated_at": "2025-01-20T10:58:10Z"
    }
  },
  {
    "model": "athletes.athletediscipline",
    "pk": "8bc915d6-2419-45c4-a21d-8fa60a9fa7d2",
    "fields": {
      "athlete": "8aa88e22-a3c6-400f-b680-22c0d6460e38",
      "discipline": "7cde3bcf-8253-45ee-8cb6-e9a817bc7d90",
      "created_at": "2025-01-20T10:59:10Z",
      "updated_at": "2025-01-20T10:59:10Z"
    }
  },
  {
    "model": "athletes.athletediscipline",
    "pk": "1f76a1b8-3788-4add-a403-2f1e8337e319",
    "fields": {
      "athlete": "8aa88e22-a3c6-400f-b680-22c0d6460e38",
      "discipline": "25c2d07e-e8e3-4213-8903-6d7f7e8cec12",
      "created_at": "2025-01-20T11:00:10Z",
      "updated_at": "2025-01-20T11:00:10Z"
    }
  },
  {
    "model": "athletes.athletediscipline",
    "pk": "0beabf8d-6f9e-4980-91b4-771f4532c004",
    "fields": {
      "athlete": "0d5df98c-6eb9-4c07-9599-6f631390b23c",
      "discipline": "d9fd39b1-f11f-416a-8619-1526c0369366",
      "created_at": "2025-01-20T11:01:10Z",
      "updated_at": "2025-01-20T11:01:10Z"
    }
  },
  {
    "model": "athletes.athletediscipline",
    "pk": "e62c45fa-d0eb-49be-8b3c-93437ffc67d9",
    "fields": {
      "athlete": "0d5df98c-6eb9-4c07-9599-6f631390b23c",
      "discipline": "6cf767e9-fd57-47c4-86d8-fc7637d577eb",
      "created_at": "2025-01-20T11:02:10Z",
      "updated_at": "2025-01-20T11:02:10Z"
    }
  },
  {
    "model": "athletes.athletediscipline",
    "pk": "2ba928eb-81d0-4733-82ad-10b386cedff2",
    "fields": {
      "athlete": "d39d4033-03a8-45e9-bf0d-529f7e31b1d4",
      "discipline": "25c2d07e-e8e3-4213-8903-6d7f7e8cec12",
      "created_at": "2025-01-20T11:03:10Z",
      "updated_at": "2025-01-20T11:03:10Z"
    }
  },
  {
    "model": "athletes.athletediscipline",
    "pk": "0795166c-e59a-42f6-b646-c62a561d7baf",
    "fields": {
      "athlete": "d39d4033-03a8-45e9-bf0d-529f7e31b1d4",
      "discipline": "6b43b186-c689-4daf-b51d-bd78863ab938",
      "created_at": "2025-01-20T11:04:10Z",
      "updated_at": "2025-01-20T11:04:10Z"
    }
  },
  {
    "model": "athletes.athletediscipline",
    "pk": "8f66b62b-d6d9-4acc-b08c-e89890b51c7c",
    "fields": {
      "athlete": "4d49dbb9-d3de-4bec-a60b-c6a9371f7ca5",
      "discipline": "d31be085-d634-4ab9-bec7-ad8c275a1983",
      "created_at": "2025-01-20T11:05:10Z",
      "updated_at": "2025-01-20T11:05:10Z"
    }
  },
  {
    "model": "athletes.athletediscipline",
    "pk": "da8bd298-9ca6-48ce-aab3-81f80bd253a4",
    "fields": {
      "athlete": "4d49dbb9-d3de-4bec-a60b-c6a9371f7ca5",
      "discipline": "c67f0568-5bf2-4136-8c98-f8718c417b96",
      "created_at": "2025-01-20T11:06:10Z",
      "updated_at": "2025-01-20T11:06:10Z"
    }
  },
  {
    "model": "athletes.athletediscipline",
    "pk": "2fdfdcf7-ae78-4db7-8dbd-87ec28e59211",
    "fields": {
      "athlete": "7ec9650f-4c14-4064-b026-e04d3a752429",
      "discipline": "2ee80d15-0f5c-4a5f-bf02-6aa17387a96c",
      "created_at": "2025-01-20T11:07:10Z",
      "updated_at": "2025-01-20T11:07:10Z"
    }
  },
  {
    "model": "athletes.athletediscipline",
    "pk": "298bcfc5-2cba-4089-98f3-44cc695851c8",
    "fields": {
      "athlete": "7ec9650f-4c14-4064-b026-e04d3a752429",
      "discipline": "14ccbe30-cb15-4ccb-83e5-02d658b8859a",
      "created_at": "2025-01-20T11:08:10Z",
      "updated_at": "2025-01-20T11:08:10Z"
    }
  },
  {
    "model": "athletes.athletediscipline",
    "pk": "2eb00e71-3ef9-4ebf-a413-5bd1e8502e51",
    "fields": {
      "athlete": "ed58b731-cf55-4f25-bb7c-30a8c2c056e7",
      "discipline": "6cf767e9-fd57-47c4-86d8-fc7637d577eb",
      "created_at": "2025-01-20T11:09:10Z",
      "updated_at": "2025-01-20T11:09:10Z"
    }
  },
  {
    "model": "athletes.athletediscipline",
    "pk": "20040270-2755-42f1-b4d8-f5583a60f1a6",
    "fields": {
      "athlete": "ed58b731-cf55-4f25-bb7c-30a8c2c056e7",
      "discipline": "9640b913-eb09-4978-8774-1f89b7cb996d",
      "created_at": "2025-01-20T11:10:10Z",
      "updated_at": "2025-01-20T11:10:10Z"
    }
  },
  {
    "model": "athletes.athletephoto",
    "pk": "9fa2e23d-db1f-495b-a49a-2d823d0ad184",
    "fields": {
      "athlete": "d5a9b7b5-595f-4703-a713-d53d289d4722",
      "image": "athlete_gallery/d5a9b7b5_training.jpg",
      "caption": "Séance d'entraînement",
      "created_at": "2025-01-21T10:00:00Z",
      "updated_at": "2025-01-21T10:00:00Z"
    }
  },
  {
    "model": "athletes.athletephoto",
    "pk": "de8b36b3-5c84-4107-8f32-b405f6b602b9",
    "fields": {
      "athlete": "d10579bc-743b-4373-90d3-996078b9bea7",
      "image": "athlete_gallery/d10579bc_training.jpg",
      "caption": "Séance d'entraînement",
      "created_at": "2025-01-21T10:01:00Z",
      "updated_at": "2025-01-21T10:01:00Z"
    }
  },
  {
    "model": "athletes.athletephoto",
    "pk": "385de9cc-bf42-4834-bce7-56817e5352c7",
    "fields": {
      "athlete": "5220e2a9-5cb7-4129-8021-cc9e3c8537f1",
      "image": "athlete_gallery/5220e2a9_training.jpg",
      "caption": "Séance d'entraînement",
      "created_at": "2025-01-21T10:02:00Z",
      "updated_at": "2025-01-21T10:02:00Z"
    }
  },
  {
    "model": "athletes.athletephoto",
    "pk": "0c843c29-4a8f-452b-a809-84ceec8ad120",
    "fields": {
      "athlete": "e617068e-d37e-486d-9365-a3de30ba695d",
      "image": "athlete_gallery/e617068e_training.jpg",
      "caption": "Séance d'entraînement",
      "created_at": "2025-01-21T10:03:00Z",
      "updated_at": "2025-01-21T10:03:00Z"
    }
  },
  {
    "model": "athletes.athletephoto",
    "pk": "068395a7-dc6b-42c8-8f39-816725ae7830",
    "fields": {
      "athlete": "cffab329-a3ea-4e81-aa18-b54fdaa8906d",
      "image": "athlete_gallery/cffab329_training.jpg",
      "caption": "Séance d'entraînement",
      "created_at": "2025-01-21T10:04:00Z",
      "updated_at": "2025-01-21T10:04:00Z"
    }
  },
  {
    "model": "follows.follow",
    "pk": "c5e36c5e-50f8-49ea-86f7-a5e2b40297e2",
    "fields": {
      "collaborator": "ea8cc9e8-cfb3-4914-b6f8-fe328e89deb1",
      "athlete": "d5a9b7b5-595f-4703-a713-d53d289d4722",
      "notify_news": true,
      "notify_stats": true,
      "notify_contracts": true,
      "created_at": "2025-01-22T10:00:00Z",
      "updated_at": "2025-01-22T10:00:00Z"
    }
  },
  {
    "model": "follows.follow",
    "pk": "3ffb784d-3c59-4f00-9ead-d59082f57db1",
    "fields": {
      "collaborator": "ea8cc9e8-cfb3-4914-b6f8-fe328e89deb1",
      "athlete": "d10579bc-743b-4373-90d3-996078b9bea7",
      "notify_news": true,
      "notify_stats": false,
      "notify_contracts": true,
      "created_at": "2025-01-22T10:01:00Z",
      "updated_at": "2025-01-22T10:01:00Z"
    }
  },
  {
    "model": "follows.follow",
    "pk": "ae4faa50-41a0-4f56-bca9-43a3e56f952f",
    "fields": {
      "collaborator": "ea8cc9e8-cfb3-4914-b6f8-fe328e89deb1",
      "athlete": "5220e2a9-5cb7-4129-8021-cc9e3c8537f1",
      "notify_news": true,
      "notify_stats": true,
      "notify_contracts": true,
      "created_at": "2025-01-22T10:02:00Z",
      "updated_at": "2025-01-22T10:02:00Z"
    }
  },
  {
    "model": "follows.follow",
    "pk": "4a3937d1-f709-4d75-916d-0825d03c2c62",
    "fields": {
      "collaborator": "d3189e9e-a6fc-49bb-b093-ad56e0422284",
      "athlete": "d5a9b7b5-595f-4703-a713-d53d289d4722",
      "notify_news": true,
      "notify_stats": false,
      "notify_contracts": true,
      "created_at": "2025-01-22T10:03:00Z",
      "updated_at": "2025-01-22T10:03:00Z"
    }
  },
  {
    "model": "follows.follow",
    "pk": "7e552d09-4e28-47c4-bb70-2ec3640616ff",
    "fields": {
      "collaborator": "d3189e9e-a6fc-49bb-b093-ad56e0422284",
      "athlete": "d10579bc-743b-4373-90d3-996078b9bea7",
      "notify_news": true,
      "notify_stats": true,
      "notify_contracts": true,
      "created_at": "2025-01-22T10:04:00Z",
      "updated_at": "2025-01-22T10:04:00Z"
    }
  },
  {
    "model": "follows.follow",
    "pk": "f160e774-cb1e-4388-b072-09ee80e5936d",
    "fields": {
      "collaborator": "d3189e9e-a6fc-49bb-b093-ad56e0422284",
      "athlete": "5220e2a9-5cb7-4129-8021-cc9e3c8537f1",
      "notify_news": true,
      "notify_stats": false,
      "notify_contracts": true,
      "created_at": "2025-01-22T10:05:00Z",
      "updated_at": "2025-01-22T10:05:00Z"
    }
  },
  {
    "model": "follows.follow",
    "pk": "147fca1e-605d-47ce-8869-7f4c148fb426",
    "fields": {
      "collaborator": "4319fade-cf26-4ee7-8efc-4469579cee51",
      "athlete": "d5a9b7b5-595f-4703-a713-d53d289d4722",
      "notify_news": true,
      "notify_stats": true,
      "notify_contracts": true,
      "created_at": "2025-01-22T10:06:00Z",
      "updated_at": "2025-01-22T10:06:00Z"
    }
  },
  {
    "model": "follows.follow",
    "pk": "3d6a634a-9190-47fd-9f75-6791c3063ab9",
    "fields": {
      "collaborator": "4319fade-cf26-4ee7-8efc-4469579cee51",
      "athlete": "d10579bc-743b-4373-90d3-996078b9bea7",
      "notify_news": true,
      "notify_stats": false,
      "notify_contracts": true,
      "created_at": "2025-01-22T10:07:00Z",
      "updated_at": "2025-01-22T10:07:00Z"
    }
  },
  {
    "model": "follows.follow",
    "pk": "111ccf92-8d26-4181-b5a8-adef34fbae0a",
    "fields": {
      "collaborator": "4319fade-cf26-4ee7-8efc-4469579cee51",
      "athlete": "5220e2a9-5cb7-4129-8021-cc9e3c8537f1",
      "notify_news": true,
      "notify_stats": true,
      "notify_contracts": true,
      "created_at": "2025-01-22T10:08:00Z",
      "updated_at": "2025-01-22T10:08:00Z"
    }
  },
  {
    "model": "follows.follow",
    "pk": "6214c5bf-c6e2-461b-9087-a0bd3aa7c369",
    "fields": {
      "collaborator": "a174c8cd-78c2-4ad9-a9ba-6e3e86bd745e",
      "athlete": "d5a9b7b5-595f-4703-a713-d53d289d4722",
      "notify_news": true,
      "notify_stats": false,
      "notify_contracts": true,
      "created_at": "2025-01-22T10:09:00Z",
      "updated_at": "2025-01-22T10:09:00Z"
    }
  },
  {
    "model": "follows.follow",
    "pk": "9045f2f7-9125-4b5d-a42d-eecd1e74b4fa",
    "fields": {
      "collaborator": "a174c8cd-78c2-4ad9-a9ba-6e3e86bd745e",
      "athlete": "d10579bc-743b-4373-90d3-996078b9bea7",
      "notify_news": true,
      "notify_stats": true,
      "notify_contracts": true,
      "created_at": "2025-01-22T10:10:00Z",
      "updated_at": "2025-01-22T10:10:00Z"
    }
  },
  {
    "model": "follows.follow",
    "pk": "4dae65c5-6369-4b47-b5db-4626e125b293",
    "fields": {
      "collaborator": "a174c8cd-78c2-4ad9-a9ba-6e3e86bd745e",
      "athlete": "5220e2a9-5cb7-4129-8021-cc9e3c8537f1",
      "notify_news": true,
      "notify_stats": false,
      "notify_contracts": true,
      "created_at": "2025-01-22T10:11:00Z",
      "updated_at": "2025-01-22T10:11:00Z"
    }
  },
  {
    "model": "follows.follow",
    "pk": "85367de1-48f5-4f01-9080-0394b926daa0",
    "fields": {
      "collaborator": "8613eddc-0914-43ea-95c9-dea6ad2525fa",
      "athlete": "d5a9b7b5-595f-4703-a713-d53d289d4722",
      "notify_news": true,
      "notify_stats": true,
      "notify_contracts": true,
      "created_at": "2025-01-22T10:12:00Z",
      "updated_at": "2025-01-22T10:12:00Z"
    }
  },
  {
    "model": "follows.follow",
    "pk": "4165a60b-0134-45c0-9420-ae263ea00f67",
    "fields": {
      "collaborator": "8613eddc-0914-43ea-95c9-dea6ad2525fa",
      "athlete": "d10579bc-743b-4373-90d3-996078b9bea7",
      "notify_news": true,
      "notify_stats": false,
      "notify_contracts": true,
      "created_at": "2025-01-22T10:13:00Z",
      "updated_at": "2025-01-22T10:13:00Z"
    }
  },
  {
    "model": "follows.follow",
    "pk": "caf9b3d4-60be-4405-b0c1-dd7de9629e01",
    "fields": {
      "collaborator": "8613eddc-0914-43ea-95c9-dea6ad2525fa",
      "athlete": "5220e2a9-5cb7-4129-8021-cc9e3c8537f1",
      "notify_news": true,
      "notify_stats": true,
      "notify_contracts": true,
      "created_at": "2025-01-22T10:14:00Z",
      "updated_at": "2025-01-22T10:14:00Z"
    }
  },
  {
    "model": "follows.follow",
    "pk": "e7609019-2c29-4110-9653-e8777c2df89c",
    "fields": {
      "collaborator": "7dd9508e-a61d-433d-bbca-501649213515",
      "athlete": "c6416ea2-b8a5-4715-93ab-ad9435a8b7fa",
      "notify_news": true,
      "notify_stats": false,
      "notify_contracts": true,
      "created_at": "2025-01-22T10:15:00Z",
      "updated_at": "2025-01-22T10:15:00Z"
    }
  },
  {
    "model": "follows.follow",
    "pk": "50db8db4-750b-4ca8-b3ce-d0f577c1ec10",
    "fields": {
      "collaborator": "7dd9508e-a61d-433d-bbca-501649213515",
      "athlete": "284fa1b3-189e-4129-828f-cd158d4591de",
      "notify_news": true,
      "notify_stats": true,
      "notify_contracts": true,
      "created_at": "2025-01-22T10:16:00Z",
      "updated_at": "2025-01-22T10:16:00Z"
    }
  },
  {
    "model": "follows.follow",
    "pk": "8d45a55d-1724-49ad-8090-8a2934759cdf",
    "fields": {
      "collaborator": "7dd9508e-a61d-433d-bbca-501649213515",
      "athlete": "84a2a3a8-08ec-48ca-86df-c50b51310ff2",
      "notify_news": true,
      "notify_stats": false,
      "notify_contracts": true,
      "created_at": "2025-01-22T10:17:00Z",
      "updated_at": "2025-01-22T10:17:00Z"
    }
  },
  {
    "model": "follows.follow",
    "pk": "35576fb0-d7c5-4789-966b-c21d48c03242",
    "fields": {
      "collaborator": "7dd9508e-a61d-433d-bbca-501649213515",
      "athlete": "5191a0e3-8a1b-4e17-93f4-07a4e7449544",
      "notify_news": true,
      "notify_stats": true,
      "notify_contracts": true,
      "created_at": "2025-01-22T10:18:00Z",
      "updated_at": "2025-01-22T10:18:00Z"
    }
  },
  {
    "model": "follows.follow",
    "pk": "a31ee0f3-c0b0-49a0-9373-785f0e3c30f0",
    "fields": {
      "collaborator": "7dd9508e-a61d-433d-bbca-501649213515",
      "athlete": "873bdc15-59f3-4504-8e0a-8d771f9f2a0a",
      "notify_news": true,
      "notify_stats": false,
      "notify_contracts": true,
      "created_at": "2025-01-22T10:19:00Z",
      "updated_at": "2025-01-22T10:19:00Z"
    }
  },
  {
    "model": "follows.follow",
    "pk": "ce44cc74-5f39-49fe-93e0-c812c2ad2cb0",
    "fields": {
      "collaborator": "37758847-6582-4dbb-816e-d4f7c009f5da",
      "athlete": "c6416ea2-b8a5-4715-93ab-ad9435a8b7fa",
      "notify_news": true,
      "notify_stats": true,
      "notify_contracts": true,
      "created_at": "2025-01-22T10:20:00Z",
      "updated_at": "2025-01-22T10:20:00Z"
    }
  },
  {
    "model": "follows.follow",
    "pk": "e301d2f4-151e-4ed5-ae75-9d1432bf6948",
    "fields": {
      "collaborator": "37758847-6582-4dbb-816e-d4f7c009f5da",
      "athlete": "284fa1b3-189e-4129-828f-cd158d4591de",
      "notify_news": true,
      "notify_stats": false,
      "notify_contracts": true,
      "created_at": "2025-01-22T10:21:00Z",
      "updated_at": "2025-01-22T10:21:00Z"
    }
  },
  {
    "model": "follows.follow",
    "pk": "7f7c06e7-fa57-4fc4-a751-ea6ef08e7404",
    "fields": {
      "collaborator": "37758847-6582-4dbb-816e-d4f7c009f5da",
      "athlete": "84a2a3a8-08ec-48ca-86df-c50b51310ff2",
      "notify_news": true,
      "notify_stats": true,
      "notify_contracts": true,
      "created_at": "2025-01-22T10:22:00Z",
      "updated_at": "2025-01-22T10:22:00Z"
    }
  },
  {
    "model": "follows.follow",
    "pk": "6718c745-8160-4959-baa4-7690ba1930f3",
    "fields": {
      "collaborator": "37758847-6582-4dbb-816e-d4f7c009f5da",
      "athlete": "5191a0e3-8a1b-4e17-93f4-07a4e7449544",
      "notify_news": true,
      "notify_stats": false,
      "notify_contracts": true,
      "created_at": "2025-01-22T10:23:00Z",
      "updated_at": "2025-01-22T10:23:00Z"
    }
  },
  {
    "model": "follows.follow",
    "pk": "d54032f7-dc87-4a2a-8685-e3b7cfb02749",
    "fields": {
      "collaborator": "37758847-6582-4dbb-816e-d4f7c009f5da",
      "athlete": "873bdc15-59f3-4504-8e0a-8d771f9f2a0a",
      "notify_news": true,
      "notify_stats": true,
      "notify_contracts": true,
      "created_at": "2025-01-22T10:24:00Z",
      "updated_at": "2025-01-22T10:24:00Z"
    }
  },
  {
    "model": "follows.follow",
    "pk": "0f75696b-33a3-45ff-bc6c-5d6c5bf7bb77",
    "fields": {
      "collaborator": "ce82e8d8-da70-4e18-b8e2-57db2cc00a44",
      "athlete": "c6416ea2-b8a5-4715-93ab-ad9435a8b7fa",
      "notify_news": true,
      "notify_stats": false,
      "notify_contracts": true,
      "created_at": "2025-01-22T10:25:00Z",
      "updated_at": "2025-01-22T10:25:00Z"
    }
  },
  {
    "model": "follows.follow",
    "pk": "2e1a0a0b-c28f-4ef9-ad3e-86d9214bacee",
    "fields": {
      "collaborator": "ce82e8d8-da70-4e18-b8e2-57db2cc00a44",
      "athlete": "284fa1b3-189e-4129-828f-cd158d4591de",
      "notify_news": true,
      "notify_stats": true,
      "notify_contracts": true,
      "created_at": "2025-01-22T10:26:00Z",
      "updated_at": "2025-01-22T10:26:00Z"
    }
  },
  {
    "model": "follows.follow",
    "pk": "cab4dced-c285-4af9-b3d8-4b385fd9c5db",
    "fields": {
      "collaborator": "ce82e8d8-da70-4e18-b8e2-57db2cc00a44",
      "athlete": "84a2a3a8-08ec-48ca-86df-c50b51310ff2",
      "notify_news": true,
      "notify_stats": false,
      "notify_contracts": true,
      "created_at": "2025-01-22T10:27:00Z",
      "updated_at": "2025-01-22T10:27:00Z"
    }
  },
  {
    "model": "follows.follow",
    "pk": "c64d63f6-0d99-429d-810d-579d4c7fff33",
    "fields": {
      "collaborator": "ce82e8d8-da70-4e18-b8e2-57db2cc00a44",
      "athlete": "5191a0e3-8a1b-4e17-93f4-07a4e7449544",
      "notify_news": true,
      "notify_stats": true,
      "notify_contracts": true,
      "created_at": "2025-01-22T10:28:00Z",
      "updated_at": "2025-01-22T10:28:00Z"
    }
  },
  {
    "model": "follows.follow",
    "pk": "ce22f419-32c2-4dbf-b961-986328a007c7",
    "fields": {
      "collaborator": "ce82e8d8-da70-4e18-b8e2-57db2cc00a44",
      "athlete": "873bdc15-59f3-4504-8e0a-8d771f9f2a0a",
      "notify_news": true,
      "notify_stats": false,
      "notify_contracts": true,
      "created_at": "2025-01-22T10:29:00Z",
      "updated_at": "2025-01-22T10:29:00Z"
    }
  },
  {
    "model": "follows.follow",
    "pk": "dd5fd5d0-74bd-4d29-9e17-3d5e644afa15",
    "fields": {
      "collaborator": "64c3907f-2ea2-451c-b8d8-09b460f07013",
      "athlete": "c6416ea2-b8a5-4715-93ab-ad9435a8b7fa",
      "notify_news": true,
      "notify_stats": true,
      "notify_contracts": true,
      "created_at": "2025-01-22T10:30:00Z",
      "updated_at": "2025-01-22T10:30:00Z"
    }
  },
  {
    "model": "follows.follow",
    "pk": "9ff0a3c2-725d-43a2-b1eb-b980a7c3d810",
    "fields": {
      "collaborator": "64c3907f-2ea2-451c-b8d8-09b460f07013",
      "athlete": "284fa1b3-189e-4129-828f-cd158d4591de",
      "notify_news": true,
      "notify_stats": false,
      "notify_contracts": true,
      "created_at": "2025-01-22T10:31:00Z",
      "updated_at": "2025-01-22T10:31:00Z"
    }
  },
  {
    "model": "follows.follow",
    "pk": "c49ce414-8644-430e-8974-6d465282e5f0",
    "fields": {
      "collaborator": "64c3907f-2ea2-451c-b8d8-09b460f07013",
      "athlete": "84a2a3a8-08ec-48ca-86df-c50b51310ff2",
      "notify_news": true,
      "notify_stats": true,
      "notify_contracts": true,
      "created_at": "2025-01-22T10:32:00Z",
      "updated_at": "2025-01-22T10:32:00Z"
    }
  },
  {
    "model": "follows.follow",
    "pk": "d4a36726-67b9-4204-b54e-8e1be3c9328d",
    "fields": {
      "collaborator": "64c3907f-2ea2-451c-b8d8-09b460f07013",
      "athlete": "5191a0e3-8a1b-4e17-93f4-07a4e7449544",
      "notify_news": true,
      "notify_stats": false,
      "notify_contracts": true,
      "created_at": "2025-01-22T10:33:00Z",
      "updated_at": "2025-01-22T10:33:00Z"
    }
  },
  {
    "model": "follows.follow",
    "pk": "a2e4f428-b543-4bcd-b25d-d2e523bd6346",
    "fields": {
      "collaborator": "64c3907f-2ea2-451c-b8d8-09b460f07013",
      "athlete": "873bdc15-59f3-4504-8e0a-8d771f9f2a0a",
      "notify_news": true,
      "notify_stats": true,
      "notify_contracts": true,
      "created_at": "2025-01-22T10:34:00Z",
      "updated_at": "2025-01-22T10:34:00Z"
    }
  },
  {
    "model": "follows.follow",
    "pk": "96e25211-041f-4d66-a10b-c414a3512c29",
    "fields": {
      "collaborator": "c4c48d9f-b524-48d1-beef-718be072ba17",
      "athlete": "c6416ea2-b8a5-4715-93ab-ad9435a8b7fa",
      "notify_news": true,
      "notify_stats": false,
      "notify_contracts": true,
      "created_at": "2025-01-22T10:35:00Z",
      "updated_at": "2025-01-22T10:35:00Z"
    }
  },
  {
    "model": "follows.follow",
    "pk": "65ebccdd-f95e-4940-be1d-27970f2c8c57",
    "fields": {
      "collaborator": "c4c48d9f-b524-48d1-beef-718be072ba17",
      "athlete": "284fa1b3-189e-4129-828f-cd158d4591de",
      "notify_news": true,
      "notify_stats": true,
      "notify_contracts": true,
      "created_at": "2025-01-22T10:36:00Z",
      "updated_at": "2025-01-22T10:36:00Z"
    }
  },
  {
    "model": "follows.follow",
    "pk": "a6015336-519d-406f-bf5c-51ee410742e4",
    "fields": {
      "collaborator": "c4c48d9f-b524-48d1-beef-718be072ba17",
      "athlete": "84a2a3a8-08ec-48ca-86df-c50b51310ff2",
      "notify_news": true,
      "notify_stats": false,
      "notify_contracts": true,
      "created_at": "2025-01-22T10:37:00Z",
      "updated_at": "2025-01-22T10:37:00Z"
    }
  },
  {
    "model": "follows.follow",
    "pk": "4cfd0638-b811-4830-97c6-dbf18d2b5c9b",
    "fields": {
      "collaborator": "c4c48d9f-b524-48d1-beef-718be072ba17",
      "athlete": "5191a0e3-8a1b-4e17-93f4-07a4e7449544",
      "notify_news": true,
      "notify_stats": true,
      "notify_contracts": true,
      "created_at": "2025-01-22T10:38:00Z",
      "updated_at": "2025-01-22T10:38:00Z"
    }
  },
  {
    "model": "follows.follow",
    "pk": "f3e4a178-1d95-4691-bdf0-2dff0d39a428",
    "fields": {
      "collaborator": "c4c48d9f-b524-48d1-beef-718be072ba17",
      "athlete": "873bdc15-59f3-4504-8e0a-8d771f9f2a0a",
      "notify_news": true,
      "notify_stats": false,
      "notify_contracts": true,
      "created_at": "2025-01-22T10:39:00Z",
      "updated_at": "2025-01-22T10:39:00Z"
    }
  },
  {
    "model": "contracts.clausetemplate",
    "pk": "69c0ca5e-92c4-4336-8f8a-2a78a548662c",
    "fields": {
      "category": "financial",
      "title": "Compensation financière",
      "content": "L'organisation versera {{amount}} EUR à l'athlète en {{installments}} versements.",
      "placeholders": [
        "amount",
        "installments"
      ],
      "is_mandatory": true,
      "version": 1,
      "created_at": "2024-12-26T10:00:00Z",
      "updated_at": "2024-12-26T10:00:00Z"
    }
  },
  {
    "model": "contracts.clausetemplate",
    "pk": "090a9a87-a970-4347-a624-0281aac3a015",
    "fields": {
      "category": "intellectual_property",
      "title": "Droits à l'image",
      "content": "L'athlète cède les droits d'utilisation de son image pour {{campaign_duration}}.",
      "placeholders": [
        "campaign_duration"
      ],
      "is_mandatory": false,
      "version": 1,
      "created_at": "2024-12-26T09:59:00Z",
      "updated_at": "2024-12-26T09:59:00Z"
    }
  },
  {
    "model": "contracts.clausetemplate",
    "pk": "82366c63-41ba-44da-b49c-0c9bcd8b24c1",
    "fields": {
      "category": "logistics",
      "title": "Participation événementielle",
      "content": "L'athlète participera à {{event_count}} événements promotionnels par an.",
      "placeholders": [
        "event_count"
      ],
      "is_mandatory": true,
      "version": 1,
      "created_at": "2024-12-26T09:58:00Z",
      "updated_at": "2024-12-26T09:58:00Z"
    }
  },
  {
    "model": "contracts.clausetemplate",
    "pk": "36de06ec-694b-4f3f-89bc-3b901be734d9",
    "fields": {
      "category": "performance",
      "title": "Objectifs de performance",
      "content": "L'athlète s'engage à maintenir un taux d'engagement moyen de {{engagement_target}}%.",
      "placeholders": [
        "engagement_target"
      ],
      "is_mandatory": false,
      "version": 1,
      "created_at": "2024-12-26T09:57:00Z",
      "updated_at": "2024-12-26T09:57:00Z"
    }
  },
  {
    "model": "contracts.contract",
    "pk": "69ef9a91-d1e4-4f73-b71b-c6b0777182a8",
    "fields": {
      "organisation": "f7112763-85c7-4383-be8a-e17369d736fa",
      "agent": "f55c1ba3-ffe7-4475-8803-1589a902431a",
      "initiated_by": "ea8cc9e8-cfb3-4914-b6f8-fe328e89deb1",
      "status": "draft",
      "title": "Activation printemps 2025",
      "effective_date": null,
      "expiration_date": null,
      "owner_agreed_at": null,
      "agent_agreed_at": null,
      "current_version_number": 1,
      "created_at": "2025-01-15T10:00:00Z",
      "updated_at": "2025-01-15T11:00:00Z"
    }
  },
  {
    "model": "contracts.contractversion",
    "pk": "34950cf3-55fa-43b9-8ba7-0721836df331",
    "fields": {
      "contract": "69ef9a91-d1e4-4f73-b71b-c6b0777182a8",
      "number": 1,
      "created_by": "ea8cc9e8-cfb3-4914-b6f8-fe328e89deb1",
      "source_revision": null,
      "notes": "Version initiale générée automatiquement.",
      "created_at": "2025-01-15T10:30:00Z",
      "updated_at": "2025-01-15T10:30:00Z"
    }
  },
  {
    "model": "contracts.contractclause",
    "pk": "6bbc9fca-0b92-40e5-bb7c-28872d16cd8e",
    "fields": {
      "contract": "69ef9a91-d1e4-4f73-b71b-c6b0777182a8",
      "template": "69c0ca5e-92c4-4336-8f8a-2a78a548662c",
      "title": "Compensation financière",
      "content": "L'organisation versera amount EUR à l'athlète en installments versements.",
      "is_mandatory": true,
      "is_modified": false,
      "created_at": "2025-01-15T10:45:00Z",
      "updated_at": "2025-01-15T10:45:00Z"
    }
  },
  {
    "model": "contracts.contractclause",
    "pk": "1a59818e-cfd2-44fa-8bb0-e7836464ff95",
    "fields": {
      "contract": "69ef9a91-d1e4-4f73-b71b-c6b0777182a8",
      "template": "090a9a87-a970-4347-a624-0281aac3a015",
      "title": "Droits à l'image",
      "content": "L'athlète cède les droits d'utilisation de son image pour campaign_duration.",
      "is_mandatory": false,
      "is_modified": false,
      "created_at": "2025-01-15T10:46:00Z",
      "updated_at": "2025-01-15T10:46:00Z"
    }
  },
  {
    "model": "contracts.contractclause",
    "pk": "9ff37f65-3643-4a08-a432-6d1078615613",
    "fields": {
      "contract": "69ef9a91-d1e4-4f73-b71b-c6b0777182a8",
      "template": "82366c63-41ba-44da-b49c-0c9bcd8b24c1",
      "title": "Participation événementielle",
      "content": "L'athlète participera à event_count événements promotionnels par an.",
      "is_mandatory": true,
      "is_modified": true,
      "created_at": "2025-01-15T10:47:00Z",
      "updated_at": "2025-01-15T10:47:00Z"
    }
  },
  {
    "model": "contracts.contract",
    "pk": "33abcc5f-a86d-4355-b55b-80a6c450202e",
    "fields": {
      "organisation": "bc0ef658-3656-4647-b3af-f8dcfa9f264b",
      "agent": "8fd88bd4-5294-4006-98b9-943057560bfe",
      "initiated_by": "7dd9508e-a61d-433d-bbca-501649213515",
      "status": "negotiation",
      "title": "Tournée estivale Europe",
      "effective_date": null,
      "expiration_date": null,
      "owner_agreed_at": null,
      "agent_agreed_at": null,
      "current_version_number": 1,
      "created_at": "2025-01-17T10:00:00Z",
      "updated_at": "2025-01-17T11:00:00Z"
    }
  },
  {
    "model": "contracts.contractversion",
    "pk": "2b210dec-e006-477b-b4e5-a5ff4ab303ef",
    "fields": {
      "contract": "33abcc5f-a86d-4355-b55b-80a6c450202e",
      "number": 1,
      "created_by": "7dd9508e-a61d-433d-bbca-501649213515",
      "source_revision": null,
      "notes": "Version initiale générée automatiquement.",
      "created_at": "2025-01-17T10:30:00Z",
      "updated_at": "2025-01-17T10:30:00Z"
    }
  },
  {
    "model": "contracts.contractclause",
    "pk": "35927e52-ff31-47ae-b909-d34ee537b3c4",
    "fields": {
      "contract": "33abcc5f-a86d-4355-b55b-80a6c450202e",
      "template": "69c0ca5e-92c4-4336-8f8a-2a78a548662c",
      "title": "Compensation financière",
      "content": "L'organisation versera amount EUR à l'athlète en installments versements.",
      "is_mandatory": true,
      "is_modified": false,
      "created_at": "2025-01-17T10:45:00Z",
      "updated_at": "2025-01-17T10:45:00Z"
    }
  },
  {
    "model": "contracts.contractclause",
    "pk": "a006a0dd-44f9-464f-85c7-e5226663aadb",
    "fields": {
      "contract": "33abcc5f-a86d-4355-b55b-80a6c450202e",
      "template": "090a9a87-a970-4347-a624-0281aac3a015",
      "title": "Droits à l'image",
      "content": "L'athlète cède les droits d'utilisation de son image pour campaign_duration.",
      "is_mandatory": false,
      "is_modified": false,
      "created_at": "2025-01-17T10:46:00Z",
      "updated_at": "2025-01-17T10:46:00Z"
    }
  },
  {
    "model": "contracts.contractclause",
    "pk": "8cf1aa44-e523-4109-b0c1-ecf45a48da8b",
    "fields": {
      "contract": "33abcc5f-a86d-4355-b55b-80a6c450202e",
      "template": "82366c63-41ba-44da-b49c-0c9bcd8b24c1",
      "title": "Participation événementielle",
      "content": "L'athlète participera à event_count événements promotionnels par an.",
      "is_mandatory": true,
      "is_modified": true,
      "created_at": "2025-01-17T10:47:00Z",
      "updated_at": "2025-01-17T10:47:00Z"
    }
  },
  {
    "model": "contracts.contractrevision",
    "pk": "c9543531-1661-4939-8ed5-aeb821b30f3b",
    "fields": {
      "contract": "33abcc5f-a86d-4355-b55b-80a6c450202e",
      "proposed_by": "9fd93771-42aa-4b16-8d81-67e6e41a703f",
      "comment": "Proposition d'ajuster le périmètre des contenus.",
      "accepted": null,
      "created_at": "2025-01-17T13:00:00Z",
      "updated_at": "2025-01-17T13:00:00Z"
    }
  },
  {
    "model": "contracts.contract",
    "pk": "6aef6ca9-3141-4ca1-9777-ea9a6d4c00b3",
    "fields": {
      "organisation": "22812f12-f0e9-4ede-a198-c83b6e26c941",
      "agent": "03c6cfb4-1c53-4441-9232-ec8daa32adc7",
      "initiated_by": "37758847-6582-4dbb-816e-d4f7c009f5da",
      "status": "legal_review",
      "title": "Campagne digitale Q3",
      "effective_date": null,
      "expiration_date": null,
      "owner_agreed_at": "2025-01-17T10:00:00Z",
      "agent_agreed_at": null,
      "current_version_number": 1,
      "created_at": "2025-01-19T10:00:00Z",
      "updated_at": "2025-01-19T11:00:00Z"
    }
  },
  {
    "model": "contracts.contractversion",
    "pk": "03d4046e-fad4-4f89-a63d-9181dd09e07b",
    "fields": {
      "contract": "6aef6ca9-3141-4ca1-9777-ea9a6d4c00b3",
      "number": 1,
      "created_by": "37758847-6582-4dbb-816e-d4f7c009f5da",
      "source_revision": null,
      "notes": "Version initiale générée automatiquement.",
      "created_at": "2025-01-19T10:30:00Z",
      "updated_at": "2025-01-19T10:30:00Z"
    }
  },
  {
    "model": "contracts.contractclause",
    "pk": "0c8d2a6f-6ff9-496c-8410-c8ab1752ea29",
    "fields": {
      "contract": "6aef6ca9-3141-4ca1-9777-ea9a6d4c00b3",
      "template": "69c0ca5e-92c4-4336-8f8a-2a78a548662c",
      "title": "Compensation financière",
      "content": "L'organisation versera amount EUR à l'athlète en installments versements.",
      "is_mandatory": true,
      "is_modified": false,
      "created_at": "2025-01-19T10:45:00Z",
      "updated_at": "2025-01-19T10:45:00Z"
    }
  },
  {
    "model": "contracts.contractclause",
    "pk": "0135be4c-d52a-44e3-bf14-b4b7c2552d45",
    "fields": {
      "contract": "6aef6ca9-3141-4ca1-9777-ea9a6d4c00b3",
      "template": "090a9a87-a970-4347-a624-0281aac3a015",
      "title": "Droits à l'image",
      "content": "L'athlète cède les droits d'utilisation de son image pour campaign_duration.",
      "is_mandatory": false,
      "is_modified": false,
      "created_at": "2025-01-19T10:46:00Z",
      "updated_at": "2025-01-19T10:46:00Z"
    }
  },
  {
    "model": "contracts.contractclause",
    "pk": "338cb729-9f95-47ac-94c0-f338d5f9966c",
    "fields": {
      "contract": "6aef6ca9-3141-4ca1-9777-ea9a6d4c00b3",
      "template": "82366c63-41ba-44da-b49c-0c9bcd8b24c1",
      "title": "Participation événementielle",
      "content": "L'athlète participera à event_count événements promotionnels par an.",
      "is_mandatory": true,
      "is_modified": true,
      "created_at": "2025-01-19T10:47:00Z",
      "updated_at": "2025-01-19T10:47:00Z"
    }
  },
  {
    "model": "contracts.contractrevision",
    "pk": "e0d11a54-e105-4880-951f-162ff67f6b0e",
    "fields": {
      "contract": "6aef6ca9-3141-4ca1-9777-ea9a6d4c00b3",
      "proposed_by": "9f73e587-0f41-418c-8db6-1e8ed5d267a8",
      "comment": "Proposition d'ajuster le périmètre des contenus.",
      "accepted": null,
      "created_at": "2025-01-19T13:00:00Z",
      "updated_at": "2025-01-19T13:00:00Z"
    }
  },
  {
    "model": "contracts.contract",
    "pk": "1ac0f2bb-8820-4d74-86dc-48de036f46aa",
    "fields": {
      "organisation": "a38f4a25-6982-4f2b-834e-5860a7d6414e",
      "agent": "82d4fc29-c6d1-4ec1-aecc-f2e670cfaaa7",
      "initiated_by": "91ce9170-71aa-41c0-88e6-0d107bfb3397",
      "status": "signing",
      "title": "Programme fidélité premium",
      "effective_date": "2025-03-01",
      "expiration_date": "2026-02-28",
      "owner_agreed_at": "2025-01-18T10:00:00Z",
      "agent_agreed_at": "2025-01-18T12:00:00Z",
      "current_version_number": 1,
      "created_at": "2025-01-21T10:00:00Z",
      "updated_at": "2025-01-21T11:00:00Z"
    }
  },
  {
    "model": "contracts.contractversion",
    "pk": "dcb2cfa3-1bf4-4bb7-9ffe-fdf2486bba1a",
    "fields": {
      "contract": "1ac0f2bb-8820-4d74-86dc-48de036f46aa",
      "number": 1,
      "created_by": "91ce9170-71aa-41c0-88e6-0d107bfb3397",
      "source_revision": null,
      "notes": "Version initiale générée automatiquement.",
      "created_at": "2025-01-21T10:30:00Z",
      "updated_at": "2025-01-21T10:30:00Z"
    }
  },
  {
    "model": "contracts.contractclause",
    "pk": "b0f7e55c-6b7c-4d50-a14a-c6e6ef02e184",
    "fields": {
      "contract": "1ac0f2bb-8820-4d74-86dc-48de036f46aa",
      "template": "69c0ca5e-92c4-4336-8f8a-2a78a548662c",
      "title": "Compensation financière",
      "content": "L'organisation versera amount EUR à l'athlète en installments versements.",
      "is_mandatory": true,
      "is_modified": false,
      "created_at": "2025-01-21T10:45:00Z",
      "updated_at": "2025-01-21T10:45:00Z"
    }
  },
  {
    "model": "contracts.contractclause",
    "pk": "ebb14e30-2409-49f3-97f7-cdb0577577fe",
    "fields": {
      "contract": "1ac0f2bb-8820-4d74-86dc-48de036f46aa",
      "template": "090a9a87-a970-4347-a624-0281aac3a015",
      "title": "Droits à l'image",
      "content": "L'athlète cède les droits d'utilisation de son image pour campaign_duration.",
      "is_mandatory": false,
      "is_modified": false,
      "created_at": "2025-01-21T10:46:00Z",
      "updated_at": "2025-01-21T10:46:00Z"
    }
  },
  {
    "model": "contracts.contractclause",
    "pk": "3e416a6e-1b98-49d8-a6df-aa63ddfa2d0d",
    "fields": {
      "contract": "1ac0f2bb-8820-4d74-86dc-48de036f46aa",
      "template": "82366c63-41ba-44da-b49c-0c9bcd8b24c1",
      "title": "Participation événementielle",
      "content": "L'athlète participera à event_count événements promotionnels par an.",
      "is_mandatory": true,
      "is_modified": true,
      "created_at": "2025-01-21T10:47:00Z",
      "updated_at": "2025-01-21T10:47:00Z"
    }
  },
  {
    "model": "contracts.contract",
    "pk": "9dd201f9-19fa-4f21-9797-ba5b330fffc0",
    "fields": {
      "organisation": "f7112763-85c7-4383-be8a-e17369d736fa",
      "agent": "3f17984b-9fdc-47a7-bf72-a7d37d6aa5cf",
      "initiated_by": "d3189e9e-a6fc-49bb-b093-ad56e0422284",
      "status": "active",
      "title": "Série web immersive",
      "effective_date": "2025-03-01",
      "expiration_date": "2026-02-28",
      "owner_agreed_at": "2025-01-19T10:00:00Z",
      "agent_agreed_at": "2025-01-19T12:00:00Z",
      "current_version_number": 1,
      "created_at": "2025-01-23T10:00:00Z",
      "updated_at": "2025-01-23T11:00:00Z"
    }
  },
  {
    "model": "contracts.contractversion",
    "pk": "43555370-0d47-4cdd-8865-298458bca784",
    "fields": {
      "contract": "9dd201f9-19fa-4f21-9797-ba5b330fffc0",
      "number": 1,
      "created_by": "d3189e9e-a6fc-49bb-b093-ad56e0422284",
      "source_revision": null,
      "notes": "Version initiale générée automatiquement.",
      "created_at": "2025-01-23T10:30:00Z",
      "updated_at": "2025-01-23T10:30:00Z"
    }
  },
  {
    "model": "contracts.contractclause",
    "pk": "8609e170-c359-477e-aa2f-b45ea6ccd4ba",
    "fields": {
      "contract": "9dd201f9-19fa-4f21-9797-ba5b330fffc0",
      "template": "69c0ca5e-92c4-4336-8f8a-2a78a548662c",
      "title": "Compensation financière",
      "content": "L'organisation versera amount EUR à l'athlète en installments versements.",
      "is_mandatory": true,
      "is_modified": false,
      "created_at": "2025-01-23T10:45:00Z",
      "updated_at": "2025-01-23T10:45:00Z"
    }
  },
  {
    "model": "contracts.contractclause",
    "pk": "bd4a428c-27c7-43f3-a2f4-70c7286a23df",
    "fields": {
      "contract": "9dd201f9-19fa-4f21-9797-ba5b330fffc0",
      "template": "090a9a87-a970-4347-a624-0281aac3a015",
      "title": "Droits à l'image",
      "content": "L'athlète cède les droits d'utilisation de son image pour campaign_duration.",
      "is_mandatory": false,
      "is_modified": false,
      "created_at": "2025-01-23T10:46:00Z",
      "updated_at": "2025-01-23T10:46:00Z"
    }
  },
  {
    "model": "contracts.contractclause",
    "pk": "71faa8ed-a37c-4af7-8b44-e12f8e1bae64",
    "fields": {
      "contract": "9dd201f9-19fa-4f21-9797-ba5b330fffc0",
      "template": "82366c63-41ba-44da-b49c-0c9bcd8b24c1",
      "title": "Participation événementielle",
      "content": "L'athlète participera à event_count événements promotionnels par an.",
      "is_mandatory": true,
      "is_modified": true,
      "created_at": "2025-01-23T10:47:00Z",
      "updated_at": "2025-01-23T10:47:00Z"
    }
  },
  {
    "model": "contracts.contractcomment",
    "pk": "0f5f9b78-ebf0-4e2e-9b34-21e3c0019b46",
    "fields": {
      "contract": "69ef9a91-d1e4-4f73-b71b-c6b0777182a8",
      "version": "34950cf3-55fa-43b9-8ba7-0721836df331",
      "clause": "6bbc9fca-0b92-40e5-bb7c-28872d16cd8e",
      "author": "ea8cc9e8-cfb3-4914-b6f8-fe328e89deb1",
      "body": "Annotation interne pour préciser les conditions.",
      "created_at": "2025-01-15T14:00:00Z",
      "updated_at": "2025-01-15T14:00:00Z"
    }
  },
  {
    "model": "contracts.contractcomment",
    "pk": "5327e8fb-38e1-4365-a557-b7a617651ca4",
    "fields": {
      "contract": "33abcc5f-a86d-4355-b55b-80a6c450202e",
      "version": "2b210dec-e006-477b-b4e5-a5ff4ab303ef",
      "clause": "35927e52-ff31-47ae-b909-d34ee537b3c4",
      "author": "7dd9508e-a61d-433d-bbca-501649213515",
      "body": "Annotation interne pour préciser les conditions.",
      "created_at": "2025-01-17T14:00:00Z",
      "updated_at": "2025-01-17T14:00:00Z"
    }
  },
  {
    "model": "contracts.contractcomment",
    "pk": "71ce4d8f-6051-4603-9cb4-948f58374f99",
    "fields": {
      "contract": "6aef6ca9-3141-4ca1-9777-ea9a6d4c00b3",
      "version": "03d4046e-fad4-4f89-a63d-9181dd09e07b",
      "clause": "0c8d2a6f-6ff9-496c-8410-c8ab1752ea29",
      "author": "37758847-6582-4dbb-816e-d4f7c009f5da",
      "body": "Annotation interne pour préciser les conditions.",
      "created_at": "2025-01-19T14:00:00Z",
      "updated_at": "2025-01-19T14:00:00Z"
    }
  },
  {
    "model": "contracts.contractcomment",
    "pk": "8922f35d-156d-4d82-abc9-e8fac44b9959",
    "fields": {
      "contract": "1ac0f2bb-8820-4d74-86dc-48de036f46aa",
      "version": "dcb2cfa3-1bf4-4bb7-9ffe-fdf2486bba1a",
      "clause": "b0f7e55c-6b7c-4d50-a14a-c6e6ef02e184",
      "author": "91ce9170-71aa-41c0-88e6-0d107bfb3397",
      "body": "Annotation interne pour préciser les conditions.",
      "created_at": "2025-01-21T14:00:00Z",
      "updated_at": "2025-01-21T14:00:00Z"
    }
  },
  {
    "model": "contracts.contractcomment",
    "pk": "32dbfa49-e05a-4c87-b1cd-e896d3482cc9",
    "fields": {
      "contract": "9dd201f9-19fa-4f21-9797-ba5b330fffc0",
      "version": "43555370-0d47-4cdd-8865-298458bca784",
      "clause": "8609e170-c359-477e-aa2f-b45ea6ccd4ba",
      "author": "d3189e9e-a6fc-49bb-b093-ad56e0422284",
      "body": "Annotation interne pour préciser les conditions.",
      "created_at": "2025-01-23T14:00:00Z",
      "updated_at": "2025-01-23T14:00:00Z"
    }
  }
]