[
  {
    "model": "athletes.sport",
    "pk": "9668a0d9-f597-444f-9221-bc956d7afc98",
    "fields": {
      "name": "Athletics",
      "slug": "athletics",
      "emoji": "🏃",
      "category": "INDIVIDUAL",
      "created_at": "2025-01-15T10:10:00Z",
      "updated_at": "2025-01-15T10:10:00Z"
    }
  },
  {
    "model": "athletes.sportdiscipline",
    "pk": "98eb8268-bf11-4bcc-a840-712190e8d494",
    "fields": {
      "sport": "9668a0d9-f597-444f-9221-bc956d7afc98",
      "name": "100m Sprint",
      "slug": "100m-sprint",
      "description": "High intensity sprint over 100 meters.",
      "is_olympic": true,
      "created_at": "2025-01-15T10:10:00Z",
      "updated_at": "2025-01-15T10:10:00Z"
    }
  },
  {
    "model": "athletes.sportdiscipline",
    "pk": "4a5d542b-396d-40da-8b6b-d70a2c24e83c",
    "fields": {
      "sport": "9668a0d9-f597-444f-9221-bc956d7afc98",
      "name": "Marathon",
      "slug": "marathon",
      "description": "Long distance road running event.",
      "is_olympic": true,
      "created_at": "2025-01-15T10:10:30Z",
      "updated_at": "2025-01-15T10:10:30Z"
    }
  },
  {
    "model": "athletes.sportdiscipline",
    "pk": "55206df3-7206-4dfa-8220-9f70bd399eb3",
    "fields": {
      "sport": "9668a0d9-f597-444f-9221-bc956d7afc98",
      "name": "Long Jump",
      "slug": "long-jump",
      "description": "Field event measuring horizontal distance.",
      "is_olympic": true,
      "created_at": "2025-01-15T10:11:00Z",
      "updated_at": "2025-01-15T10:11:00Z"
    }
  },
  {
    "model": "athletes.sport",
    "pk": "651d4429-9db9-4b66-a639-14755bca221e",
    "fields": {
      "name": "Football",
      "slug": "football",
      "emoji": "⚽",
      "category": "TEAM",
      "created_at": "2025-01-15T10:11:00Z",
      "updated_at": "2025-01-15T10:11:00Z"
    }
  },
  {
    "model": "athletes.sportdiscipline",
    "pk": "afdb2233-9c15-44b8-8aec-ad24fe9ce38c",
    "fields": {
      "sport": "651d4429-9db9-4b66-a639-14755bca221e",
      "name": "Ligue 1",
      "slug": "ligue-1",
      "description": "Top French professional league.",
      "is_olympic": false,
      "created_at": "2025-01-15T10:11:00Z",
      "updated_at": "2025-01-15T10:11:00Z"
    }
  },
  {
    "model": "athletes.sportdiscipline",
    "pk": "641aeb2e-8857-480e-a3bd-8b821c762de3",
    "fields": {
      "sport": "651d4429-9db9-4b66-a639-14755bca221e",
      "name": "UEFA Champions League",
      "slug": "uefa-champions-league",
      "description": "Elite European club competition.",
      "is_olympic": false,
      "created_at": "2025-01-15T10:11:30Z",
      "updated_at": "2025-01-15T10:11:30Z"
    }
  },
  {
    "model": "athletes.sportdiscipline",
    "pk": "f3aceaa7-a517-4258-930d-cd19a5088e67",
    "fields": {
      "sport": "651d4429-9db9-4b66-a639-14755bca221e",
      "name": "FIFA World Cup",
      "slug": "fifa-world-cup",
      "description": "Global national team tournament.",
      "is_olympic": true,
      "created_at": "2025-01-15T10:12:00Z",
      "updated_at": "2025-01-15T10:12:00Z"
    }
  },
  {
    "model": "athletes.sport",
    "pk": "905a9666-744f-4b90-87d6-1435fa65f43f",
    "fields": {
      "name": "Basketball",
      "slug": "basketball",
      "emoji": "🏀",
      "category": "TEAM",
      "created_at": "2025-01-15T10:12:00Z",
      "updated_at": "2025-01-15T10:12:00Z"
    }
  },
  {
    "model": "athletes.sportdiscipline",
    "pk": "2e03267b-cbec-4d9b-bcd1-cf929387a386",
    "fields": {
      "sport": "905a9666-744f-4b90-87d6-1435fa65f43f",
      "name": "EuroLeague",
      "slug": "euroleague",
      "description": "Premier European club competition.",
      "is_olympic": false,
      "created_at": "2025-01-15T10:12:00Z",
      "updated_at": "2025-01-15T10:12:00Z"
    }
  },
  {
    "model": "athletes.sportdiscipline",
    "pk": "7f9632b5-77db-4a6c-8182-f6ef22635555",
    "fields": {
      "sport": "905a9666-744f-4b90-87d6-1435fa65f43f",
      "name": "NBA",
      "slug": "nba",
      "description": "North American professional league.",
      "is_olympic": false,
      "created_at": "2025-01-15T10:12:30Z",
      "updated_at": "2025-01-15T10:12:30Z"
    }
  },
  {
    "model": "athletes.sportdiscipline",
    "pk": "82fd6fdb-63cc-4388-83b3-09ed63a3ec07",
    "fields": {
      "sport": "905a9666-744f-4b90-87d6-1435fa65f43f",
      "name": "FIBA World Cup",
      "slug": "fiba-world-cup",
      "description": "International national team competition.",
      "is_olympic": true,
      "created_at": "2025-01-15T10:13:00Z",
      "updated_at": "2025-01-15T10:13:00Z"
    }
  },
  {
    "model": "athletes.sport",
    "pk": "d2c74442-5a22-4868-80ac-794093ad53b0",
    "fields": {
      "name": "Swimming",
      "slug": "swimming",
      "emoji": "🏊",
      "category": "INDIVIDUAL",
      "created_at": "2025-01-15T10:13:00Z",
      "updated_at": "2025-01-15T10:13:00Z"
    }
  },
  {
    "model": "athletes.sportdiscipline",
    "pk": "5f102368-5206-4915-8295-258da1cdb147",
    "fields": {
      "sport": "d2c74442-5a22-4868-80ac-794093ad53b0",
      "name": "100m Freestyle",
      "slug": "100m-freestyle",
      "description": "Sprint freestyle event.",
      "is_olympic": true,
      "created_at": "2025-01-15T10:13:00Z",
      "updated_at": "2025-01-15T10:13:00Z"
    }
  },
  {
    "model": "athletes.sportdiscipline",
    "pk": "55ced86d-803a-4663-87b6-da32ed984127",
    "fields": {
      "sport": "d2c74442-5a22-4868-80ac-794093ad53b0",
      "name": "200m Butterfly",
      "slug": "200m-butterfly",
      "description": "Challenging butterfly distance.",
      "is_olympic": true,
      "created_at": "2025-01-15T10:13:30Z",
      "updated_at": "2025-01-15T10:13:30Z"
    }
  },
  {
    "model": "athletes.sportdiscipline",
    "pk": "e9c498f6-8487-47b1-9644-715a77f4b10f",
    "fields": {
      "sport": "d2c74442-5a22-4868-80ac-794093ad53b0",
      "name": "Open Water 10km",
      "slug": "open-water-10km",
      "description": "Endurance race in open water.",
      "is_olympic": true,
      "created_at": "2025-01-15T10:14:00Z",
      "updated_at": "2025-01-15T10:14:00Z"
    }
  },
  {
    "model": "athletes.sport",
    "pk": "bda69081-ac30-4578-9ccb-4723e97eebdb",
    "fields": {
      "name": "Cycling",
      "slug": "cycling",
      "emoji": "🚴",
      "category": "MIXED",
      "created_at": "2025-01-15T10:14:00Z",
      "updated_at": "2025-01-15T10:14:00Z"
    }
  },
  {
    "model": "athletes.sportdiscipline",
    "pk": "76a25bf2-e133-4c4a-9a66-4a0fa8ab5124",
    "fields": {
      "sport": "bda69081-ac30-4578-9ccb-4723e97eebdb",
      "name": "Tour de France",
      "slug": "tour-de-france",
      "description": "Grand Tour stage race.",
      "is_olympic": true,
      "created_at": "2025-01-15T10:14:00Z",
      "updated_at": "2025-01-15T10:14:00Z"
    }
  },
  {
    "model": "athletes.sportdiscipline",
    "pk": "a7328947-994f-4e19-9e2c-b1de86e6d30a",
    "fields": {
      "sport": "bda69081-ac30-4578-9ccb-4723e97eebdb",
      "name": "Track Sprint",
      "slug": "track-sprint",
      "description": "Velodrome sprint event.",
      "is_olympic": true,
      "created_at": "2025-01-15T10:14:30Z",
      "updated_at": "2025-01-15T10:14:30Z"
    }
  },
  {
    "model": "athletes.sportdiscipline",
    "pk": "b8c625ab-b8fc-426f-afa1-6b03c0d8443a",
    "fields": {
      "sport": "bda69081-ac30-4578-9ccb-4723e97eebdb",
      "name": "Mountain Biking XCO",
      "slug": "mountain-biking-xco",
      "description": "Cross-country Olympic format.",
      "is_olympic": true,
      "created_at": "2025-01-15T10:15:00Z",
      "updated_at": "2025-01-15T10:15:00Z"
    }
  },
  {
    "model": "athletes.sport",
    "pk": "0e5e5e8c-7d9c-4bd0-a28c-059d42a0a568",
    "fields": {
      "name": "Tennis",
      "slug": "tennis",
      "emoji": "🎾",
      "category": "INDIVIDUAL",
      "created_at": "2025-01-15T10:15:00Z",
      "updated_at": "2025-01-15T10:15:00Z"
    }
  },
  {
    "model": "athletes.sportdiscipline",
    "pk": "9965c726-e898-457d-91c0-f3364656e501",
    "fields": {
      "sport": "0e5e5e8c-7d9c-4bd0-a28c-059d42a0a568",
      "name": "Roland-Garros",
      "slug": "roland-garros",
      "description": "Clay Grand Slam tournament.",
      "is_olympic": false,
      "created_at": "2025-01-15T10:15:00Z",
      "updated_at": "2025-01-15T10:15:00Z"
    }
  },
  {
    "model": "athletes.sportdiscipline",
    "pk": "b26c57e5-1158-4687-972b-bd23abe002e9",
    "fields": {
      "sport": "0e5e5e8c-7d9c-4bd0-a28c-059d42a0a568",
      "name": "Wimbledon",
      "slug": "wimbledon",
      "description": "Grass Grand Slam tournament.",
      "is_olympic": false,
      "created_at": "2025-01-15T10:15:30Z",
      "updated_at": "2025-01-15T10:15:30Z"
    }
  },
  {
    "model": "athletes.sportdiscipline",
    "pk": "279f8095-c513-4cea-ad51-947ac9fb96f1",
    "fields": {
      "sport": "0e5e5e8c-7d9c-4bd0-a28c-059d42a0a568",
      "name": "ATP Finals",
      "slug": "atp-finals",
      "description": "Season-ending championship.",
      "is_olympic": false,
      "created_at": "2025-01-15T10:16:00Z",
      "updated_at": "2025-01-15T10:16:00Z"
    }
  },
  {
    "model": "athletes.sport",
    "pk": "e04cb78f-1c8a-4cc1-8ba1-f21f1f257d89",
    "fields": {
      "name": "Gymnastics",
      "slug": "gymnastics",
      "emoji": "🤸",
      "category": "INDIVIDUAL",
      "created_at": "2025-01-15T10:16:00Z",
      "updated_at": "2025-01-15T10:16:00Z"
    }
  },
  {
    "model": "athletes.sportdiscipline",
    "pk": "1694473a-d520-42ef-a8ba-f5864657e482",
    "fields": {
      "sport": "e04cb78f-1c8a-4cc1-8ba1-f21f1f257d89",
      "name": "Artistic All-Around",
      "slug": "artistic-all-around",
      "description": "Combined apparatus competition.",
      "is_olympic": true,
      "created_at": "2025-01-15T10:16:00Z",
      "updated_at": "2025-01-15T10:16:00Z"
    }
  },
  {
    "model": "athletes.sportdiscipline",
    "pk": "89a77254-08bf-4151-9411-dabbd979c1bb",
    "fields": {
      "sport": "e04cb78f-1c8a-4cc1-8ba1-f21f1f257d89",
      "name": "Rhythmic Ribbon",
      "slug": "rhythmic-ribbon",
      "description": "Graceful ribbon routine.",
      "is_olympic": true,
      "created_at": "2025-01-15T10:16:30Z",
      "updated_at": "2025-01-15T10:16:30Z"
    }
  },
  {
    "model": "athletes.sportdiscipline",
    "pk": "32749086-e729-4ca5-b884-84887d72f2cf",
    "fields": {
      "sport": "e04cb78f-1c8a-4cc1-8ba1-f21f1f257d89",
      "name": "Trampoline",
      "slug": "trampoline",
      "description": "Acrobatic trampoline event.",
      "is_olympic": true,
      "created_at": "2025-01-15T10:17:00Z",
      "updated_at": "2025-01-15T10:17:00Z"
    }
  },
  {
    "model": "athletes.sport",
    "pk": "25f73899-33f7-4b42-97b1-b134b90e55ef",
    "fields": {
      "name": "Rugby",
      "slug": "rugby",
      "emoji": "🏉",
      "category": "TEAM",
      "created_at": "2025-01-15T10:17:00Z",
      "updated_at": "2025-01-15T10:17:00Z"
    }
  },
  {
    "model": "athletes.sportdiscipline",
    "pk": "667ec279-3adf-4191-b0a1-3c8dffa1be7e",
    "fields": {
      "sport": "25f73899-33f7-4b42-97b1-b134b90e55ef",
      "name": "Top 14",
      "slug": "top-14",
      "description": "French professional rugby league.",
      "is_olympic": false,
      "created_at": "2025-01-15T10:17:00Z",
      "updated_at": "2025-01-15T10:17:00Z"
    }
  },
  {
    "model": "athletes.sportdiscipline",
    "pk": "9375d0a2-f10b-4008-97dd-9e99666b4aad",
    "fields": {
      "sport": "25f73899-33f7-4b42-97b1-b134b90e55ef",
      "name": "Six Nations",
      "slug": "six-nations",
      "description": "Annual European championship.",
      "is_olympic": false,
      "created_at": "2025-01-15T10:17:30Z",
      "updated_at": "2025-01-15T10:17:30Z"
    }
  },
  {
    "model": "athletes.sportdiscipline",
    "pk": "5c2dfcec-7d59-4511-b157-d8a6ea9c1ed2",
    "fields": {
      "sport": "25f73899-33f7-4b42-97b1-b134b90e55ef",
      "name": "Rugby World Cup",
      "slug": "rugby-world-cup",
      "description": "Global rugby union tournament.",
      "is_olympic": true,
      "created_at": "2025-01-15T10:18:00Z",
      "updated_at": "2025-01-15T10:18:00Z"
    }
  },
  {
    "model": "athletes.sport",
    "pk": "c2338d36-a347-4f01-a87b-de62810be84e",
    "fields": {
      "name": "Esports",
      "slug": "esports",
      "emoji": "🎮",
      "category": "MIXED",
      "created_at": "2025-01-15T10:18:00Z",
      "updated_at": "2025-01-15T10:18:00Z"
    }
  },
  {
    "model": "athletes.sportdiscipline",
    "pk": "c29704cd-77e1-4571-8b57-683ae21f18cd",
    "fields": {
      "sport": "c2338d36-a347-4f01-a87b-de62810be84e",
      "name": "League of Legends",
      "slug": "league-of-legends",
      "description": "International MOBA circuit.",
      "is_olympic": false,
      "created_at": "2025-01-15T10:18:00Z",
      "updated_at": "2025-01-15T10:18:00Z"
    }
  },
  {
    "model": "athletes.sportdiscipline",
    "pk": "cb0f69d9-571a-487c-a195-be629fe657ce",
    "fields": {
      "sport": "c2338d36-a347-4f01-a87b-de62810be84e",
      "name": "Valorant Champions",
      "slug": "valorant-champions",
      "description": "Global FPS circuit.",
      "is_olympic": false,
      "created_at": "2025-01-15T10:18:30Z",
      "updated_at": "2025-01-15T10:18:30Z"
    }
  },
  {
    "model": "athletes.sportdiscipline",
    "pk": "41019f40-3f4a-44ab-a4aa-c12a01db7231",
    "fields": {
      "sport": "c2338d36-a347-4f01-a87b-de62810be84e",
      "name": "Rocket League Major",
      "slug": "rocket-league-major",
      "description": "Hybrid motorsports esports event.",
      "is_olympic": false,
      "created_at": "2025-01-15T10:19:00Z",
      "updated_at": "2025-01-15T10:19:00Z"
    }
  },
  {
    "model": "athletes.sport",
    "pk": "1805d23e-4742-4a5f-a0d0-971de0265868",
    "fields": {
      "name": "Surfing",
      "slug": "surfing",
      "emoji": "🏄",
      "category": "INDIVIDUAL",
      "created_at": "2025-01-15T10:19:00Z",
      "updated_at": "2025-01-15T10:19:00Z"
    }
  },
  {
    "model": "athletes.sportdiscipline",
    "pk": "727da756-d284-4854-a928-d5839c16de81",
    "fields": {
      "sport": "1805d23e-4742-4a5f-a0d0-971de0265868",
      "name": "WSL Championship Tour",
      "slug": "wsl-championship-tour",
      "description": "Elite professional tour.",
      "is_olympic": false,
      "created_at": "2025-01-15T10:19:00Z",
      "updated_at": "2025-01-15T10:19:00Z"
    }
  },
  {
    "model": "athletes.sportdiscipline",
    "pk": "bd18ab97-b67c-4f5b-a890-f57f06d93c7c",
    "fields": {
      "sport": "1805d23e-4742-4a5f-a0d0-971de0265868",
      "name": "Big Wave Invitational",
      "slug": "big-wave-invitational",
      "description": "Invite-only big wave event.",
      "is_olympic": false,
      "created_at": "2025-01-15T10:19:30Z",
      "updated_at": "2025-01-15T10:19:30Z"
    }
  },
  {
    "model": "athletes.sportdiscipline",
    "pk": "4ce611eb-a8bd-40b7-84ff-629cc57e75ef",
    "fields": {
      "sport": "1805d23e-4742-4a5f-a0d0-971de0265868",
      "name": "Olympic Shortboard",
      "slug": "olympic-shortboard",
      "description": "Olympic surfing competition.",
      "is_olympic": true,
      "created_at": "2025-01-15T10:20:00Z",
      "updated_at": "2025-01-15T10:20:00Z"
    }
  },
  {
    "model": "users.user",
    "pk": "45b0d4a7-b0de-4534-95ff-4c786b374883",
    "fields": {
      "email": "alice.dupont@example.com",
      "first_name": "Alice",
      "last_name": "Dupont",
      "phone_country_code": "+34",
      "phone_number": "6000000000",
      "date_of_birth": "1985-05-15",
      "email_verified": true,
      "password": "pbkdf2_sha256$600000$Nf1JSucDbGkFARSXcttRQD$N/J0GcH+3KSNcfsYbFAPOYHiphFBCpzC0eBVRYmllCA=",
      "password_hash": "pbkdf2_sha256$600000$Nf1JSucDbGkFARSXcttRQD$N/J0GcH+3KSNcfsYbFAPOYHiphFBCpzC0eBVRYmllCA=",
      "is_active": true,
      "is_staff": false,
      "account_type": "AGENT",
      "last_login": null,
      "created_at": "2025-01-15T10:00:00Z",
      "updated_at": "2025-01-15T10:00:00Z"
    }
  },
  {
    "model": "users.agentprofile",
    "pk": "7daf44ad-7c05-4216-8f06-8ce8299898b4",
    "fields": {
      "user": "45b0d4a7-b0de-4534-95ff-4c786b374883",
      "display_name": "Alice Dupont",
      "bio": "Agent sportif expérimenté accompagnant des talents européens.",
      "is_self_represented": true,
      "created_at": "2025-01-15T10:15:00Z",
      "updated_at": "2025-01-15T10:15:00Z"
    }
  },
  {
    "model": "users.user",
    "pk": "19ff8f4a-9aa4-4903-a82f-4d5f0ba84684",
    "fields": {
      "email": "bruno.martin@example.com",
      "first_name": "Bruno",
      "last_name": "Martin",
      "phone_country_code": "+32",
      "phone_number": "6000000001",
      "date_of_birth": "1985-05-15",
      "email_verified": true,
      "password": "pbkdf2_sha256$600000$Nf1JSucDbGkFARSXcttRQD$N/J0GcH+3KSNcfsYbFAPOYHiphFBCpzC0eBVRYmllCA=",
      "password_hash": "pbkdf2_sha256$600000$Nf1JSucDbGkFARSXcttRQD$N/J0GcH+3KSNcfsYbFAPOYHiphFBCpzC0eBVRYmllCA=",
      "is_active": true,
      "is_staff": false,
      "account_type": "AGENT",
      "last_login": null,
      "created_at": "2025-01-15T11:00:00Z",
      "updated_at": "2025-01-15T11:00:00Z"
    }
  },
  {
    "model": "users.agentprofile",
    "pk": "73c116dc-8908-4273-ba2e-07cf7b1c78de",
    "fields": {
      "user": "19ff8f4a-9aa4-4903-a82f-4d5f0ba84684",
      "display_name": "Bruno Martin",
      "bio": "Agent sportif expérimenté accompagnant des talents européens.",
      "is_self_represented": true,
      "created_at": "2025-01-15T11:15:00Z",
      "updated_at": "2025-01-15T11:15:00Z"
    }
  },
  {
    "model": "users.user",
    "pk": "62e9d011-2105-4dc0-9e8a-ff70893ceae4",
    "fields": {
      "email": "chloe.laurent@example.com",
      "first_name": "Chloé",
      "last_name": "Laurent",
      "phone_country_code": "+41",
      "phone_number": "6000000002",
      "date_of_birth": "1985-05-15",
      "email_verified": true,
      "password": "pbkdf2_sha256$600000$Nf1JSucDbGkFARSXcttRQD$N/J0GcH+3KSNcfsYbFAPOYHiphFBCpzC0eBVRYmllCA=",
      "password_hash": "pbkdf2_sha256$600000$Nf1JSucDbGkFARSXcttRQD$N/J0GcH+3KSNcfsYbFAPOYHiphFBCpzC0eBVRYmllCA=",
      "is_active": true,
      "is_staff": false,
      "account_type": "AGENT",
      "last_login": null,
      "created_at": "2025-01-15T12:00:00Z",
      "updated_at": "2025-01-15T12:00:00Z"
    }
  },
  {
    "model": "users.agentprofile",
    "pk": "626f7a4a-6ded-410d-89c5-829d987874eb",
    "fields": {
      "user": "62e9d011-2105-4dc0-9e8a-ff70893ceae4",
      "display_name": "Chloé Laurent",
      "bio": "Agent sportif expérimenté accompagnant des talents européens.",
      "is_self_represented": true,
      "created_at": "2025-01-15T12:15:00Z",
      "updated_at": "2025-01-15T12:15:00Z"
    }
  },
  {
    "model": "users.user",
    "pk": "50d5befc-7efe-4739-9e7c-ef73b1a893ab",
    "fields": {
      "email": "david.bernard@example.com",
      "first_name": "David",
      "last_name": "Bernard",
      "phone_country_code": "+352",
      "phone_number": "6000000003",
      "date_of_birth": "1985-05-15",
      "email_verified": true,
      "password": "pbkdf2_sha256$600000$Nf1JSucDbGkFARSXcttRQD$N/J0GcH+3KSNcfsYbFAPOYHiphFBCpzC0eBVRYmllCA=",
      "password_hash": "pbkdf2_sha256$600000$Nf1JSucDbGkFARSXcttRQD$N/J0GcH+3KSNcfsYbFAPOYHiphFBCpzC0eBVRYmllCA=",
      "is_active": true,
      "is_staff": false,
      "account_type": "AGENT",
      "last_login": null,
      "created_at": "2025-01-15T13:00:00Z",
      "updated_at": "2025-01-15T13:00:00Z"
    }
  },
  {
    "model": "users.agentprofile",
    "pk": "15a7c4b0-1a58-46b2-93f7-6417895e8d33",
    "fields": {
      "user": "50d5befc-7efe-4739-9e7c-ef73b1a893ab",
      "display_name": "David Bernard",
      "bio": "Agent sportif expérimenté accompagnant des talents européens.",
      "is_self_represented": true,
      "created_at": "2025-01-15T13:15:00Z",
      "updated_at": "2025-01-15T13:15:00Z"
    }
  },
  {
    "model": "users.user",
    "pk": "43d2a6ed-b98d-4ca5-9f35-d919d52ac5d2",
    "fields": {
      "email": "emma.girard@example.com",
      "first_name": "Emma",
      "last_name": "Girard",
      "phone_country_code": "+39",
      "phone_number": "6000000004",
      "date_of_birth": "1985-05-15",
      "email_verified": true,
      "password": "pbkdf2_sha256$600000$Nf1JSucDbGkFARSXcttRQD$N/J0GcH+3KSNcfsYbFAPOYHiphFBCpzC0eBVRYmllCA=",
      "password_hash": "pbkdf2_sha256$600000$Nf1JSucDbGkFARSXcttRQD$N/J0GcH+3KSNcfsYbFAPOYHiphFBCpzC0eBVRYmllCA=",
      "is_active": true,
      "is_staff": false,
      "account_type": "AGENT",
      "last_login": null,
      "created_at": "2025-01-15T14:00:00Z",
      "updated_at": "2025-01-15T14:00:00Z"
    }
  },
  {
    "model": "users.agentprofile",
    "pk": "7cbc4622-0629-440e-b31c-f563a6356e5b",
    "fields": {
      "user": "43d2a6ed-b98d-4ca5-9f35-d919d52ac5d2",
      "display_name": "Emma Girard",
      "bio": "Agent sportif expérimenté accompagnant des talents européens.",
      "is_self_represented": true,
      "created_at": "2025-01-15T14:15:00Z",
      "updated_at": "2025-01-15T14:15:00Z"
    }
  },
  {
    "model": "users.user",
    "pk": "56a5e5f1-7d7c-4dc6-8312-06cec2ea5777",
    "fields": {
      "email": "fabien.moreau@example.com",
      "first_name": "Fabien",
      "last_name": "Moreau",
      "phone_country_code": "+34",
      "phone_number": "6000000005",
      "date_of_birth": "1985-05-15",
      "email_verified": true,
      "password": "pbkdf2_sha256$600000$Nf1JSucDbGkFARSXcttRQD$N/J0GcH+3KSNcfsYbFAPOYHiphFBCpzC0eBVRYmllCA=",
      "password_hash": "pbkdf2_sha256$600000$Nf1JSucDbGkFARSXcttRQD$N/J0GcH+3KSNcfsYbFAPOYHiphFBCpzC0eBVRYmllCA=",
      "is_active": true,
      "is_staff": false,
      "account_type": "AGENT",
      "last_login": null,
      "created_at": "2025-01-15T15:00:00Z",
      "updated_at": "2025-01-15T15:00:00Z"
    }
  },
  {
    "model": "users.agentprofile",
    "pk": "5de3548c-c64c-4987-8ee1-8f8363ac9ce1",
    "fields": {
      "user": "56a5e5f1-7d7c-4dc6-8312-06cec2ea5777",
      "display_name": "Fabien Moreau",
      "bio": "Agent sportif expérimenté accompagnant des talents européens.",
      "is_self_represented": true,
      "created_at": "2025-01-15T15:15:00Z",
      "updated_at": "2025-01-15T15:15:00Z"
    }
  },
  {
    "model": "users.user",
    "pk": "dad45114-dbd5-4ff6-b57c-dcbda34fc508",
    "fields": {
      "email": "gaelle.robert@example.com",
      "first_name": "Gaëlle",
      "last_name": "Robert",
      "phone_country_code": "+32",
      "phone_number": "6000000006",
      "date_of_birth": "1985-05-15",
      "email_verified": true,
      "password": "pbkdf2_sha256$600000$Nf1JSucDbGkFARSXcttRQD$N/J0GcH+3KSNcfsYbFAPOYHiphFBCpzC0eBVRYmllCA=",
      "password_hash": "pbkdf2_sha256$600000$Nf1JSucDbGkFARSXcttRQD$N/J0GcH+3KSNcfsYbFAPOYHiphFBCpzC0eBVRYmllCA=",
      "is_active": true,
      "is_staff": false,
      "account_type": "AGENT",
      "last_login": null,
      "created_at": "2025-01-15T16:00:00Z",
      "updated_at": "2025-01-15T16:00:00Z"
    }
  },
  {
    "model": "users.agentprofile",
    "pk": "49f514d7-ff9b-446e-af70-68eb797e5096",
    "fields": {
      "user": "dad45114-dbd5-4ff6-b57c-dcbda34fc508",
      "display_name": "Gaëlle Robert",
      "bio": "Agent sportif expérimenté accompagnant des talents européens.",
      "is_self_represented": true,
      "created_at": "2025-01-15T16:15:00Z",
      "updated_at": "2025-01-15T16:15:00Z"
    }
  },
  {
    "model": "users.user",
    "pk": "944be3ed-225e-4a45-8ae5-dbd552c7c7f3",
    "fields": {
      "email": "hugo.petit@example.com",
      "first_name": "Hugo",
      "last_name": "Petit",
      "phone_country_code": "+41",
      "phone_number": "6000000007",
      "date_of_birth": "1985-05-15",
      "email_verified": true,
      "password": "pbkdf2_sha256$600000$Nf1JSucDbGkFARSXcttRQD$N/J0GcH+3KSNcfsYbFAPOYHiphFBCpzC0eBVRYmllCA=",
      "password_hash": "pbkdf2_sha256$600000$Nf1JSucDbGkFARSXcttRQD$N/J0GcH+3KSNcfsYbFAPOYHiphFBCpzC0eBVRYmllCA=",
      "is_active": true,
      "is_staff": false,
      "account_type": "AGENT",
      "last_login": null,
      "created_at": "2025-01-15T17:00:00Z",
      "updated_at": "2025-01-15T17:00:00Z"
    }
  },
  {
    "model": "users.agentprofile",
    "pk": "dfa72237-b4b4-45a4-892a-d1504f4a1dda",
    "fields": {
      "user": "944be3ed-225e-4a45-8ae5-dbd552c7c7f3",
      "display_name": "Hugo Petit",
      "bio": "Agent sportif expérimenté accompagnant des talents européens.",
      "is_self_represented": false,
      "created_at": "2025-01-15T17:15:00Z",
      "updated_at": "2025-01-15T17:15:00Z"
    }
  },
  {
    "model": "users.user",
    "pk": "2215b2e6-c32e-4a2b-b650-55133706325a",
    "fields": {
      "email": "isabelle.lefevre@example.com",
      "first_name": "Isabelle",
      "last_name": "Lefevre",
      "phone_country_code": "+352",
      "phone_number": "6000000008",
      "date_of_birth": "1985-05-15",
      "email_verified": true,
      "password": "pbkdf2_sha256$600000$Nf1JSucDbGkFARSXcttRQD$N/J0GcH+3KSNcfsYbFAPOYHiphFBCpzC0eBVRYmllCA=",
      "password_hash": "pbkdf2_sha256$600000$Nf1JSucDbGkFARSXcttRQD$N/J0GcH+3KSNcfsYbFAPOYHiphFBCpzC0eBVRYmllCA=",
      "is_active": true,
      "is_staff": false,
      "account_type": "AGENT",
      "last_login": null,
      "created_at": "2025-01-15T18:00:00Z",
      "updated_at": "2025-01-15T18:00:00Z"
    }
  },
  {
    "model": "users.agentprofile",
    "pk": "28e3c7bd-1bcb-40b5-92da-c7bb6ef41a64",
    "fields": {
      "user": "2215b2e6-c32e-4a2b-b650-55133706325a",
      "display_name": "Isabelle Lefevre",
      "bio": "Agent sportif expérimenté accompagnant des talents européens.",
      "is_self_represented": false,
      "created_at": "2025-01-15T18:15:00Z",
      "updated_at": "2025-01-15T18:15:00Z"
    }
  },
  {
    "model": "users.user",
    "pk": "ef8ec8ee-c22b-4f1f-9146-2cbe3b178861",
    "fields": {
      "email": "julien.caron@example.com",
      "first_name": "Julien",
      "last_name": "Caron",
      "phone_country_code": "+39",
      "phone_number": "6000000009",
      "date_of_birth": "1985-05-15",
      "email_verified": true,
      "password": "pbkdf2_sha256$600000$Nf1JSucDbGkFARSXcttRQD$N/J0GcH+3KSNcfsYbFAPOYHiphFBCpzC0eBVRYmllCA=",
      "password_hash": "pbkdf2_sha256$600000$Nf1JSucDbGkFARSXcttRQD$N/J0GcH+3KSNcfsYbFAPOYHiphFBCpzC0eBVRYmllCA=",
      "is_active": true,
      "is_staff": false,
      "account_type": "AGENT",
      "last_login": null,
      "created_at": "2025-01-15T19:00:00Z",
      "updated_at": "2025-01-15T19:00:00Z"
    }
  },
  {
    "model": "users.agentprofile",
    "pk": "62aa8586-2918-4f75-949a-ee951c30a813",
    "fields": {
      "user": "ef8ec8ee-c22b-4f1f-9146-2cbe3b178861",
      "display_name": "Julien Caron",
      "bio": "Agent sportif expérimenté accompagnant des talents européens.",
      "is_self_represented": false,
      "created_at": "2025-01-15T19:15:00Z",
      "updated_at": "2025-01-15T19:15:00Z"
    }
  },
  {
    "model": "users.user",
    "pk": "d61a37ee-53d4-4888-aa03-00a6f1c165f6",
    "fields": {
      "email": "karim.leroy@example.com",
      "first_name": "Karim",
      "last_name": "Leroy",
      "phone_country_code": "+34",
      "phone_number": "6000000010",
      "date_of_birth": "1985-05-15",
      "email_verified": true,
      "password": "pbkdf2_sha256$600000$Nf1JSucDbGkFARSXcttRQD$N/J0GcH+3KSNcfsYbFAPOYHiphFBCpzC0eBVRYmllCA=",
      "password_hash": "pbkdf2_sha256$600000$Nf1JSucDbGkFARSXcttRQD$N/J0GcH+3KSNcfsYbFAPOYHiphFBCpzC0eBVRYmllCA=",
      "is_active": true,
      "is_staff": false,
      "account_type": "AGENT",
      "last_login": null,
      "created_at": "2025-01-15T20:00:00Z",
      "updated_at": "2025-01-15T20:00:00Z"
    }
  },
  {
    "model": "users.agentprofile",
    "pk": "3db12f2d-dfe1-4574-b06e-7df42e519d4a",
    "fields": {
      "user": "d61a37ee-53d4-4888-aa03-00a6f1c165f6",
      "display_name": "Karim Leroy",
      "bio": "Agent sportif expérimenté accompagnant des talents européens.",
      "is_self_represented": false,
      "created_at": "2025-01-15T20:15:00Z",
      "updated_at": "2025-01-15T20:15:00Z"
    }
  },
  {
    "model": "users.user",
    "pk": "75791ca8-7234-4ade-bdaa-2da0c1f0e328",
    "fields": {
      "email": "laura.fontaine@example.com",
      "first_name": "Laura",
      "last_name": "Fontaine",
      "phone_country_code": "+32",
      "phone_number": "6000000011",
      "date_of_birth": "1985-05-15",
      "email_verified": true,
      "password": "pbkdf2_sha256$600000$Nf1JSucDbGkFARSXcttRQD$N/J0GcH+3KSNcfsYbFAPOYHiphFBCpzC0eBVRYmllCA=",
      "password_hash": "pbkdf2_sha256$600000$Nf1JSucDbGkFARSXcttRQD$N/J0GcH+3KSNcfsYbFAPOYHiphFBCpzC0eBVRYmllCA=",
      "is_active": true,
      "is_staff": false,
      "account_type": "AGENT",
      "last_login": null,
      "created_at": "2025-01-15T21:00:00Z",
      "updated_at": "2025-01-15T21:00:00Z"
    }
  },
  {
    "model": "users.agentprofile",
    "pk": "1d3d618b-8502-431f-9402-871d68f342ed",
    "fields": {
      "user": "75791ca8-7234-4ade-bdaa-2da0c1f0e328",
      "display_name": "Laura Fontaine",
      "bio": "Agent sportif expérimenté accompagnant des talents européens.",
      "is_self_represented": false,
      "created_at": "2025-01-15T21:15:00Z",
      "updated_at": "2025-01-15T21:15:00Z"
    }
  },
  {
    "model": "users.user",
    "pk": "4b466f76-af67-4c99-9776-2a6fb50bfd35",
    "fields": {
      "email": "mathieu.perrin@example.com",
      "first_name": "Mathieu",
      "last_name": "Perrin",
      "phone_country_code": "+41",
      "phone_number": "6000000012",
      "date_of_birth": "1985-05-15",
      "email_verified": true,
      "password": "pbkdf2_sha256$600000$Nf1JSucDbGkFARSXcttRQD$N/J0GcH+3KSNcfsYbFAPOYHiphFBCpzC0eBVRYmllCA=",
      "password_hash": "pbkdf2_sha256$600000$Nf1JSucDbGkFARSXcttRQD$N/J0GcH+3KSNcfsYbFAPOYHiphFBCpzC0eBVRYmllCA=",
      "is_active": true,
      "is_staff": false,
      "account_type": "AGENT",
      "last_login": null,
      "created_at": "2025-01-15T22:00:00Z",
      "updated_at": "2025-01-15T22:00:00Z"
    }
  },
  {
    "model": "users.agentprofile",
    "pk": "f6366d6a-73f5-4dd7-b20b-d7ef9f5abd1d",
    "fields": {
      "user": "4b466f76-af67-4c99-9776-2a6fb50bfd35",
      "display_name": "Mathieu Perrin",
      "bio": "Agent sportif expérimenté accompagnant des talents européens.",
      "is_self_represented": false,
      "created_at": "2025-01-15T22:15:00Z",
      "updated_at": "2025-01-15T22:15:00Z"
    }
  },
  {
    "model": "users.user",
    "pk": "dcfa98e1-d867-4a7c-9ef4-078d957f5be4",
    "fields": {
      "email": "nadia.roche@example.com",
      "first_name": "Nadia",
      "last_name": "Roche",
      "phone_country_code": "+352",
      "phone_number": "6000000013",
      "date_of_birth": "1985-05-15",
      "email_verified": true,
      "password": "pbkdf2_sha256$600000$Nf1JSucDbGkFARSXcttRQD$N/J0GcH+3KSNcfsYbFAPOYHiphFBCpzC0eBVRYmllCA=",
      "password_hash": "pbkdf2_sha256$600000$Nf1JSucDbGkFARSXcttRQD$N/J0GcH+3KSNcfsYbFAPOYHiphFBCpzC0eBVRYmllCA=",
      "is_active": true,
      "is_staff": false,
      "account_type": "AGENT",
      "last_login": null,
      "created_at": "2025-01-15T23:00:00Z",
      "updated_at": "2025-01-15T23:00:00Z"
    }
  },
  {
    "model": "users.agentprofile",
    "pk": "cdab64f3-f713-47d4-95c2-6efd198dfa89",
    "fields": {
      "user": "dcfa98e1-d867-4a7c-9ef4-078d957f5be4",
      "display_name": "Nadia Roche",
      "bio": "Agent sportif expérimenté accompagnant des talents européens.",
      "is_self_represented": false,
      "created_at": "2025-01-15T23:15:00Z",
      "updated_at": "2025-01-15T23:15:00Z"
    }
  },
  {
    "model": "users.user",
    "pk": "749e0028-372c-4374-8e20-c16e7b4f5dfa",
    "fields": {
      "email": "olivier.lemaitre@example.com",
      "first_name": "Olivier",
      "last_name": "Lemaitre",
      "phone_country_code": "+39",
      "phone_number": "6000000014",
      "date_of_birth": "1985-05-15",
      "email_verified": true,
      "password": "pbkdf2_sha256$600000$Nf1JSucDbGkFARSXcttRQD$N/J0GcH+3KSNcfsYbFAPOYHiphFBCpzC0eBVRYmllCA=",
      "password_hash": "pbkdf2_sha256$600000$Nf1JSucDbGkFARSXcttRQD$N/J0GcH+3KSNcfsYbFAPOYHiphFBCpzC0eBVRYmllCA=",
      "is_active": true,
      "is_staff": false,
      "account_type": "AGENT",
      "last_login": null,
      "created_at": "2025-01-16T00:00:00Z",
      "updated_at": "2025-01-16T00:00:00Z"
    }
  },
  {
    "model": "users.agentprofile",
    "pk": "bc0dc50c-2ff0-4135-ab16-f45588ed6a74",
    "fields": {
      "user": "749e0028-372c-4374-8e20-c16e7b4f5dfa",
      "display_name": "Olivier Lemaitre",
      "bio": "Agent sportif expérimenté accompagnant des talents européens.",
      "is_self_represented": false,
      "created_at": "2025-01-16T00:15:00Z",
      "updated_at": "2025-01-16T00:15:00Z"
    }
  },
  {
    "model": "users.user",
    "pk": "322c216a-a96c-49c9-b74d-01b5f9656617",
    "fields": {
      "email": "pauline.marchand@example.com",
      "first_name": "Pauline",
      "last_name": "Marchand",
      "phone_country_code": "+34",
      "phone_number": "6000000015",
      "date_of_birth": "1985-05-15",
      "email_verified": true,
      "password": "pbkdf2_sha256$600000$Nf1JSucDbGkFARSXcttRQD$N/J0GcH+3KSNcfsYbFAPOYHiphFBCpzC0eBVRYmllCA=",
      "password_hash": "pbkdf2_sha256$600000$Nf1JSucDbGkFARSXcttRQD$N/J0GcH+3KSNcfsYbFAPOYHiphFBCpzC0eBVRYmllCA=",
      "is_active": true,
      "is_staff": false,
      "account_type": "AGENT",
      "last_login": null,
      "created_at": "2025-01-16T01:00:00Z",
      "updated_at": "2025-01-16T01:00:00Z"
    }
  },
  {
    "model": "users.agentprofile",
    "pk": "405ce429-7d98-41ec-839b-2d24c4dfdfbe",
    "fields": {
      "user": "322c216a-a96c-49c9-b74d-01b5f9656617",
      "display_name": "Pauline Marchand",
      "bio": "Agent sportif expérimenté accompagnant des talents européens.",
      "is_self_represented": false,
      "created_at": "2025-01-16T01:15:00Z",
      "updated_at": "2025-01-16T01:15:00Z"
    }
  },
  {
    "model": "users.user",
    "pk": "83dfcd1b-3a3c-4156-aa66-5947f3408b1e",
    "fields": {
      "email": "quentin.blanchard@example.com",
      "first_name": "Quentin",
      "last_name": "Blanchard",
      "phone_country_code": "+32",
      "phone_number": "6000000016",
      "date_of_birth": "1985-05-15",
      "email_verified": true,
      "password": "pbkdf2_sha256$600000$Nf1JSucDbGkFARSXcttRQD$N/J0GcH+3KSNcfsYbFAPOYHiphFBCpzC0eBVRYmllCA=",
      "password_hash": "pbkdf2_sha256$600000$Nf1JSucDbGkFARSXcttRQD$N/J0GcH+3KSNcfsYbFAPOYHiphFBCpzC0eBVRYmllCA=",
      "is_active": true,
      "is_staff": false,
      "account_type": "AGENT",
      "last_login": null,
      "created_at": "2025-01-16T02:00:00Z",
      "updated_at": "2025-01-16T02:00:00Z"
    }
  },
  {
    "model": "users.agentprofile",
    "pk": "4df9b0fd-1cad-4da5-9cfe-4c00467da2d0",
    "fields": {
      "user": "83dfcd1b-3a3c-4156-aa66-5947f3408b1e",
      "display_name": "Quentin Blanchard",
      "bio": "Agent sportif expérimenté accompagnant des talents européens.",
      "is_self_represented": false,
      "created_at": "2025-01-16T02:15:00Z",
      "updated_at": "2025-01-16T02:15:00Z"
    }
  },
  {
    "model": "users.user",
    "pk": "c95a37de-a880-4ece-9bce-421426f31970",
    "fields": {
      "email": "romain.allard@example.com",
      "first_name": "Romain",
      "last_name": "Allard",
      "phone_country_code": "+41",
      "phone_number": "6000000017",
      "date_of_birth": "1985-05-15",
      "email_verified": true,
      "password": "pbkdf2_sha256$600000$Nf1JSucDbGkFARSXcttRQD$N/J0GcH+3KSNcfsYbFAPOYHiphFBCpzC0eBVRYmllCA=",
      "password_hash": "pbkdf2_sha256$600000$Nf1JSucDbGkFARSXcttRQD$N/J0GcH+3KSNcfsYbFAPOYHiphFBCpzC0eBVRYmllCA=",
      "is_active": true,
      "is_staff": false,
      "account_type": "AGENT",
      "last_login": null,
      "created_at": "2025-01-16T03:00:00Z",
      "updated_at": "2025-01-16T03:00:00Z"
    }
  },
  {
    "model": "users.agentprofile",
    "pk": "ff22cb37-873c-4afd-bf52-d72f817e9077",
    "fields": {
      "user": "c95a37de-a880-4ece-9bce-421426f31970",
      "display_name": "Romain Allard",
      "bio": "Agent sportif expérimenté accompagnant des talents européens.",
      "is_self_represented": false,
      "created_at": "2025-01-16T03:15:00Z",
      "updated_at": "2025-01-16T03:15:00Z"
    }
  },
  {
    "model": "users.user",
    "pk": "be993c36-6a72-4771-9cb7-45fb6a959281",
    "fields": {
      "email": "sophie.garnier@example.com",
      "first_name": "Sophie",
      "last_name": "Garnier",
      "phone_country_code": "+352",
      "phone_number": "6000000018",
      "date_of_birth": "1985-05-15",
      "email_verified": true,
      "password": "pbkdf2_sha256$600000$Nf1JSucDbGkFARSXcttRQD$N/J0GcH+3KSNcfsYbFAPOYHiphFBCpzC0eBVRYmllCA=",
      "password_hash": "pbkdf2_sha256$600000$Nf1JSucDbGkFARSXcttRQD$N/J0GcH+3KSNcfsYbFAPOYHiphFBCpzC0eBVRYmllCA=",
      "is_active": true,
      "is_staff": false,
      "account_type": "AGENT",
      "last_login": null,
      "created_at": "2025-01-16T04:00:00Z",
      "updated_at": "2025-01-16T04:00:00Z"
    }
  },
  {
    "model": "users.agentprofile",
    "pk": "c354e140-23fa-40dd-8d41-a5ce37f0aacc",
    "fields": {
      "user": "be993c36-6a72-4771-9cb7-45fb6a959281",
      "display_name": "Sophie Garnier",
      "bio": "Agent sportif expérimenté accompagnant des talents européens.",
      "is_self_represented": false,
      "created_at": "2025-01-16T04:15:00Z",
      "updated_at": "2025-01-16T04:15:00Z"
    }
  },
  {
    "model": "users.user",
    "pk": "2fc6c4ab-a351-4c89-9c5a-f6183ebb839c",
    "fields": {
      "email": "thomas.barbier@example.com",
      "first_name": "Thomas",
      "last_name": "Barbier",
      "phone_country_code": "+39",
      "phone_number": "6000000019",
      "date_of_birth": "1985-05-15",
      "email_verified": true,
      "password": "pbkdf2_sha256$600000$Nf1JSucDbGkFARSXcttRQD$N/J0GcH+3KSNcfsYbFAPOYHiphFBCpzC0eBVRYmllCA=",
      "password_hash": "pbkdf2_sha256$600000$Nf1JSucDbGkFARSXcttRQD$N/J0GcH+3KSNcfsYbFAPOYHiphFBCpzC0eBVRYmllCA=",
      "is_active": true,
      "is_staff": false,
      "account_type": "AGENT",
      "last_login": null,
      "created_at": "2025-01-16T05:00:00Z",
      "updated_at": "2025-01-16T05:00:00Z"
    }
  },
  {
    "model": "users.agentprofile",
    "pk": "42ec40cc-25b2-4315-935d-7fb99deb5f30",
    "fields": {
      "user": "2fc6c4ab-a351-4c89-9c5a-f6183ebb839c",
      "display_name": "Thomas Barbier",
      "bio": "Agent sportif expérimenté accompagnant des talents européens.",
      "is_self_represented": false,
      "created_at": "2025-01-16T05:15:00Z",
      "updated_at": "2025-01-16T05:15:00Z"
    }
  },
  {
    "model": "users.user",
    "pk": "c3e1af59-6727-4bb7-9461-2b2d9be0c809",
    "fields": {
      "email": "amelie.boucher@brands.example.com",
      "first_name": "Amélie",
      "last_name": "Boucher",
      "phone_country_code": "+34",
      "phone_number": "7000000000",
      "date_of_birth": "1990-04-20",
      "email_verified": true,
      "password": "pbkdf2_sha256$600000$Nf1JSucDbGkFARSXcttRQD$N/J0GcH+3KSNcfsYbFAPOYHiphFBCpzC0eBVRYmllCA=",
      "password_hash": "pbkdf2_sha256$600000$Nf1JSucDbGkFARSXcttRQD$N/J0GcH+3KSNcfsYbFAPOYHiphFBCpzC0eBVRYmllCA=",
      "is_active": true,
      "is_staff": false,
      "account_type": "COLLABORATOR",
      "last_login": null,
      "created_at": "2025-01-16T16:00:00Z",
      "updated_at": "2025-01-16T16:00:00Z"
    }
  },
  {
    "model": "users.user",
    "pk": "de958bb5-be63-4ef3-be2f-61a4eda53f81",
    "fields": {
      "email": "bastien.renard@brands.example.com",
      "first_name": "Bastien",
      "last_name": "Renard",
      "phone_country_code": "+32",
      "phone_number": "7000000001",
      "date_of_birth": "1990-04-20",
      "email_verified": true,
      "password": "pbkdf2_sha256$600000$Nf1JSucDbGkFARSXcttRQD$N/J0GcH+3KSNcfsYbFAPOYHiphFBCpzC0eBVRYmllCA=",
      "password_hash": "pbkdf2_sha256$600000$Nf1JSucDbGkFARSXcttRQD$N/J0GcH+3KSNcfsYbFAPOYHiphFBCpzC0eBVRYmllCA=",
      "is_active": true,
      "is_staff": false,
      "account_type": "COLLABORATOR",
      "last_login": null,
      "created_at": "2025-01-16T17:00:00Z",
      "updated_at": "2025-01-16T17:00:00Z"
    }
  },
  {
    "model": "users.user",
    "pk": "761869aa-9fc6-4402-b014-1fca3429b65b",
    "fields": {
      "email": "camille.lopez@brands.example.com",
      "first_name": "Camille",
      "last_name": "Lopez",
      "phone_country_code": "+41",
      "phone_number": "7000000002",
      "date_of_birth": "1990-04-20",
      "email_verified": true,
      "password": "pbkdf2_sha256$600000$Nf1JSucDbGkFARSXcttRQD$N/J0GcH+3KSNcfsYbFAPOYHiphFBCpzC0eBVRYmllCA=",
      "password_hash": "pbkdf2_sha256$600000$Nf1JSucDbGkFARSXcttRQD$N/J0GcH+3KSNcfsYbFAPOYHiphFBCpzC0eBVRYmllCA=",
      "is_active": true,
      "is_staff": false,
      "account_type": "COLLABORATOR",
      "last_login": null,
      "created_at": "2025-01-16T18:00:00Z",
      "updated_at": "2025-01-16T18:00:00Z"
    }
  },
  {
    "model": "users.user",
    "pk": "8f634d97-b1bb-44f1-94ef-5e5e40128d83",
    "fields": {
      "email": "damien.giraud@brands.example.com",
      "first_name": "Damien",
      "last_name": "Giraud",
      "phone_country_code": "+352",
      "phone_number": "7000000003",
      "date_of_birth": "1990-04-20",
      "email_verified": true,
      "password": "pbkdf2_sha256$600000$Nf1JSucDbGkFARSXcttRQD$N/J0GcH+3KSNcfsYbFAPOYHiphFBCpzC0eBVRYmllCA=",
      "password_hash": "pbkdf2_sha256$600000$Nf1JSucDbGkFARSXcttRQD$N/J0GcH+3KSNcfsYbFAPOYHiphFBCpzC0eBVRYmllCA=",
      "is_active": true,
      "is_staff": false,
      "account_type": "COLLABORATOR",
      "last_login": null,
      "created_at": "2025-01-16T19:00:00Z",
      "updated_at": "2025-01-16T19:00:00Z"
    }
  },
  {
    "model": "users.user",
    "pk": "7898b50a-7a54-429f-b3b4-492ea8e057f6",
    "fields": {
      "email": "elise.morel@brands.example.com",
      "first_name": "Elise",
      "last_name": "Morel",
      "phone_country_code": "+39",
      "phone_number": "7000000004",
      "date_of_birth": "1990-04-20",
      "email_verified": true,
      "password": "pbkdf2_sha256$600000$Nf1JSucDbGkFARSXcttRQD$N/J0GcH+3KSNcfsYbFAPOYHiphFBCpzC0eBVRYmllCA=",
      "password_hash": "pbkdf2_sha256$600000$Nf1JSucDbGkFARSXcttRQD$N/J0GcH+3KSNcfsYbFAPOYHiphFBCpzC0eBVRYmllCA=",
      "is_active": true,
      "is_staff": false,
      "account_type": "COLLABORATOR",
      "last_login": null,
      "created_at": "2025-01-16T20:00:00Z",
      "updated_at": "2025-01-16T20:00:00Z"
    }
  },
  {
    "model": "users.user",
    "pk": "a3f7e42c-6c16-47d9-adcb-f47f77a2030e",
    "fields": {
      "email": "florian.rousseau@brands.example.com",
      "first_name": "Florian",
      "last_name": "Rousseau",
      "phone_country_code": "+34",
      "phone_number": "7000000005",
      "date_of_birth": "1990-04-20",
      "email_verified": true,
      "password": "pbkdf2_sha256$600000$Nf1JSucDbGkFARSXcttRQD$N/J0GcH+3KSNcfsYbFAPOYHiphFBCpzC0eBVRYmllCA=",
      "password_hash": "pbkdf2_sha256$600000$Nf1JSucDbGkFARSXcttRQD$N/J0GcH+3KSNcfsYbFAPOYHiphFBCpzC0eBVRYmllCA=",
      "is_active": true,
      "is_staff": false,
      "account_type": "COLLABORATOR",
      "last_login": null,
      "created_at": "2025-01-16T21:00:00Z",
      "updated_at": "2025-01-16T21:00:00Z"
    }
  },
  {
    "model": "users.user",
    "pk": "23a1bcc0-d287-4529-bcb0-57bd464d5f47",
    "fields": {
      "email": "geraldine.fabre@brands.example.com",
      "first_name": "Géraldine",
      "last_name": "Fabre",
      "phone_country_code": "+32",
      "phone_number": "7000000006",
      "date_of_birth": "1990-04-20",
      "email_verified": true,
      "password": "pbkdf2_sha256$600000$Nf1JSucDbGkFARSXcttRQD$N/J0GcH+3KSNcfsYbFAPOYHiphFBCpzC0eBVRYmllCA=",
      "password_hash": "pbkdf2_sha256$600000$Nf1JSucDbGkFARSXcttRQD$N/J0GcH+3KSNcfsYbFAPOYHiphFBCpzC0eBVRYmllCA=",
      "is_active": true,
      "is_staff": false,
      "account_type": "COLLABORATOR",
      "last_login": null,
      "created_at": "2025-01-16T22:00:00Z",
      "updated_at": "2025-01-16T22:00:00Z"
    }
  },
  {
    "model": "users.user",
    "pk": "79dba85e-871f-48e2-bffc-a328c88188bf",
    "fields": {
      "email": "helene.marchal@brands.example.com",
      "first_name": "Hélène",
      "last_name": "Marchal",
      "phone_country_code": "+41",
      "phone_number": "7000000007",
      "date_of_birth": "1990-04-20",
      "email_verified": true,
      "password": "pbkdf2_sha256$600000$Nf1JSucDbGkFARSXcttRQD$N/J0GcH+3KSNcfsYbFAPOYHiphFBCpzC0eBVRYmllCA=",
      "password_hash": "pbkdf2_sha256$600000$Nf1JSucDbGkFARSXcttRQD$N/J0GcH+3KSNcfsYbFAPOYHiphFBCpzC0eBVRYmllCA=",
      "is_active": true,
      "is_staff": false,
      "account_type": "COLLABORATOR",
      "last_login": null,
      "created_at": "2025-01-16T23:00:00Z",
      "updated_at": "2025-01-16T23:00:00Z"
    }
  },
  {
    "model": "users.user",
    "pk": "52169e12-322d-4f98-b628-1ba81ed1b468",
    "fields": {
      "email": "ines.baron@brands.example.com",
      "first_name": "Inès",
      "last_name": "Baron",
      "phone_country_code": "+352",
      "phone_number": "7000000008",
      "date_of_birth": "1990-04-20",
      "email_verified": true,
      "password": "pbkdf2_sha256$600000$Nf1JSucDbGkFARSXcttRQD$N/J0GcH+3KSNcfsYbFAPOYHiphFBCpzC0eBVRYmllCA=",
      "password_hash": "pbkdf2_sha256$600000$Nf1JSucDbGkFARSXcttRQD$N/J0GcH+3KSNcfsYbFAPOYHiphFBCpzC0eBVRYmllCA=",
      "is_active": true,
      "is_staff": false,
      "account_type": "COLLABORATOR",
      "last_login": null,
      "created_at": "2025-01-17T00:00:00Z",
      "updated_at": "2025-01-17T00:00:00Z"
    }
  },
  {
    "model": "users.user",
    "pk": "29c0aeb6-4751-431f-b9e0-8d5cc28a5500",
    "fields": {
      "email": "jules.dupuis@brands.example.com",
      "first_name": "Jules",
      "last_name": "Dupuis",
      "phone_country_code": "+39",
      "phone_number": "7000000009",
      "date_of_birth": "1990-04-20",
      "email_verified": true,
      "password": "pbkdf2_sha256$600000$Nf1JSucDbGkFARSXcttRQD$N/J0GcH+3KSNcfsYbFAPOYHiphFBCpzC0eBVRYmllCA=",
      "password_hash": "pbkdf2_sha256$600000$Nf1JSucDbGkFARSXcttRQD$N/J0GcH+3KSNcfsYbFAPOYHiphFBCpzC0eBVRYmllCA=",
      "is_active": true,
      "is_staff": false,
      "account_type": "COLLABORATOR",
      "last_login": null,
      "created_at": "2025-01-17T01:00:00Z",
      "updated_at": "2025-01-17T01:00:00Z"
    }
  },
  {
    "model": "users.user",
    "pk": "9692094b-78c5-4c66-b2eb-c24878a9651b",
    "fields": {
      "email": "katia.jourdan@brands.example.com",
      "first_name": "Katia",
      "last_name": "Jourdan",
      "phone_country_code": "+34",
      "phone_number": "7000000010",
      "date_of_birth": "1990-04-20",
      "email_verified": true,
      "password": "pbkdf2_sha256$600000$Nf1JSucDbGkFARSXcttRQD$N/J0GcH+3KSNcfsYbFAPOYHiphFBCpzC0eBVRYmllCA=",
      "password_hash": "pbkdf2_sha256$600000$Nf1JSucDbGkFARSXcttRQD$N/J0GcH+3KSNcfsYbFAPOYHiphFBCpzC0eBVRYmllCA=",
      "is_active": true,
      "is_staff": false,
      "account_type": "COLLABORATOR",
      "last_login": null,
      "created_at": "2025-01-17T02:00:00Z",
      "updated_at": "2025-01-17T02:00:00Z"
    }
  },
  {
    "model": "users.user",
    "pk": "f6175e98-1419-483e-a94a-cfd13cb31dbe",
    "fields": {
      "email": "louis.marin@brands.example.com",
      "first_name": "Louis",
      "last_name": "Marin",
      "phone_country_code": "+32",
      "phone_number": "7000000011",
      "date_of_birth": "1990-04-20",
      "email_verified": true,
      "password": "pbkdf2_sha256$600000$Nf1JSucDbGkFARSXcttRQD$N/J0GcH+3KSNcfsYbFAPOYHiphFBCpzC0eBVRYmllCA=",
      "password_hash": "pbkdf2_sha256$600000$Nf1JSucDbGkFARSXcttRQD$N/J0GcH+3KSNcfsYbFAPOYHiphFBCpzC0eBVRYmllCA=",
      "is_active": true,
      "is_staff": false,
      "account_type": "COLLABORATOR",
      "last_login": null,
      "created_at": "2025-01-17T03:00:00Z",
      "updated_at": "2025-01-17T03:00:00Z"
    }
  },
  {
    "model": "users.user",
    "pk": "73e9fc1c-4453-4a51-b450-4d4f5f87d730",
    "fields": {
      "email": "melanie.charbonnier@brands.example.com",
      "first_name": "Mélanie",
      "last_name": "Charbonnier",
      "phone_country_code": "+41",
      "phone_number": "7000000012",
      "date_of_birth": "1990-04-20",
      "email_verified": true,
      "password": "pbkdf2_sha256$600000$Nf1JSucDbGkFARSXcttRQD$N/J0GcH+3KSNcfsYbFAPOYHiphFBCpzC0eBVRYmllCA=",
      "password_hash": "pbkdf2_sha256$600000$Nf1JSucDbGkFARSXcttRQD$N/J0GcH+3KSNcfsYbFAPOYHiphFBCpzC0eBVRYmllCA=",
      "is_active": true,
      "is_staff": false,
      "account_type": "COLLABORATOR",
      "last_login": null,
      "created_at": "2025-01-17T04:00:00Z",
      "updated_at": "2025-01-17T04:00:00Z"
    }
  },
  {
    "model": "users.user",
    "pk": "2e3cce1f-011c-4599-9b17-5b06bd263a95",
    "fields": {
      "email": "noe.poulain@brands.example.com",
      "first_name": "Noé",
      "last_name": "Poulain",
      "phone_country_code": "+352",
      "phone_number": "7000000013",
      "date_of_birth": "1990-04-20",
      "email_verified": true,
      "password": "pbkdf2_sha256$600000$Nf1JSucDbGkFARSXcttRQD$N/J0GcH+3KSNcfsYbFAPOYHiphFBCpzC0eBVRYmllCA=",
      "password_hash": "pbkdf2_sha256$600000$Nf1JSucDbGkFARSXcttRQD$N/J0GcH+3KSNcfsYbFAPOYHiphFBCpzC0eBVRYmllCA=",
      "is_active": true,
      "is_staff": false,
      "account_type": "COLLABORATOR",
      "last_login": null,
      "created_at": "2025-01-17T05:00:00Z",
      "updated_at": "2025-01-17T05:00:00Z"
    }
  },
  {
    "model": "users.user",
    "pk": "24b339f0-4594-4383-859d-8ad8e9abd031",
    "fields": {
      "email": "ophelie.descamps@brands.example.com",
      "first_name": "Ophélie",
      "last_name": "Descamps",
      "phone_country_code": "+39",
      "phone_number": "7000000014",
      "date_of_birth": "1990-04-20",
      "email_verified": true,
      "password": "pbkdf2_sha256$600000$Nf1JSucDbGkFARSXcttRQD$N/J0GcH+3KSNcfsYbFAPOYHiphFBCpzC0eBVRYmllCA=",
      "password_hash": "pbkdf2_sha256$600000$Nf1JSucDbGkFARSXcttRQD$N/J0GcH+3KSNcfsYbFAPOYHiphFBCpzC0eBVRYmllCA=",
      "is_active": true,
      "is_staff": false,
      "account_type": "COLLABORATOR",
      "last_login": null,
      "created_at": "2025-01-17T06:00:00Z",
      "updated_at": "2025-01-17T06:00:00Z"
    }
  },
  {
    "model": "users.user",
    "pk": "0cf2e3fd-62a9-4513-ad3c-b91f22430a71",
    "fields": {
      "email": "pierre.delorme@brands.example.com",
      "first_name": "Pierre",
      "last_name": "Delorme",
      "phone_country_code": "+34",
      "phone_number": "7000000015",
      "date_of_birth": "1990-04-20",
      "email_verified": true,
      "password": "pbkdf2_sha256$600000$Nf1JSucDbGkFARSXcttRQD$N/J0GcH+3KSNcfsYbFAPOYHiphFBCpzC0eBVRYmllCA=",
      "password_hash": "pbkdf2_sha256$600000$Nf1JSucDbGkFARSXcttRQD$N/J0GcH+3KSNcfsYbFAPOYHiphFBCpzC0eBVRYmllCA=",
      "is_active": true,
      "is_staff": false,
      "account_type": "COLLABORATOR",
      "last_login": null,
      "created_at": "2025-01-17T07:00:00Z",
      "updated_at": "2025-01-17T07:00:00Z"
    }
  },
  {
    "model": "users.user",
    "pk": "17ab164f-6ae1-442c-93d8-167063be0ace",
    "fields": {
      "email": "quitterie.renaud@brands.example.com",
      "first_name": "Quitterie",
      "last_name": "Renaud",
      "phone_country_code": "+32",
      "phone_number": "7000000016",
      "date_of_birth": "1990-04-20",
      "email_verified": true,
      "password": "pbkdf2_sha256$600000$Nf1JSucDbGkFARSXcttRQD$N/J0GcH+3KSNcfsYbFAPOYHiphFBCpzC0eBVRYmllCA=",
      "password_hash": "pbkdf2_sha256$600000$Nf1JSucDbGkFARSXcttRQD$N/J0GcH+3KSNcfsYbFAPOYHiphFBCpzC0eBVRYmllCA=",
      "is_active": true,
      "is_staff": false,
      "account_type": "COLLABORATOR",
      "last_login": null,
      "created_at": "2025-01-17T08:00:00Z",
      "updated_at": "2025-01-17T08:00:00Z"
    }
  },
  {
    "model": "users.user",
    "pk": "64070b42-c42b-4f1b-9362-779e75be817d",
    "fields": {
      "email": "raphael.leclerc@brands.example.com",
      "first_name": "Raphaël",
      "last_name": "Leclerc",
      "phone_country_code": "+41",
      "phone_number": "7000000017",
      "date_of_birth": "1990-04-20",
      "email_verified": true,
      "password": "pbkdf2_sha256$600000$Nf1JSucDbGkFARSXcttRQD$N/J0GcH+3KSNcfsYbFAPOYHiphFBCpzC0eBVRYmllCA=",
      "password_hash": "pbkdf2_sha256$600000$Nf1JSucDbGkFARSXcttRQD$N/J0GcH+3KSNcfsYbFAPOYHiphFBCpzC0eBVRYmllCA=",
      "is_active": true,
      "is_staff": false,
      "account_type": "COLLABORATOR",
      "last_login": null,
      "created_at": "2025-01-17T09:00:00Z",
      "updated_at": "2025-01-17T09:00:00Z"
    }
  },
  {
    "model": "users.user",
    "pk": "d7db5cea-dc92-48d4-a61a-5a7f812c31ef",
    "fields": {
      "email": "salome.bertin@brands.example.com",
      "first_name": "Salomé",
      "last_name": "Bertin",
      "phone_country_code": "+352",
      "phone_number": "7000000018",
      "date_of_birth": "1990-04-20",
      "email_verified": true,
      "password": "pbkdf2_sha256$600000$Nf1JSucDbGkFARSXcttRQD$N/J0GcH+3KSNcfsYbFAPOYHiphFBCpzC0eBVRYmllCA=",
      "password_hash": "pbkdf2_sha256$600000$Nf1JSucDbGkFARSXcttRQD$N/J0GcH+3KSNcfsYbFAPOYHiphFBCpzC0eBVRYmllCA=",
      "is_active": true,
      "is_staff": false,
      "account_type": "COLLABORATOR",
      "last_login": null,
      "created_at": "2025-01-17T10:00:00Z",
      "updated_at": "2025-01-17T10:00:00Z"
    }
  },
  {
    "model": "users.user",
    "pk": "81724bd5-6242-427c-9b10-0a46ec2e49e1",
    "fields": {
      "email": "tristan.hubert@brands.example.com",
      "first_name": "Tristan",
      "last_name": "Hubert",
      "phone_country_code": "+39",
      "phone_number": "7000000019",
      "date_of_birth": "1990-04-20",
      "email_verified": true,
      "password": "pbkdf2_sha256$600000$Nf1JSucDbGkFARSXcttRQD$N/J0GcH+3KSNcfsYbFAPOYHiphFBCpzC0eBVRYmllCA=",
      "password_hash": "pbkdf2_sha256$600000$Nf1JSucDbGkFARSXcttRQD$N/J0GcH+3KSNcfsYbFAPOYHiphFBCpzC0eBVRYmllCA=",
      "is_active": true,
      "is_staff": false,
      "account_type": "COLLABORATOR",
      "last_login": null,
      "created_at": "2025-01-17T11:00:00Z",
      "updated_at": "2025-01-17T11:00:00Z"
    }
  },
  {
    "model": "users.user",
    "pk": "6c076d5e-f724-4c68-ab0c-f8cf40c3c16d",
    "fields": {
      "email": "ulysse.gosselin@brands.example.com",
      "first_name": "Ulysse",
      "last_name": "Gosselin",
      "phone_country_code": "+34",
      "phone_number": "7000000020",
      "date_of_birth": "1990-04-20",
      "email_verified": true,
      "password": "pbkdf2_sha256$600000$Nf1JSucDbGkFARSXcttRQD$N/J0GcH+3KSNcfsYbFAPOYHiphFBCpzC0eBVRYmllCA=",
      "password_hash": "pbkdf2_sha256$600000$Nf1JSucDbGkFARSXcttRQD$N/J0GcH+3KSNcfsYbFAPOYHiphFBCpzC0eBVRYmllCA=",
      "is_active": true,
      "is_staff": false,
      "account_type": "COLLABORATOR",
      "last_login": null,
      "created_at": "2025-01-17T12:00:00Z",
      "updated_at": "2025-01-17T12:00:00Z"
    }
  },
  {
    "model": "users.user",
    "pk": "9c543a7c-3425-4dc1-bc48-b609bf776975",
    "fields": {
      "email": "valerie.chartier@brands.example.com",
      "first_name": "Valérie",
      "last_name": "Chartier",
      "phone_country_code": "+32",
      "phone_number": "7000000021",
      "date_of_birth": "1990-04-20",
      "email_verified": true,
      "password": "pbkdf2_sha256$600000$Nf1JSucDbGkFARSXcttRQD$N/J0GcH+3KSNcfsYbFAPOYHiphFBCpzC0eBVRYmllCA=",
      "password_hash": "pbkdf2_sha256$600000$Nf1JSucDbGkFARSXcttRQD$N/J0GcH+3KSNcfsYbFAPOYHiphFBCpzC0eBVRYmllCA=",
      "is_active": true,
      "is_staff": false,
      "account_type": "COLLABORATOR",
      "last_login": null,
      "created_at": "2025-01-17T13:00:00Z",
      "updated_at": "2025-01-17T13:00:00Z"
    }
  },
  {
    "model": "users.user",
    "pk": "3c15211b-633f-4fb9-af27-584760cf9852",
    "fields": {
      "email": "william.vaillant@brands.example.com",
      "first_name": "William",
      "last_name": "Vaillant",
      "phone_country_code": "+41",
      "phone_number": "7000000022",
      "date_of_birth": "1990-04-20",
      "email_verified": true,
      "password": "pbkdf2_sha256$600000$Nf1JSucDbGkFARSXcttRQD$N/J0GcH+3KSNcfsYbFAPOYHiphFBCpzC0eBVRYmllCA=",
      "password_hash": "pbkdf2_sha256$600000$Nf1JSucDbGkFARSXcttRQD$N/J0GcH+3KSNcfsYbFAPOYHiphFBCpzC0eBVRYmllCA=",
      "is_active": true,
      "is_staff": false,
      "account_type": "COLLABORATOR",
      "last_login": null,
      "created_at": "2025-01-17T14:00:00Z",
      "updated_at": "2025-01-17T14:00:00Z"
    }
  },
  {
    "model": "users.user",
    "pk": "8b15efee-739d-4c6b-9c52-22d9b12786a5",
    "fields": {
      "email": "xavier.garnier@brands.example.com",
      "first_name": "Xavier",
      "last_name": "Garnier",
      "phone_country_code": "+352",
      "phone_number": "7000000023",
      "date_of_birth": "1990-04-20",
      "email_verified": true,
      "password": "pbkdf2_sha256$600000$Nf1JSucDbGkFARSXcttRQD$N/J0GcH+3KSNcfsYbFAPOYHiphFBCpzC0eBVRYmllCA=",
      "password_hash": "pbkdf2_sha256$600000$Nf1JSucDbGkFARSXcttRQD$N/J0GcH+3KSNcfsYbFAPOYHiphFBCpzC0eBVRYmllCA=",
      "is_active": true,
      "is_staff": false,
      "account_type": "COLLABORATOR",
      "last_login": null,
      "created_at": "2025-01-17T15:00:00Z",
      "updated_at": "2025-01-17T15:00:00Z"
    }
  },
  {
    "model": "users.user",
    "pk": "b58a9679-ebac-412e-bab1-f97de27346b6",
    "fields": {
      "email": "yasmine.fernand@brands.example.com",
      "first_name": "Yasmine",
      "last_name": "Fernand",
      "phone_country_code": "+39",
      "phone_number": "7000000024",
      "date_of_birth": "1990-04-20",
      "email_verified": true,
      "password": "pbkdf2_sha256$600000$Nf1JSucDbGkFARSXcttRQD$N/J0GcH+3KSNcfsYbFAPOYHiphFBCpzC0eBVRYmllCA=",
      "password_hash": "pbkdf2_sha256$600000$Nf1JSucDbGkFARSXcttRQD$N/J0GcH+3KSNcfsYbFAPOYHiphFBCpzC0eBVRYmllCA=",
      "is_active": true,
      "is_staff": false,
      "account_type": "COLLABORATOR",
      "last_login": null,
      "created_at": "2025-01-17T16:00:00Z",
      "updated_at": "2025-01-17T16:00:00Z"
    }
  },
  {
    "model": "users.user",
    "pk": "6aa5aaa4-9df8-45cc-b1b7-aae81c438160",
    "fields": {
      "email": "zoe.lambert@brands.example.com",
      "first_name": "Zoé",
      "last_name": "Lambert",
      "phone_country_code": "+34",
      "phone_number": "7000000025",
      "date_of_birth": "1990-04-20",
      "email_verified": true,
      "password": "pbkdf2_sha256$600000$Nf1JSucDbGkFARSXcttRQD$N/J0GcH+3KSNcfsYbFAPOYHiphFBCpzC0eBVRYmllCA=",
      "password_hash": "pbkdf2_sha256$600000$Nf1JSucDbGkFARSXcttRQD$N/J0GcH+3KSNcfsYbFAPOYHiphFBCpzC0eBVRYmllCA=",
      "is_active": true,
      "is_staff": false,
      "account_type": "COLLABORATOR",
      "last_login": null,
      "created_at": "2025-01-17T17:00:00Z",
      "updated_at": "2025-01-17T17:00:00Z"
    }
  },
  {
    "model": "users.user",
    "pk": "79ad9071-89b8-4636-b210-5e3931cf41de",
    "fields": {
      "email": "adrien.payet@brands.example.com",
      "first_name": "Adrien",
      "last_name": "Payet",
      "phone_country_code": "+32",
      "phone_number": "7000000026",
      "date_of_birth": "1990-04-20",
      "email_verified": true,
      "password": "pbkdf2_sha256$600000$Nf1JSucDbGkFARSXcttRQD$N/J0GcH+3KSNcfsYbFAPOYHiphFBCpzC0eBVRYmllCA=",
      "password_hash": "pbkdf2_sha256$600000$Nf1JSucDbGkFARSXcttRQD$N/J0GcH+3KSNcfsYbFAPOYHiphFBCpzC0eBVRYmllCA=",
      "is_active": true,
      "is_staff": false,
      "account_type": "COLLABORATOR",
      "last_login": null,
      "created_at": "2025-01-17T18:00:00Z",
      "updated_at": "2025-01-17T18:00:00Z"
    }
  },
  {
    "model": "users.user",
    "pk": "1d18aff0-7a8f-407d-85b4-0115ea215a96",
    "fields": {
      "email": "berenice.verdier@brands.example.com",
      "first_name": "Bérénice",
      "last_name": "Verdier",
      "phone_country_code": "+41",
      "phone_number": "7000000027",
      "date_of_birth": "1990-04-20",
      "email_verified": true,
      "password": "pbkdf2_sha256$600000$Nf1JSucDbGkFARSXcttRQD$N/J0GcH+3KSNcfsYbFAPOYHiphFBCpzC0eBVRYmllCA=",
      "password_hash": "pbkdf2_sha256$600000$Nf1JSucDbGkFARSXcttRQD$N/J0GcH+3KSNcfsYbFAPOYHiphFBCpzC0eBVRYmllCA=",
      "is_active": true,
      "is_staff": false,
      "account_type": "COLLABORATOR",
      "last_login": null,
      "created_at": "2025-01-17T19:00:00Z",
      "updated_at": "2025-01-17T19:00:00Z"
    }
  },
  {
    "model": "users.user",
    "pk": "0bd48b7d-a468-400f-b0a1-56a371a8567c",
    "fields": {
      "email": "cyril.gallet@brands.example.com",
      "first_name": "Cyril",
      "last_name": "Gallet",
      "phone_country_code": "+352",
      "phone_number": "7000000028",
      "date_of_birth": "1990-04-20",
      "email_verified": true,
      "password": "pbkdf2_sha256$600000$Nf1JSucDbGkFARSXcttRQD$N/J0GcH+3KSNcfsYbFAPOYHiphFBCpzC0eBVRYmllCA=",
      "password_hash": "pbkdf2_sha256$600000$Nf1JSucDbGkFARSXcttRQD$N/J0GcH+3KSNcfsYbFAPOYHiphFBCpzC0eBVRYmllCA=",
      "is_active": true,
      "is_staff": false,
      "account_type": "COLLABORATOR",
      "last_login": null,
      "created_at": "2025-01-17T20:00:00Z",
      "updated_at": "2025-01-17T20:00:00Z"
    }
  },
  {
    "model": "users.user",
    "pk": "908d8789-9206-4627-b3fe-b54b4d86ee68",
    "fields": {
      "email": "daphne.picard@brands.example.com",
      "first_name": "Daphné",
      "last_name": "Picard",
      "phone_country_code": "+39",
      "phone_number": "7000000029",
      "date_of_birth": "1990-04-20",
      "email_verified": true,
      "password": "pbkdf2_sha256$600000$Nf1JSucDbGkFARSXcttRQD$N/J0GcH+3KSNcfsYbFAPOYHiphFBCpzC0eBVRYmllCA=",
      "password_hash": "pbkdf2_sha256$600000$Nf1JSucDbGkFARSXcttRQD$N/J0GcH+3KSNcfsYbFAPOYHiphFBCpzC0eBVRYmllCA=",
      "is_active": true,
      "is_staff": false,
      "account_type": "COLLABORATOR",
      "last_login": null,
      "created_at": "2025-01-17T21:00:00Z",
      "updated_at": "2025-01-17T21:00:00Z"
    }
  },
  {
    "model": "organisations.organisation",
    "pk": "e763c050-e3c1-40ed-8be5-9744f7b7859a",
    "fields": {
      "name": "Global Sports Partners",
      "slug": "global-sports-partners",
      "owner": "c3e1af59-6727-4bb7-9461-2b2d9be0c809",
      "type": "AGENCY",
      "industry": "Marketing sportif",
      "logo": "",
      "banner_image": "",
      "description": "Agence internationale spécialisée dans les activations multicanales.",
      "website_url": "https://global-sports.example.com",
      "email_contact": "contact@global-sports.example.com",
      "phone_contact": "+348100000000",
      "address_city": "Paris",
      "address_country": "France",
      "address_postal_code": "75008",
      "social_links": {
        "linkedin": "https://www.linkedin.com/company/global-sports"
      },
      "founded_year": 2010,
      "employees_count": 120,
      "budget_range": "500k-1M€",
      "sponsoring_focus": [
        "Activation digitale",
        "Hospitalités premium"
      ],
      "created_at": "2025-01-16T10:00:00Z",
      "updated_at": "2025-01-16T10:00:00Z"
    }
  },
  {
    "model": "organisations.collaborator",
    "pk": "f13839b8-3429-4114-8ab3-aeb446090883",
    "fields": {
      "user": "c3e1af59-6727-4bb7-9461-2b2d9be0c809",
      "organisation": "e763c050-e3c1-40ed-8be5-9744f7b7859a",
      "role": "OWNER",
      "job_title": "Directrice des partenariats",
      "created_at": "2025-01-16T10:05:00Z",
      "updated_at": "2025-01-16T10:05:00Z"
    }
  },
  {
    "model": "organisations.collaborator",
    "pk": "8043fbe1-75ec-4e35-b4e7-a9bf960f591e",
    "fields": {
      "user": "de958bb5-be63-4ef3-be2f-61a4eda53f81",
      "organisation": "e763c050-e3c1-40ed-8be5-9744f7b7859a",
      "role": "MEMBER",
      "job_title": "Responsable activation",
      "created_at": "2025-01-16T10:10:00Z",
      "updated_at": "2025-01-16T10:10:00Z"
    }
  },
  {
    "model": "organisations.collaborator",
    "pk": "8087a7d1-9ace-4bbd-999e-079dd0a5e457",
    "fields": {
      "user": "761869aa-9fc6-4402-b014-1fca3429b65b",
      "organisation": "e763c050-e3c1-40ed-8be5-9744f7b7859a",
      "role": "MEMBER",
      "job_title": "Chef de projet sponsoring",
      "created_at": "2025-01-16T10:11:00Z",
      "updated_at": "2025-01-16T10:11:00Z"
    }
  },
  {
    "model": "organisations.collaborator",
    "pk": "6475e67a-ca8b-4655-96c2-ca288f128ac4",
    "fields": {
      "user": "8f634d97-b1bb-44f1-94ef-5e5e40128d83",
      "organisation": "e763c050-e3c1-40ed-8be5-9744f7b7859a",
      "role": "MEMBER",
      "job_title": "Analyste data sports",
      "created_at": "2025-01-16T10:12:00Z",
      "updated_at": "2025-01-16T10:12:00Z"
    }
  },
  {
    "model": "organisations.collaborator",
    "pk": "e56fee02-82da-4764-b223-960029d6ac65",
    "fields": {
      "user": "7898b50a-7a54-429f-b3b4-492ea8e057f6",
      "organisation": "e763c050-e3c1-40ed-8be5-9744f7b7859a",
      "role": "MEMBER",
      "job_title": "Chargée des relations publiques",
      "created_at": "2025-01-16T10:13:00Z",
      "updated_at": "2025-01-16T10:13:00Z"
    }
  },
  {
    "model": "organisations.collaborator",
    "pk": "b25a5c5f-640f-4a8d-a274-0162c32f7bb4",
    "fields": {
      "user": "a3f7e42c-6c16-47d9-adcb-f47f77a2030e",
      "organisation": "e763c050-e3c1-40ed-8be5-9744f7b7859a",
      "role": "MEMBER",
      "job_title": "Coordinateur événementiel",
      "created_at": "2025-01-16T10:14:00Z",
      "updated_at": "2025-01-16T10:14:00Z"
    }
  },
  {
    "model": "organisations.collaborator",
    "pk": "b5f1998e-9a22-472d-911a-a25385c2cf74",
    "fields": {
      "user": "23a1bcc0-d287-4529-bcb0-57bd464d5f47",
      "organisation": "e763c050-e3c1-40ed-8be5-9744f7b7859a",
      "role": "MEMBER",
      "job_title": "Juriste contrats",
      "created_at": "2025-01-16T10:15:00Z",
      "updated_at": "2025-01-16T10:15:00Z"
    }
  },
  {
    "model": "organisations.collaborator",
    "pk": "9cd417df-bda3-47ae-891a-74c7d6fe1887",
    "fields": {
      "user": "79dba85e-871f-48e2-bffc-a328c88188bf",
      "organisation": "e763c050-e3c1-40ed-8be5-9744f7b7859a",
      "role": "MEMBER",
      "job_title": "Manager CRM",
      "created_at": "2025-01-16T10:16:00Z",
      "updated_at": "2025-01-16T10:16:00Z"
    }
  },
  {
    "model": "organisations.collaborator",
    "pk": "60608bcd-4e45-4da5-9d58-68b74d3263eb",
    "fields": {
      "user": "52169e12-322d-4f98-b628-1ba81ed1b468",
      "organisation": "e763c050-e3c1-40ed-8be5-9744f7b7859a",
      "role": "MEMBER",
      "job_title": "Designer créatif",
      "created_at": "2025-01-16T10:17:00Z",
      "updated_at": "2025-01-16T10:17:00Z"
    }
  },
  {
    "model": "organisations.collaborator",
    "pk": "e9b1c6ee-5764-4829-a4fe-7a4a828bb78f",
    "fields": {
      "user": "29c0aeb6-4751-431f-b9e0-8d5cc28a5500",
      "organisation": "e763c050-e3c1-40ed-8be5-9744f7b7859a",
      "role": "MEMBER",
      "job_title": "Spécialiste réseaux sociaux",
      "created_at": "2025-01-16T10:18:00Z",
      "updated_at": "2025-01-16T10:18:00Z"
    }
  },
  {
    "model": "organisations.organisation",
    "pk": "a339c7e0-2749-453b-a76e-01476598bfcb",
    "fields": {
      "name": "HexaTech",
      "slug": "hexatech",
      "owner": "9692094b-78c5-4c66-b2eb-c24878a9651b",
      "type": "STARTUP",
      "industry": "Communication",
      "logo": "",
      "banner_image": "",
      "description": "HexaTech recherche des opportunités de sponsoring ciblées.",
      "website_url": "https://hexatech.example.com",
      "email_contact": "hello@hexatech.example.com",
      "phone_contact": "+328200000000",
      "address_city": "Lyon",
      "address_country": "France",
      "address_postal_code": "69002",
      "social_links": {
        "linkedin": "https://www.linkedin.com/company/hexatech"
      },
      "founded_year": 2018,
      "employees_count": 25,
      "budget_range": "150k-300k€",
      "sponsoring_focus": [
        "Brand awareness",
        "Lancement produit"
      ],
      "created_at": "2025-01-17T10:03:00Z",
      "updated_at": "2025-01-17T10:03:00Z"
    }
  },
  {
    "model": "organisations.collaborator",
    "pk": "dc990043-1ee5-48af-84b8-12d8a1741892",
    "fields": {
      "user": "9692094b-78c5-4c66-b2eb-c24878a9651b",
      "organisation": "a339c7e0-2749-453b-a76e-01476598bfcb",
      "role": "OWNER",
      "job_title": "Responsable sponsoring",
      "created_at": "2025-01-17T10:00:00Z",
      "updated_at": "2025-01-17T10:00:00Z"
    }
  },
  {
    "model": "organisations.collaborator",
    "pk": "4d4d9bb1-c395-4747-92d2-fc6f9aed18fb",
    "fields": {
      "user": "f6175e98-1419-483e-a94a-cfd13cb31dbe",
      "organisation": "a339c7e0-2749-453b-a76e-01476598bfcb",
      "role": "MEMBER",
      "job_title": "Chef de projet",
      "created_at": "2025-01-17T10:01:00Z",
      "updated_at": "2025-01-17T10:01:00Z"
    }
  },
  {
    "model": "organisations.collaborator",
    "pk": "77c83b7a-1935-4ef3-babb-7df64357e5e8",
    "fields": {
      "user": "73e9fc1c-4453-4a51-b450-4d4f5f87d730",
      "organisation": "a339c7e0-2749-453b-a76e-01476598bfcb",
      "role": "MEMBER",
      "job_title": "Analyste insights",
      "created_at": "2025-01-17T10:02:00Z",
      "updated_at": "2025-01-17T10:02:00Z"
    }
  },
  {
    "model": "organisations.organisation",
    "pk": "f98b0296-c108-4e36-9945-2a496fbdf3aa",
    "fields": {
      "name": "LuxeMode",
      "slug": "luxemode",
      "owner": "2e3cce1f-011c-4599-9b17-5b06bd263a95",
      "type": "BRAND",
      "industry": "Communication",
      "logo": "",
      "banner_image": "",
      "description": "LuxeMode recherche des opportunités de sponsoring ciblées.",
      "website_url": "https://luxemode.example.com",
      "email_contact": "hello@luxemode.example.com",
      "phone_contact": "+418200000001",
      "address_city": "Lyon",
      "address_country": "France",
      "address_postal_code": "69002",
      "social_links": {
        "linkedin": "https://www.linkedin.com/company/luxemode"
      },
      "founded_year": 2018,
      "employees_count": 25,
      "budget_range": "150k-300k€",
      "sponsoring_focus": [
        "Brand awareness",
        "Lancement produit"
      ],
      "created_at": "2025-01-17T10:06:00Z",
      "updated_at": "2025-01-17T10:06:00Z"
    }
  },
  {
    "model": "organisations.collaborator",
    "pk": "14b890e5-9221-4e19-ba7b-99fb6e1c5810",
    "fields": {
      "user": "2e3cce1f-011c-4599-9b17-5b06bd263a95",
      "organisation": "f98b0296-c108-4e36-9945-2a496fbdf3aa",
      "role": "OWNER",
      "job_title": "Responsable sponsoring",
      "created_at": "2025-01-17T10:05:00Z",
      "updated_at": "2025-01-17T10:05:00Z"
    }
  },
  {
    "model": "organisations.collaborator",
    "pk": "b09b4b21-2d2d-4224-a2e9-4569cf336f7f",
    "fields": {
      "user": "24b339f0-4594-4383-859d-8ad8e9abd031",
      "organisation": "f98b0296-c108-4e36-9945-2a496fbdf3aa",
      "role": "MEMBER",
      "job_title": "Chef de projet",
      "created_at": "2025-01-17T10:06:00Z",
      "updated_at": "2025-01-17T10:06:00Z"
    }
  },
  {
    "model": "organisations.collaborator",
    "pk": "73319906-6419-449e-b976-c7fc7f0cdaac",
    "fields": {
      "user": "0cf2e3fd-62a9-4513-ad3c-b91f22430a71",
      "organisation": "f98b0296-c108-4e36-9945-2a496fbdf3aa",
      "role": "MEMBER",
      "job_title": "Analyste insights",
      "created_at": "2025-01-17T10:07:00Z",
      "updated_at": "2025-01-17T10:07:00Z"
    }
  },
  {
    "model": "organisations.organisation",
    "pk": "36684c9d-409d-458f-a140-40d4f1f46a5b",
    "fields": {
      "name": "GreenEnergy",
      "slug": "greenenergy",
      "owner": "17ab164f-6ae1-442c-93d8-167063be0ace",
      "type": "SME",
      "industry": "Communication",
      "logo": "",
      "banner_image": "",
      "description": "GreenEnergy recherche des opportunités de sponsoring ciblées.",
      "website_url": "https://greenenergy.example.com",
      "email_contact": "hello@greenenergy.example.com",
      "phone_contact": "+3528200000002",
      "address_city": "Lyon",
      "address_country": "France",
      "address_postal_code": "69002",
      "social_links": {
        "linkedin": "https://www.linkedin.com/company/greenenergy"
      },
      "founded_year": 2018,
      "employees_count": 25,
      "budget_range": "150k-300k€",
      "sponsoring_focus": [
        "Brand awareness",
        "Lancement produit"
      ],
      "created_at": "2025-01-17T10:09:00Z",
      "updated_at": "2025-01-17T10:09:00Z"
    }
  },
  {
    "model": "organisations.collaborator",
    "pk": "85f85cf8-04fc-4ece-87db-a46e79697385",
    "fields": {
      "user": "17ab164f-6ae1-442c-93d8-167063be0ace",
      "organisation": "36684c9d-409d-458f-a140-40d4f1f46a5b",
      "role": "OWNER",
      "job_title": "Responsable sponsoring",
      "created_at": "2025-01-17T10:10:00Z",
      "updated_at": "2025-01-17T10:10:00Z"
    }
  },
  {
    "model": "organisations.collaborator",
    "pk": "622376ad-0508-4bc5-a74b-d27b2b6d1ea0",
    "fields": {
      "user": "64070b42-c42b-4f1b-9362-779e75be817d",
      "organisation": "36684c9d-409d-458f-a140-40d4f1f46a5b",
      "role": "MEMBER",
      "job_title": "Chef de projet",
      "created_at": "2025-01-17T10:11:00Z",
      "updated_at": "2025-01-17T10:11:00Z"
    }
  },
  {
    "model": "organisations.collaborator",
    "pk": "25f8b1b7-ea3b-432a-a590-9e8f223fe098",
    "fields": {
      "user": "d7db5cea-dc92-48d4-a61a-5a7f812c31ef",
      "organisation": "36684c9d-409d-458f-a140-40d4f1f46a5b",
      "role": "MEMBER",
      "job_title": "Analyste insights",
      "created_at": "2025-01-17T10:12:00Z",
      "updated_at": "2025-01-17T10:12:00Z"
    }
  },
  {
    "model": "organisations.organisation",
    "pk": "a4bd5cbd-bcfb-4635-8e11-6e27a254241f",
    "fields": {
      "name": "Alpes Aventures",
      "slug": "alpes-aventures",
      "owner": "81724bd5-6242-427c-9b10-0a46ec2e49e1",
      "type": "ASSOCIATION",
      "industry": "Communication",
      "logo": "",
      "banner_image": "",
      "description": "Alpes Aventures recherche des opportunités de sponsoring ciblées.",
      "website_url": "https://alpes-aventures.example.com",
      "email_contact": "hello@alpes-aventures.example.com",
      "phone_contact": "+398200000003",
      "address_city": "Lyon",
      "address_country": "France",
      "address_postal_code": "69002",
      "social_links": {
        "linkedin": "https://www.linkedin.com/company/alpes-aventures"
      },
      "founded_year": 2018,
      "employees_count": 25,
      "budget_range": "150k-300k€",
      "sponsoring_focus": [
        "Brand awareness",
        "Lancement produit"
      ],
      "created_at": "2025-01-17T10:12:00Z",
      "updated_at": "2025-01-17T10:12:00Z"
    }
  },
  {
    "model": "organisations.collaborator",
    "pk": "8aa790d0-a17d-4e01-a803-a87b374eb4ba",
    "fields": {
      "user": "81724bd5-6242-427c-9b10-0a46ec2e49e1",
      "organisation": "a4bd5cbd-bcfb-4635-8e11-6e27a254241f",
      "role": "OWNER",
      "job_title": "Responsable sponsoring",
      "created_at": "2025-01-17T10:15:00Z",
      "updated_at": "2025-01-17T10:15:00Z"
    }
  },
  {
    "model": "organisations.collaborator",
    "pk": "6ce5e6b8-f72a-43f0-9940-776920cf6e1e",
    "fields": {
      "user": "6c076d5e-f724-4c68-ab0c-f8cf40c3c16d",
      "organisation": "a4bd5cbd-bcfb-4635-8e11-6e27a254241f",
      "role": "MEMBER",
      "job_title": "Chef de projet",
      "created_at": "2025-01-17T10:16:00Z",
      "updated_at": "2025-01-17T10:16:00Z"
    }
  },
  {
    "model": "organisations.collaborator",
    "pk": "73447411-18b1-4ce8-b785-03f5beb473cd",
    "fields": {
      "user": "9c543a7c-3425-4dc1-bc48-b609bf776975",
      "organisation": "a4bd5cbd-bcfb-4635-8e11-6e27a254241f",
      "role": "MEMBER",
      "job_title": "Analyste insights",
      "created_at": "2025-01-17T10:17:00Z",
      "updated_at": "2025-01-17T10:17:00Z"
    }
  },
  {
    "model": "organisations.organisation",
    "pk": "48c19ebc-4063-4c8b-a16b-15f7800fce6d",
    "fields": {
      "name": "Digital Fans",
      "slug": "digital-fans",
      "owner": "3c15211b-633f-4fb9-af27-584760cf9852",
      "type": "STARTUP",
      "industry": "Communication",
      "logo": "",
      "banner_image": "",
      "description": "Digital Fans recherche des opportunités de sponsoring ciblées.",
      "website_url": "https://digital-fans.example.com",
      "email_contact": "hello@digital-fans.example.com",
      "phone_contact": "+348200000004",
      "address_city": "Lyon",
      "address_country": "France",
      "address_postal_code": "69002",
      "social_links": {
        "linkedin": "https://www.linkedin.com/company/digital-fans"
      },
      "founded_year": 2018,
      "employees_count": 25,
      "budget_range": "150k-300k€",
      "sponsoring_focus": [
        "Brand awareness",
        "Lancement produit"
      ],
      "created_at": "2025-01-17T10:15:00Z",
      "updated_at": "2025-01-17T10:15:00Z"
    }
  },
  {
    "model": "organisations.collaborator",
    "pk": "769c47eb-5c9f-4581-aad1-434c65befc6a",
    "fields": {
      "user": "3c15211b-633f-4fb9-af27-584760cf9852",
      "organisation": "48c19ebc-4063-4c8b-a16b-15f7800fce6d",
      "role": "OWNER",
      "job_title": "Responsable sponsoring",
      "created_at": "2025-01-17T10:20:00Z",
      "updated_at": "2025-01-17T10:20:00Z"
    }
  },
  {
    "model": "organisations.collaborator",
    "pk": "d3e68d5d-da84-42cd-a3b6-dcee18ede5c8",
    "fields": {
      "user": "8b15efee-739d-4c6b-9c52-22d9b12786a5",
      "organisation": "48c19ebc-4063-4c8b-a16b-15f7800fce6d",
      "role": "MEMBER",
      "job_title": "Chef de projet",
      "created_at": "2025-01-17T10:21:00Z",
      "updated_at": "2025-01-17T10:21:00Z"
    }
  },
  {
    "model": "organisations.collaborator",
    "pk": "05bccbef-9f2f-4f60-bc83-b653ca09d67b",
    "fields": {
      "user": "b58a9679-ebac-412e-bab1-f97de27346b6",
      "organisation": "48c19ebc-4063-4c8b-a16b-15f7800fce6d",
      "role": "MEMBER",
      "job_title": "Analyste insights",
      "created_at": "2025-01-17T10:22:00Z",
      "updated_at": "2025-01-17T10:22:00Z"
    }
  },
  {
    "model": "organisations.organisation",
    "pk": "5d6c23c9-2506-4500-98ec-ec3eddb66b29",
    "fields": {
      "name": "Atelier Gourmand",
      "slug": "atelier-gourmand",
      "owner": "6aa5aaa4-9df8-45cc-b1b7-aae81c438160",
      "type": "SME",
      "industry": "Artisanat",
      "logo": "",
      "banner_image": "",
      "description": "Atelier Gourmand explore les partenariats locaux.",
      "website_url": "https://atelier-gourmand.example.com",
      "email_contact": "contact@atelier-gourmand.example.com",
      "phone_contact": "+328300000000",
      "address_city": "Bordeaux",
      "address_country": "France",
      "address_postal_code": "33000",
      "social_links": {},
      "founded_year": 2020,
      "employees_count": 6,
      "budget_range": "20k-50k€",
      "sponsoring_focus": [
        "Visibilité locale"
      ],
      "created_at": "2025-01-18T10:24:00Z",
      "updated_at": "2025-01-18T10:24:00Z"
    }
  },
  {
    "model": "organisations.collaborator",
    "pk": "8386b318-6d08-43e6-ab7e-bacc8115112d",
    "fields": {
      "user": "6aa5aaa4-9df8-45cc-b1b7-aae81c438160",
      "organisation": "5d6c23c9-2506-4500-98ec-ec3eddb66b29",
      "role": "OWNER",
      "job_title": "Gérant",
      "created_at": "2025-01-18T10:00:00Z",
      "updated_at": "2025-01-18T10:00:00Z"
    }
  },
  {
    "model": "organisations.organisation",
    "pk": "45b876da-ddb8-446f-9595-296a8887abbd",
    "fields": {
      "name": "Studio Nova",
      "slug": "studio-nova",
      "owner": "79ad9071-89b8-4636-b210-5e3931cf41de",
      "type": "STARTUP",
      "industry": "Artisanat",
      "logo": "",
      "banner_image": "",
      "description": "Studio Nova explore les partenariats locaux.",
      "website_url": "https://studio-nova.example.com",
      "email_contact": "contact@studio-nova.example.com",
      "phone_contact": "+418300000001",
      "address_city": "Bordeaux",
      "address_country": "France",
      "address_postal_code": "33000",
      "social_links": {},
      "founded_year": 2020,
      "employees_count": 6,
      "budget_range": "20k-50k€",
      "sponsoring_focus": [
        "Visibilité locale"
      ],
      "created_at": "2025-01-18T10:28:00Z",
      "updated_at": "2025-01-18T10:28:00Z"
    }
  },
  {
    "model": "organisations.collaborator",
    "pk": "24925575-5c63-41d0-9b84-0164fc0b6346",
    "fields": {
      "user": "79ad9071-89b8-4636-b210-5e3931cf41de",
      "organisation": "45b876da-ddb8-446f-9595-296a8887abbd",
      "role": "OWNER",
      "job_title": "Gérant",
      "created_at": "2025-01-18T10:06:00Z",
      "updated_at": "2025-01-18T10:06:00Z"
    }
  },
  {
    "model": "organisations.organisation",
    "pk": "83840689-4e5a-4ff2-b61b-e0f19e7487a5",
    "fields": {
      "name": "Club Urbain",
      "slug": "club-urbain",
      "owner": "1d18aff0-7a8f-407d-85b4-0115ea215a96",
      "type": "ASSOCIATION",
      "industry": "Artisanat",
      "logo": "",
      "banner_image": "",
      "description": "Club Urbain explore les partenariats locaux.",
      "website_url": "https://club-urbain.example.com",
      "email_contact": "contact@club-urbain.example.com",
      "phone_contact": "+3528300000002",
      "address_city": "Bordeaux",
      "address_country": "France",
      "address_postal_code": "33000",
      "social_links": {},
      "founded_year": 2020,
      "employees_count": 6,
      "budget_range": "20k-50k€",
      "sponsoring_focus": [
        "Visibilité locale"
      ],
      "created_at": "2025-01-18T10:32:00Z",
      "updated_at": "2025-01-18T10:32:00Z"
    }
  },
  {
    "model": "organisations.collaborator",
    "pk": "badfb4b7-15e3-4e2c-8453-c729a2346aa6",
    "fields": {
      "user": "1d18aff0-7a8f-407d-85b4-0115ea215a96",
      "organisation": "83840689-4e5a-4ff2-b61b-e0f19e7487a5",
      "role": "OWNER",
      "job_title": "Gérant",
      "created_at": "2025-01-18T10:12:00Z",
      "updated_at": "2025-01-18T10:12:00Z"
    }
  },
  {
    "model": "organisations.organisation",
    "pk": "c2b48811-3a05-41a1-88de-48f19bb3809f",
    "fields": {
      "name": "Maison Riviera",
      "slug": "maison-riviera",
      "owner": "0bd48b7d-a468-400f-b0a1-56a371a8567c",
      "type": "BRAND",
      "industry": "Artisanat",
      "logo": "",
      "banner_image": "",
      "description": "Maison Riviera explore les partenariats locaux.",
      "website_url": "https://maison-riviera.example.com",
      "email_contact": "contact@maison-riviera.example.com",
      "phone_contact": "+398300000003",
      "address_city": "Bordeaux",
      "address_country": "France",
      "address_postal_code": "33000",
      "social_links": {},
      "founded_year": 2020,
      "employees_count": 6,
      "budget_range": "20k-50k€",
      "sponsoring_focus": [
        "Visibilité locale"
      ],
      "created_at": "2025-01-18T10:36:00Z",
      "updated_at": "2025-01-18T10:36:00Z"
    }
  },
  {
    "model": "organisations.collaborator",
    "pk": "d6d66103-0b7a-48ab-b9f9-e86103252996",
    "fields": {
      "user": "0bd48b7d-a468-400f-b0a1-56a371a8567c",
      "organisation": "c2b48811-3a05-41a1-88de-48f19bb3809f",
      "role": "OWNER",
      "job_title": "Gérant",
      "created_at": "2025-01-18T10:18:00Z",
      "updated_at": "2025-01-18T10:18:00Z"
    }
  },
  {
    "model": "organisations.organisation",
    "pk": "cc4c566c-9b1e-421f-becc-63680e6f6059",
    "fields": {
      "name": "MediaPulse",
      "slug": "mediapulse",
      "owner": "908d8789-9206-4627-b3fe-b54b4d86ee68",
      "type": "OTHER",
      "industry": "Artisanat",
      "logo": "",
      "banner_image": "",
      "description": "MediaPulse explore les partenariats locaux.",
      "website_url": "https://mediapulse.example.com",
      "email_contact": "contact@mediapulse.example.com",
      "phone_contact": "+348300000004",
      "address_city": "Bordeaux",
      "address_country": "France",
      "address_postal_code": "33000",
      "social_links": {},
      "founded_year": 2020,
      "employees_count": 6,
      "budget_range": "20k-50k€",
      "sponsoring_focus": [
        "Visibilité locale"
      ],
      "created_at": "2025-01-18T10:40:00Z",
      "updated_at": "2025-01-18T10:40:00Z"
    }
  },
  {
    "model": "organisations.collaborator",
    "pk": "6f59e43a-67f9-413d-b949-2d3181f2be7e",
    "fields": {
      "user": "908d8789-9206-4627-b3fe-b54b4d86ee68",
      "organisation": "cc4c566c-9b1e-421f-becc-63680e6f6059",
      "role": "OWNER",
      "job_title": "Gérant",
      "created_at": "2025-01-18T10:24:00Z",
      "updated_at": "2025-01-18T10:24:00Z"
    }
  },
  {
    "model": "payments.subscription",
    "pk": "8502552e-2e5f-43af-bf3d-65d6a44c0d72",
    "fields": {
      "organisation": "e763c050-e3c1-40ed-8be5-9744f7b7859a",
      "agent": null,
      "plan": [
        "org-enterprise"
      ],
      "status": "active",
      "start_at": "2024-12-31T10:00:00Z",
      "current_period_end": "2025-01-30T10:00:00Z",
      "stripe_customer_id": "cus_e763c050",
      "stripe_subscription_id": "sub_e763c050",
      "created_at": "2024-12-31T09:55:00Z",
      "updated_at": "2025-01-16T10:00:00Z"
    }
  },
  {
    "model": "payments.subscription",
    "pk": "fbee2243-a7d3-4f1c-b70a-3b9e898465bd",
    "fields": {
      "organisation": "a339c7e0-2749-453b-a76e-01476598bfcb",
      "agent": null,
      "plan": [
        "org-pro"
      ],
      "status": "active",
      "start_at": "2024-12-31T10:00:00Z",
      "current_period_end": "2025-01-30T10:00:00Z",
      "stripe_customer_id": "cus_a339c7e0",
      "stripe_subscription_id": "sub_a339c7e0",
      "created_at": "2024-12-31T09:55:00Z",
      "updated_at": "2025-01-16T10:00:00Z"
    }
  },
  {
    "model": "payments.subscription",
    "pk": "33b9c6a7-5ef2-4287-be1d-d615f3f72271",
    "fields": {
      "organisation": "f98b0296-c108-4e36-9945-2a496fbdf3aa",
      "agent": null,
      "plan": [
        "org-pro"
      ],
      "status": "active",
      "start_at": "2024-12-31T10:00:00Z",
      "current_period_end": "2025-01-30T10:00:00Z",
      "stripe_customer_id": "cus_f98b0296",
      "stripe_subscription_id": "sub_f98b0296",
      "created_at": "2024-12-31T09:55:00Z",
      "updated_at": "2025-01-16T10:00:00Z"
    }
  },
  {
    "model": "payments.subscription",
    "pk": "c95eee89-14b0-44a5-98ee-3d0da134dd3a",
    "fields": {
      "organisation": "36684c9d-409d-458f-a140-40d4f1f46a5b",
      "agent": null,
      "plan": [
        "org-pro"
      ],
      "status": "active",
      "start_at": "2024-12-31T10:00:00Z",
      "current_period_end": "2025-01-30T10:00:00Z",
      "stripe_customer_id": "cus_36684c9d",
      "stripe_subscription_id": "sub_36684c9d",
      "created_at": "2024-12-31T09:55:00Z",
      "updated_at": "2025-01-16T10:00:00Z"
    }
  },
  {
    "model": "payments.subscription",
    "pk": "8ae242c4-4e4c-4070-b9ad-a6c3132c4185",
    "fields": {
      "organisation": "a4bd5cbd-bcfb-4635-8e11-6e27a254241f",
      "agent": null,
      "plan": [
        "org-pro"
      ],
      "status": "active",
      "start_at": "2024-12-31T10:00:00Z",
      "current_period_end": "2025-01-30T10:00:00Z",
      "stripe_customer_id": "cus_a4bd5cbd",
      "stripe_subscription_id": "sub_a4bd5cbd",
      "created_at": "2024-12-31T09:55:00Z",
      "updated_at": "2025-01-16T10:00:00Z"
    }
  },
  {
    "model": "payments.subscription",
    "pk": "7a3317d0-cc2e-4f16-80aa-369128dcf055",
    "fields": {
      "organisation": "48c19ebc-4063-4c8b-a16b-15f7800fce6d",
      "agent": null,
      "plan": [
        "org-pro"
      ],
      "status": "active",
      "start_at": "2024-12-31T10:00:00Z",
      "current_period_end": "2025-01-30T10:00:00Z",
      "stripe_customer_id": "cus_48c19ebc",
      "stripe_subscription_id": "sub_48c19ebc",
      "created_at": "2024-12-31T09:55:00Z",
      "updated_at": "2025-01-16T10:00:00Z"
    }
  },
  {
    "model": "payments.subscription",
    "pk": "b80b1472-be0c-441a-a616-be060a912c10",
    "fields": {
      "organisation": null,
      "agent": "7daf44ad-7c05-4216-8f06-8ce8299898b4",
      "plan": [
        "agent-free"
      ],
      "status": "active",
      "start_at": "2025-01-05T10:00:00Z",
      "current_period_end": "2025-02-04T10:00:00Z",
      "stripe_customer_id": "cus_agent_00",
      "stripe_subscription_id": "sub_agent_00",
      "created_at": "2025-01-05T09:30:00Z",
      "updated_at": "2025-01-20T10:00:00Z"
    }
  },
  {
    "model": "payments.subscription",
    "pk": "251aff8a-4f4a-451f-a414-0137980e5b04",
    "fields": {
      "organisation": null,
      "agent": "73c116dc-8908-4273-ba2e-07cf7b1c78de",
      "plan": [
        "agent-free"
      ],
      "status": "active",
      "start_at": "2025-01-04T10:00:00Z",
      "current_period_end": "2025-02-03T10:00:00Z",
      "stripe_customer_id": "cus_agent_01",
      "stripe_subscription_id": "sub_agent_01",
      "created_at": "2025-01-04T09:30:00Z",
      "updated_at": "2025-01-20T10:01:00Z"
    }
  },
  {
    "model": "payments.subscription",
    "pk": "84b22ed5-3b7c-4f73-ab24-a97d6bcf92e9",
    "fields": {
      "organisation": null,
      "agent": "626f7a4a-6ded-410d-89c5-829d987874eb",
      "plan": [
        "agent-free"
      ],
      "status": "active",
      "start_at": "2025-01-03T10:00:00Z",
      "current_period_end": "2025-02-02T10:00:00Z",
      "stripe_customer_id": "cus_agent_02",
      "stripe_subscription_id": "sub_agent_02",
      "created_at": "2025-01-03T09:30:00Z",
      "updated_at": "2025-01-20T10:02:00Z"
    }
  },
  {
    "model": "payments.subscription",
    "pk": "6c29fd76-82e6-4bbc-ace6-23990ea7a7ea",
    "fields": {
      "organisation": null,
      "agent": "15a7c4b0-1a58-46b2-93f7-6417895e8d33",
      "plan": [
        "agent-free"
      ],
      "status": "active",
      "start_at": "2025-01-02T10:00:00Z",
      "current_period_end": "2025-02-01T10:00:00Z",
      "stripe_customer_id": "cus_agent_03",
      "stripe_subscription_id": "sub_agent_03",
      "created_at": "2025-01-02T09:30:00Z",
      "updated_at": "2025-01-20T10:03:00Z"
    }
  },
  {
    "model": "payments.subscription",
    "pk": "ab5dbcc0-cbc4-4f16-bb92-4780f01d0392",
    "fields": {
      "organisation": null,
      "agent": "7cbc4622-0629-440e-b31c-f563a6356e5b",
      "plan": [
        "agent-free"
      ],
      "status": "active",
      "start_at": "2025-01-01T10:00:00Z",
      "current_period_end": "2025-01-31T10:00:00Z",
      "stripe_customer_id": "cus_agent_04",
      "stripe_subscription_id": "sub_agent_04",
      "created_at": "2025-01-01T09:30:00Z",
      "updated_at": "2025-01-20T10:04:00Z"
    }
  },
  {
    "model": "payments.subscription",
    "pk": "74ec1451-6268-45a0-ac8c-480adde1daf7",
    "fields": {
      "organisation": null,
      "agent": "5de3548c-c64c-4987-8ee1-8f8363ac9ce1",
      "plan": [
        "agent-free"
      ],
      "status": "active",
      "start_at": "2024-12-31T10:00:00Z",
      "current_period_end": "2025-01-30T10:00:00Z",
      "stripe_customer_id": "cus_agent_05",
      "stripe_subscription_id": "sub_agent_05",
      "created_at": "2024-12-31T09:30:00Z",
      "updated_at": "2025-01-20T10:05:00Z"
    }
  },
  {
    "model": "payments.subscription",
    "pk": "701157fb-3ecc-43c5-9bd0-211eb3d63a6c",
    "fields": {
      "organisation": null,
      "agent": "49f514d7-ff9b-446e-af70-68eb797e5096",
      "plan": [
        "agent-free"
      ],
      "status": "active",
      "start_at": "2024-12-30T10:00:00Z",
      "current_period_end": "2025-01-29T10:00:00Z",
      "stripe_customer_id": "cus_agent_06",
      "stripe_subscription_id": "sub_agent_06",
      "created_at": "2024-12-30T09:30:00Z",
      "updated_at": "2025-01-20T10:06:00Z"
    }
  },
  {
    "model": "payments.subscription",
    "pk": "1e0505da-c03b-4181-b2cf-1cc6b22d15ca",
    "fields": {
      "organisation": null,
      "agent": "dfa72237-b4b4-45a4-892a-d1504f4a1dda",
      "plan": [
        "agent-free"
      ],
      "status": "active",
      "start_at": "2024-12-29T10:00:00Z",
      "current_period_end": "2025-01-28T10:00:00Z",
      "stripe_customer_id": "cus_agent_07",
      "stripe_subscription_id": "sub_agent_07",
      "created_at": "2024-12-29T09:30:00Z",
      "updated_at": "2025-01-20T10:07:00Z"
    }
  },
  {
    "model": "payments.subscription",
    "pk": "98401d20-25c8-4650-b55c-d98d5ea60155",
    "fields": {
      "organisation": null,
      "agent": "28e3c7bd-1bcb-40b5-92da-c7bb6ef41a64",
      "plan": [
        "agent-free"
      ],
      "status": "active",
      "start_at": "2024-12-28T10:00:00Z",
      "current_period_end": "2025-01-27T10:00:00Z",
      "stripe_customer_id": "cus_agent_08",
      "stripe_subscription_id": "sub_agent_08",
      "created_at": "2024-12-28T09:30:00Z",
      "updated_at": "2025-01-20T10:08:00Z"
    }
  },
  {
    "model": "payments.subscription",
    "pk": "645e915f-72c4-41e3-8e7e-487f3e62f913",
    "fields": {
      "organisation": null,
      "agent": "62aa8586-2918-4f75-949a-ee951c30a813",
      "plan": [
        "agent-free"
      ],
      "status": "active",
      "start_at": "2024-12-27T10:00:00Z",
      "current_period_end": "2025-01-26T10:00:00Z",
      "stripe_customer_id": "cus_agent_09",
      "stripe_subscription_id": "sub_agent_09",
      "created_at": "2024-12-27T09:30:00Z",
      "updated_at": "2025-01-20T10:09:00Z"
    }
  },
  {
    "model": "payments.subscription",
    "pk": "ada57644-0e49-410f-af97-366d7e14b437",
    "fields": {
      "organisation": null,
      "agent": "3db12f2d-dfe1-4574-b06e-7df42e519d4a",
      "plan": [
        "agent-free"
      ],
      "status": "active",
      "start_at": "2024-12-26T10:00:00Z",
      "current_period_end": "2025-01-25T10:00:00Z",
      "stripe_customer_id": "cus_agent_10",
      "stripe_subscription_id": "sub_agent_10",
      "created_at": "2024-12-26T09:30:00Z",
      "updated_at": "2025-01-20T10:10:00Z"
    }
  },
  {
    "model": "payments.subscription",
    "pk": "47a92f74-78f3-48ef-8b15-b8ae4164b35b",
    "fields": {
      "organisation": null,
      "agent": "1d3d618b-8502-431f-9402-871d68f342ed",
      "plan": [
        "agent-free"
      ],
      "status": "active",
      "start_at": "2024-12-25T10:00:00Z",
      "current_period_end": "2025-01-24T10:00:00Z",
      "stripe_customer_id": "cus_agent_11",
      "stripe_subscription_id": "sub_agent_11",
      "created_at": "2024-12-25T09:30:00Z",
      "updated_at": "2025-01-20T10:11:00Z"
    }
  },
  {
    "model": "payments.subscription",
    "pk": "ab54f2c9-ed36-4ef7-b779-f98262e87acf",
    "fields": {
      "organisation": null,
      "agent": "f6366d6a-73f5-4dd7-b20b-d7ef9f5abd1d",
      "plan": [
        "agent-pro"
      ],
      "status": "active",
      "start_at": "2024-12-24T10:00:00Z",
      "current_period_end": "2025-01-23T10:00:00Z",
      "stripe_customer_id": "cus_agent_12",
      "stripe_subscription_id": "sub_agent_12",
      "created_at": "2024-12-24T09:30:00Z",
      "updated_at": "2025-01-20T10:12:00Z"
    }
  },
  {
    "model": "payments.subscription",
    "pk": "4d2783b6-61ea-417a-81c0-4da59568d274",
    "fields": {
      "organisation": null,
      "agent": "cdab64f3-f713-47d4-95c2-6efd198dfa89",
      "plan": [
        "agent-pro"
      ],
      "status": "active",
      "start_at": "2024-12-23T10:00:00Z",
      "current_period_end": "2025-01-22T10:00:00Z",
      "stripe_customer_id": "cus_agent_13",
      "stripe_subscription_id": "sub_agent_13",
      "created_at": "2024-12-23T09:30:00Z",
      "updated_at": "2025-01-20T10:13:00Z"
    }
  },
  {
    "model": "payments.subscription",
    "pk": "f33003bb-8319-4ca6-9e0e-318f50a0e70d",
    "fields": {
      "organisation": null,
      "agent": "bc0dc50c-2ff0-4135-ab16-f45588ed6a74",
      "plan": [
        "agent-pro"
      ],
      "status": "active",
      "start_at": "2024-12-22T10:00:00Z",
      "current_period_end": "2025-01-21T10:00:00Z",
      "stripe_customer_id": "cus_agent_14",
      "stripe_subscription_id": "sub_agent_14",
      "created_at": "2024-12-22T09:30:00Z",
      "updated_at": "2025-01-20T10:14:00Z"
    }
  },
  {
    "model": "payments.subscription",
    "pk": "cf923dfe-ba1d-407c-b10e-b65f9dcfb701",
    "fields": {
      "organisation": null,
      "agent": "405ce429-7d98-41ec-839b-2d24c4dfdfbe",
      "plan": [
        "agent-agency"
      ],
      "status": "active",
      "start_at": "2024-12-21T10:00:00Z",
      "current_period_end": "2025-01-20T10:00:00Z",
      "stripe_customer_id": "cus_agent_15",
      "stripe_subscription_id": "sub_agent_15",
      "created_at": "2024-12-21T09:30:00Z",
      "updated_at": "2025-01-20T10:15:00Z"
    }
  },
  {
    "model": "payments.subscription",
    "pk": "e6abd597-c5ef-4216-b382-1ec735c49584",
    "fields": {
      "organisation": null,
      "agent": "4df9b0fd-1cad-4da5-9cfe-4c00467da2d0",
      "plan": [
        "agent-pro"
      ],
      "status": "active",
      "start_at": "2024-12-20T10:00:00Z",
      "current_period_end": "2025-01-19T10:00:00Z",
      "stripe_customer_id": "cus_agent_16",
      "stripe_subscription_id": "sub_agent_16",
      "created_at": "2024-12-20T09:30:00Z",
      "updated_at": "2025-01-20T10:16:00Z"
    }
  },
  {
    "model": "payments.subscription",
    "pk": "73190d91-00a3-4291-81ec-4e276aa6b91f",
    "fields": {
      "organisation": null,
      "agent": "ff22cb37-873c-4afd-bf52-d72f817e9077",
      "plan": [
        "agent-pro"
      ],
      "status": "active",
      "start_at": "2024-12-19T10:00:00Z",
      "current_period_end": "2025-01-18T10:00:00Z",
      "stripe_customer_id": "cus_agent_17",
      "stripe_subscription_id": "sub_agent_17",
      "created_at": "2024-12-19T09:30:00Z",
      "updated_at": "2025-01-20T10:17:00Z"
    }
  },
  {
    "model": "payments.subscription",
    "pk": "b828ab9f-96a9-4903-ace2-67abb1ba149f",
    "fields": {
      "organisation": null,
      "agent": "c354e140-23fa-40dd-8d41-a5ce37f0aacc",
      "plan": [
        "agent-free"
      ],
      "status": "active",
      "start_at": "2024-12-18T10:00:00Z",
      "current_period_end": "2025-01-17T10:00:00Z",
      "stripe_customer_id": "cus_agent_18",
      "stripe_subscription_id": "sub_agent_18",
      "created_at": "2024-12-18T09:30:00Z",
      "updated_at": "2025-01-20T10:18:00Z"
    }
  },
  {
    "model": "payments.subscription",
    "pk": "f3624766-5be5-4e29-903d-86563602ab09",
    "fields": {
      "organisation": null,
      "agent": "42ec40cc-25b2-4315-935d-7fb99deb5f30",
      "plan": [
        "agent-free"
      ],
      "status": "active",
      "start_at": "2024-12-17T10:00:00Z",
      "current_period_end": "2025-01-16T10:00:00Z",
      "stripe_customer_id": "cus_agent_19",
      "stripe_subscription_id": "sub_agent_19",
      "created_at": "2024-12-17T09:30:00Z",
      "updated_at": "2025-01-20T10:19:00Z"
    }
  },
  {
    "model": "athletes.athlete",
    "pk": "61aed808-6757-4b1c-a83a-daaf5d827c8d",
    "fields": {
      "sport": "9668a0d9-f597-444f-9221-bc956d7afc98",
      "agent": "7daf44ad-7c05-4216-8f06-8ce8299898b4",
      "full_name": "Alice Dupont",
      "slug": "alice-dupont-0",
      "birth_date": "1990-01-15",
      "nationality": "France",
      "country": "France",
      "city": "Paris",
      "bio": "Athlète professionnel(le) avec un palmarès reconnu sur la scène internationale.",
      "social_links": {
        "instagram": "https://instagram.com/alicedupont",
        "twitter": "https://twitter.com/alice"
      },
      "followers_count_cached": 15000,
      "engagement_rate_cached": "3.00",
      "avatar": "",
      "created_at": "2025-01-20T10:00:00Z",
      "updated_at": "2025-01-20T10:00:00Z"
    }
  },
  {
    "model": "athletes.athlete",
    "pk": "b5eaa2c5-1cd3-4cf6-bbf5-21b5cb05385e",
    "fields": {
      "sport": "651d4429-9db9-4b66-a639-14755bca221e",
      "agent": "73c116dc-8908-4273-ba2e-07cf7b1c78de",
      "full_name": "Bruno Martin",
      "slug": "bruno-martin-1",
      "birth_date": "1991-02-15",
      "nationality": "Belgique",
      "country": "Belgique",
      "city": "Lyon",
      "bio": "Athlète professionnel(le) avec un palmarès reconnu sur la scène internationale.",
      "social_links": {
        "instagram": "https://instagram.com/brunomartin",
        "twitter": "https://twitter.com/bruno"
      },
      "followers_count_cached": 16200,
      "engagement_rate_cached": "3.01",
      "avatar": "",
      "created_at": "2025-01-20T10:01:00Z",
      "updated_at": "2025-01-20T10:01:00Z"
    }
  },
  {
    "model": "athletes.athlete",
    "pk": "52d6452a-6d45-4f70-8ae1-f522c4e4996f",
    "fields": {
      "sport": "905a9666-744f-4b90-87d6-1435fa65f43f",
      "agent": "626f7a4a-6ded-410d-89c5-829d987874eb",
      "full_name": "Chloé Laurent",
      "slug": "chloé-laurent-2",
      "birth_date": "1992-03-15",
      "nationality": "Suisse",
      "country": "Suisse",
      "city": "Nice",
      "bio": "Athlète professionnel(le) avec un palmarès reconnu sur la scène internationale.",
      "social_links": {
        "instagram": "https://instagram.com/chloélaurent",
        "twitter": "https://twitter.com/chloé"
      },
      "followers_count_cached": 17400,
      "engagement_rate_cached": "3.02",
      "avatar": "",
      "created_at": "2025-01-20T10:02:00Z",
      "updated_at": "2025-01-20T10:02:00Z"
    }
  },
  {
    "model": "athletes.athlete",
    "pk": "a57c2ac1-0983-49f5-998d-e5d512a7b682",
    "fields": {
      "sport": "d2c74442-5a22-4868-80ac-794093ad53b0",
      "agent": "15a7c4b0-1a58-46b2-93f7-6417895e8d33",
      "full_name": "David Bernard",
      "slug": "david-bernard-3",
      "birth_date": "1993-04-15",
      "nationality": "Espagne",
      "country": "Espagne",
      "city": "Toulouse",
      "bio": "Athlète professionnel(le) avec un palmarès reconnu sur la scène internationale.",
      "social_links": {
        "instagram": "https://instagram.com/davidbernard",
        "twitter": "https://twitter.com/david"
      },
      "followers_count_cached": 18600,
      "engagement_rate_cached": "3.03",
      "avatar": "",
      "created_at": "2025-01-20T10:03:00Z",
      "updated_at": "2025-01-20T10:03:00Z"
    }
  },
  {
    "model": "athletes.athlete",
    "pk": "5b230b67-3de8-477f-ba56-c1e25f3247ef",
    "fields": {
      "sport": "bda69081-ac30-4578-9ccb-4723e97eebdb",
      "agent": "7cbc4622-0629-440e-b31c-f563a6356e5b",
      "full_name": "Emma Girard",
      "slug": "emma-girard-4",
      "birth_date": "1994-05-15",
      "nationality": "Italie",
      "country": "Italie",
      "city": "Bordeaux",
      "bio": "Athlète professionnel(le) avec un palmarès reconnu sur la scène internationale.",
      "social_links": {
        "instagram": "https://instagram.com/emmagirard",
        "twitter": "https://twitter.com/emma"
      },
      "followers_count_cached": 19800,
      "engagement_rate_cached": "3.04",
      "avatar": "",
      "created_at": "2025-01-20T10:04:00Z",
      "updated_at": "2025-01-20T10:04:00Z"
    }
  },
  {
    "model": "athletes.athlete",
    "pk": "a162245e-f710-474f-8920-7df0450f7cc0",
    "fields": {
      "sport": "0e5e5e8c-7d9c-4bd0-a28c-059d42a0a568",
      "agent": "5de3548c-c64c-4987-8ee1-8f8363ac9ce1",
      "full_name": "Fabien Moreau",
      "slug": "fabien-moreau-5",
      "birth_date": "1995-06-15",
      "nationality": "Allemagne",
      "country": "Allemagne",
      "city": "Marseille",
      "bio": "Athlète professionnel(le) avec un palmarès reconnu sur la scène internationale.",
      "social_links": {
        "instagram": "https://instagram.com/fabienmoreau",
        "twitter": "https://twitter.com/fabien"
      },
      "followers_count_cached": 21000,
      "engagement_rate_cached": "3.05",
      "avatar": "",
      "created_at": "2025-01-20T10:05:00Z",
      "updated_at": "2025-01-20T10:05:00Z"
    }
  },
  {
    "model": "athletes.athlete",
    "pk": "59339ab1-b3e4-4665-b7de-0532334b4397",
    "fields": {
      "sport": "e04cb78f-1c8a-4cc1-8ba1-f21f1f257d89",
      "agent": "49f514d7-ff9b-446e-af70-68eb797e5096",
      "full_name": "Gaëlle Robert",
      "slug": "gaëlle-robert-6",
      "birth_date": "1996-07-15",
      "nationality": "France",
      "country": "France",
      "city": "Paris",
      "bio": "Athlète professionnel(le) avec un palmarès reconnu sur la scène internationale.",
      "social_links": {
        "instagram": "https://instagram.com/gaëllerobert",
        "twitter": "https://twitter.com/gaëlle"
      },
      "followers_count_cached": 22200,
      "engagement_rate_cached": "3.06",
      "avatar": "",
      "created_at": "2025-01-20T10:06:00Z",
      "updated_at": "2025-01-20T10:06:00Z"
    }
  },
  {
    "model": "athletes.athlete",
    "pk": "8bba82cc-ce8e-49b5-ad19-647f4ec106f4",
    "fields": {
      "sport": "25f73899-33f7-4b42-97b1-b134b90e55ef",
      "agent": "dfa72237-b4b4-45a4-892a-d1504f4a1dda",
      "full_name": "Milan Ortega",
      "slug": "milan-ortega-7",
      "birth_date": "1997-08-15",
      "nationality": "Belgique",
      "country": "Belgique",
      "city": "Lyon",
      "bio": "Athlète professionnel(le) avec un palmarès reconnu sur la scène internationale.",
      "social_links": {
        "instagram": "https://instagram.com/milanortega",
        "twitter": "https://twitter.com/milan"
      },
      "followers_count_cached": 23400,
      "engagement_rate_cached": "3.07",
      "avatar": "",
      "created_at": "2025-01-20T10:07:00Z",
      "updated_at": "2025-01-20T10:07:00Z"
    }
  },
  {
    "model": "athletes.athlete",
    "pk": "cab6cb59-a633-4b51-b237-0844d80033ec",
    "fields": {
      "sport": "c2338d36-a347-4f01-a87b-de62810be84e",
      "agent": "28e3c7bd-1bcb-40b5-92da-c7bb6ef41a64",
      "full_name": "Yara Benali",
      "slug": "yara-benali-8",
      "birth_date": "1998-09-15",
      "nationality": "Suisse",
      "country": "Suisse",
      "city": "Nice",
      "bio": "Athlète professionnel(le) avec un palmarès reconnu sur la scène internationale.",
      "social_links": {
        "instagram": "https://instagram.com/yarabenali",
        "twitter": "https://twitter.com/yara"
      },
      "followers_count_cached": 24600,
      "engagement_rate_cached": "3.08",
      "avatar": "",
      "created_at": "2025-01-20T10:08:00Z",
      "updated_at": "2025-01-20T10:08:00Z"
    }
  },
  {
    "model": "athletes.athlete",
    "pk": "8c2b2d14-7d05-4a23-8425-87f2251e35ea",
    "fields": {
      "sport": "1805d23e-4742-4a5f-a0d0-971de0265868",
      "agent": "62aa8586-2918-4f75-949a-ee951c30a813",
      "full_name": "Theo Ricard",
      "slug": "theo-ricard-9",
      "birth_date": "1999-01-15",
      "nationality": "Espagne",
      "country": "Espagne",
      "city": "Toulouse",
      "bio": "Athlète professionnel(le) avec un palmarès reconnu sur la scène internationale.",
      "social_links": {
        "instagram": "https://instagram.com/theoricard",
        "twitter": "https://twitter.com/theo"
      },
      "followers_count_cached": 25800,
      "engagement_rate_cached": "3.09",
      "avatar": "",
      "created_at": "2025-01-20T10:09:00Z",
      "updated_at": "2025-01-20T10:09:00Z"
    }
  },
  {
    "model": "athletes.athlete",
    "pk": "3f04d491-4dbe-420f-99d6-62bbba766e3c",
    "fields": {
      "sport": "9668a0d9-f597-444f-9221-bc956d7afc98",
      "agent": "3db12f2d-dfe1-4574-b06e-7df42e519d4a",
      "full_name": "Selena Kone",
      "slug": "selena-kone-10",
      "birth_date": "1990-02-15",
      "nationality": "Italie",
      "country": "Italie",
      "city": "Bordeaux",
      "bio": "Athlète professionnel(le) avec un palmarès reconnu sur la scène internationale.",
      "social_links": {
        "instagram": "https://instagram.com/selenakone",
        "twitter": "https://twitter.com/selena"
      },
      "followers_count_cached": 27000,
      "engagement_rate_cached": "3.10",
      "avatar": "",
      "created_at": "2025-01-20T10:10:00Z",
      "updated_at": "2025-01-20T10:10:00Z"
    }
  },
  {
    "model": "athletes.athlete",
    "pk": "4cf90d70-cc51-4bf0-948a-c92886526e29",
    "fields": {
      "sport": "651d4429-9db9-4b66-a639-14755bca221e",
      "agent": "1d3d618b-8502-431f-9402-871d68f342ed",
      "full_name": "Jonas Kramer",
      "slug": "jonas-kramer-11",
      "birth_date": "1991-03-15",
      "nationality": "Allemagne",
      "country": "Allemagne",
      "city": "Marseille",
      "bio": "Athlète professionnel(le) avec un palmarès reconnu sur la scène internationale.",
      "social_links": {
        "instagram": "https://instagram.com/jonaskramer",
        "twitter": "https://twitter.com/jonas"
      },
      "followers_count_cached": 28200,
      "engagement_rate_cached": "3.11",
      "avatar": "",
      "created_at": "2025-01-20T10:11:00Z",
      "updated_at": "2025-01-20T10:11:00Z"
    }
  },
  {
    "model": "athletes.athlete",
    "pk": "65cc5b3e-11df-4566-9fd7-368bd6972bf7",
    "fields": {
      "sport": "905a9666-744f-4b90-87d6-1435fa65f43f",
      "agent": "f6366d6a-73f5-4dd7-b20b-d7ef9f5abd1d",
      "full_name": "Ingrid Meyer",
      "slug": "ingrid-meyer-12",
      "birth_date": "1992-04-15",
      "nationality": "France",
      "country": "France",
      "city": "Paris",
      "bio": "Athlète professionnel(le) avec un palmarès reconnu sur la scène internationale.",
      "social_links": {
        "instagram": "https://instagram.com/ingridmeyer",
        "twitter": "https://twitter.com/ingrid"
      },
      "followers_count_cached": 29400,
      "engagement_rate_cached": "3.12",
      "avatar": "",
      "created_at": "2025-01-20T10:12:00Z",
      "updated_at": "2025-01-20T10:12:00Z"
    }
  },
  {
    "model": "athletes.athlete",
    "pk": "c6a244ab-60d0-4ad1-a058-9adfb433428c",
    "fields": {
      "sport": "d2c74442-5a22-4868-80ac-794093ad53b0",
      "agent": "f6366d6a-73f5-4dd7-b20b-d7ef9f5abd1d",
      "full_name": "Lucas Vidal",
      "slug": "lucas-vidal-13",
      "birth_date": "1993-05-15",
      "nationality": "Belgique",
      "country": "Belgique",
      "city": "Lyon",
      "bio": "Athlète professionnel(le) avec un palmarès reconnu sur la scène internationale.",
      "social_links": {
        "instagram": "https://instagram.com/lucasvidal",
        "twitter": "https://twitter.com/lucas"
      },
      "followers_count_cached": 30600,
      "engagement_rate_cached": "3.13",
      "avatar": "",
      "created_at": "2025-01-20T10:13:00Z",
      "updated_at": "2025-01-20T10:13:00Z"
    }
  },
  {
    "model": "athletes.athlete",
    "pk": "99a32645-341f-4869-80b0-5348743d1fed",
    "fields": {
      "sport": "bda69081-ac30-4578-9ccb-4723e97eebdb",
      "agent": "f6366d6a-73f5-4dd7-b20b-d7ef9f5abd1d",
      "full_name": "Maya Sato",
      "slug": "maya-sato-14",
      "birth_date": "1994-06-15",
      "nationality": "Suisse",
      "country": "Suisse",
      "city": "Nice",
      "bio": "Athlète professionnel(le) avec un palmarès reconnu sur la scène internationale.",
      "social_links": {
        "instagram": "https://instagram.com/mayasato",
        "twitter": "https://twitter.com/maya"
      },
      "followers_count_cached": 31800,
      "engagement_rate_cached": "3.14",
      "avatar": "",
      "created_at": "2025-01-20T10:14:00Z",
      "updated_at": "2025-01-20T10:14:00Z"
    }
  },
  {
    "model": "athletes.athlete",
    "pk": "334c1d2d-33bf-4e08-af1d-035a894fa704",
    "fields": {
      "sport": "0e5e5e8c-7d9c-4bd0-a28c-059d42a0a568",
      "agent": "f6366d6a-73f5-4dd7-b20b-d7ef9f5abd1d",
      "full_name": "Noah Fischer",
      "slug": "noah-fischer-15",
      "birth_date": "1995-07-15",
      "nationality": "Espagne",
      "country": "Espagne",
      "city": "Toulouse",
      "bio": "Athlète professionnel(le) avec un palmarès reconnu sur la scène internationale.",
      "social_links": {
        "instagram": "https://instagram.com/noahfischer",
        "twitter": "https://twitter.com/noah"
      },
      "followers_count_cached": 33000,
      "engagement_rate_cached": "3.15",
      "avatar": "",
      "created_at": "2025-01-20T10:15:00Z",
      "updated_at": "2025-01-20T10:15:00Z"
    }
  },
  {
    "model": "athletes.athlete",
    "pk": "fdf151b5-357d-4d7f-a7dd-ae8004ce9edf",
    "fields": {
      "sport": "e04cb78f-1c8a-4cc1-8ba1-f21f1f257d89",
      "agent": "f6366d6a-73f5-4dd7-b20b-d7ef9f5abd1d",
      "full_name": "Clara Jensen",
      "slug": "clara-jensen-16",
      "birth_date": "1996-08-15",
      "nationality": "Italie",
      "country": "Italie",
      "city": "Bordeaux",
      "bio": "Athlète professionnel(le) avec un palmarès reconnu sur la scène internationale.",
      "social_links": {
        "instagram": "https://instagram.com/clarajensen",
        "twitter": "https://twitter.com/clara"
      },
      "followers_count_cached": 34200,
      "engagement_rate_cached": "3.16",
      "avatar": "",
      "created_at": "2025-01-20T10:16:00Z",
      "updated_at": "2025-01-20T10:16:00Z"
    }
  },
  {
    "model": "athletes.athlete",
    "pk": "8831e2ff-0274-428b-a7d3-ef411f0692af",
    "fields": {
      "sport": "25f73899-33f7-4b42-97b1-b134b90e55ef",
      "agent": "cdab64f3-f713-47d4-95c2-6efd198dfa89",
      "full_name": "Rafael Costa",
      "slug": "rafael-costa-17",
      "birth_date": "1997-09-15",
      "nationality": "Allemagne",
      "country": "Allemagne",
      "city": "Marseille",
      "bio": "Athlète professionnel(le) avec un palmarès reconnu sur la scène internationale.",
      "social_links": {
        "instagram": "https://instagram.com/rafaelcosta",
        "twitter": "https://twitter.com/rafael"
      },
      "followers_count_cached": 35400,
      "engagement_rate_cached": "3.17",
      "avatar": "",
      "created_at": "2025-01-20T10:17:00Z",
      "updated_at": "2025-01-20T10:17:00Z"
    }
  },
  {
    "model": "athletes.athlete",
    "pk": "fa93316b-30ba-4f8a-8666-8bb62c55439e",
    "fields": {
      "sport": "c2338d36-a347-4f01-a87b-de62810be84e",
      "agent": "cdab64f3-f713-47d4-95c2-6efd198dfa89",
      "full_name": "Lucie Moretti",
      "slug": "lucie-moretti-18",
      "birth_date": "1998-01-15",
      "nationality": "France",
      "country": "France",
      "city": "Paris",
      "bio": "Athlète professionnel(le) avec un palmarès reconnu sur la scène internationale.",
      "social_links": {
        "instagram": "https://instagram.com/luciemoretti",
        "twitter": "https://twitter.com/lucie"
      },
      "followers_count_cached": 36600,
      "engagement_rate_cached": "3.18",
      "avatar": "",
      "created_at": "2025-01-20T10:18:00Z",
      "updated_at": "2025-01-20T10:18:00Z"
    }
  },
  {
    "model": "athletes.athlete",
    "pk": "03d557d5-88ec-41ff-b2e2-1e5394ed307c",
    "fields": {
      "sport": "1805d23e-4742-4a5f-a0d0-971de0265868",
      "agent": "cdab64f3-f713-47d4-95c2-6efd198dfa89",
      "full_name": "Amira Idrissi",
      "slug": "amira-idrissi-19",
      "birth_date": "1999-02-15",
      "nationality": "Belgique",
      "country": "Belgique",
      "city": "Lyon",
      "bio": "Athlète professionnel(le) avec un palmarès reconnu sur la scène internationale.",
      "social_links": {
        "instagram": "https://instagram.com/amiraidrissi",
        "twitter": "https://twitter.com/amira"
      },
      "followers_count_cached": 37800,
      "engagement_rate_cached": "3.19",
      "avatar": "",
      "created_at": "2025-01-20T10:19:00Z",
      "updated_at": "2025-01-20T10:19:00Z"
    }
  },
  {
    "model": "athletes.athlete",
    "pk": "3c2264ae-977b-4ccd-aae1-a51809063685",
    "fields": {
      "sport": "9668a0d9-f597-444f-9221-bc956d7afc98",
      "agent": "cdab64f3-f713-47d4-95c2-6efd198dfa89",
      "full_name": "Victor Da Silva",
      "slug": "victor-da-silva-20",
      "birth_date": "1990-03-15",
      "nationality": "Suisse",
      "country": "Suisse",
      "city": "Nice",
      "bio": "Athlète professionnel(le) avec un palmarès reconnu sur la scène internationale.",
      "social_links": {
        "instagram": "https://instagram.com/victordasilva",
        "twitter": "https://twitter.com/victor"
      },
      "followers_count_cached": 39000,
      "engagement_rate_cached": "3.20",
      "avatar": "",
      "created_at": "2025-01-20T10:20:00Z",
      "updated_at": "2025-01-20T10:20:00Z"
    }
  },
  {
    "model": "athletes.athlete",
    "pk": "212cfc47-1761-4ea1-802f-6128d30e27cf",
    "fields": {
      "sport": "651d4429-9db9-4b66-a639-14755bca221e",
      "agent": "cdab64f3-f713-47d4-95c2-6efd198dfa89",
      "full_name": "Elena Popov",
      "slug": "elena-popov-21",
      "birth_date": "1991-04-15",
      "nationality": "Espagne",
      "country": "Espagne",
      "city": "Toulouse",
      "bio": "Athlète professionnel(le) avec un palmarès reconnu sur la scène internationale.",
      "social_links": {
        "instagram": "https://instagram.com/elenapopov",
        "twitter": "https://twitter.com/elena"
      },
      "followers_count_cached": 40200,
      "engagement_rate_cached": "3.21",
      "avatar": "",
      "created_at": "2025-01-20T10:21:00Z",
      "updated_at": "2025-01-20T10:21:00Z"
    }
  },
  {
    "model": "athletes.athlete",
    "pk": "fc3563e8-71bf-4de6-bee3-4e2a48799a66",
    "fields": {
      "sport": "905a9666-744f-4b90-87d6-1435fa65f43f",
      "agent": "bc0dc50c-2ff0-4135-ab16-f45588ed6a74",
      "full_name": "Jules Lambert",
      "slug": "jules-lambert-22",
      "birth_date": "1992-05-15",
      "nationality": "Italie",
      "country": "Italie",
      "city": "Bordeaux",
      "bio": "Athlète professionnel(le) avec un palmarès reconnu sur la scène internationale.",
      "social_links": {
        "instagram": "https://instagram.com/juleslambert",
        "twitter": "https://twitter.com/jules"
      },
      "followers_count_cached": 41400,
      "engagement_rate_cached": "3.22",
      "avatar": "",
      "created_at": "2025-01-20T10:22:00Z",
      "updated_at": "2025-01-20T10:22:00Z"
    }
  },
  {
    "model": "athletes.athlete",
    "pk": "3f61b932-ed18-4f50-a8db-a937c63e7b72",
    "fields": {
      "sport": "d2c74442-5a22-4868-80ac-794093ad53b0",
      "agent": "bc0dc50c-2ff0-4135-ab16-f45588ed6a74",
      "full_name": "Sofia Romano",
      "slug": "sofia-romano-23",
      "birth_date": "1993-06-15",
      "nationality": "Allemagne",
      "country": "Allemagne",
      "city": "Marseille",
      "bio": "Athlète professionnel(le) avec un palmarès reconnu sur la scène internationale.",
      "social_links": {
        "instagram": "https://instagram.com/sofiaromano",
        "twitter": "https://twitter.com/sofia"
      },
      "followers_count_cached": 42600,
      "engagement_rate_cached": "3.23",
      "avatar": "",
      "created_at": "2025-01-20T10:23:00Z",
      "updated_at": "2025-01-20T10:23:00Z"
    }
  },
  {
    "model": "athletes.athlete",
    "pk": "9fb9d928-d828-4780-b4d8-600cc2a6ddba",
    "fields": {
      "sport": "bda69081-ac30-4578-9ccb-4723e97eebdb",
      "agent": "bc0dc50c-2ff0-4135-ab16-f45588ed6a74",
      "full_name": "Tobias Keller",
      "slug": "tobias-keller-24",
      "birth_date": "1994-07-15",
      "nationality": "France",
      "country": "France",
      "city": "Paris",
      "bio": "Athlète professionnel(le) avec un palmarès reconnu sur la scène internationale.",
      "social_links": {
        "instagram": "https://instagram.com/tobiaskeller",
        "twitter": "https://twitter.com/tobias"
      },
      "followers_count_cached": 43800,
      "engagement_rate_cached": "3.24",
      "avatar": "",
      "created_at": "2025-01-20T10:24:00Z",
      "updated_at": "2025-01-20T10:24:00Z"
    }
  },
  {
    "model": "athletes.athlete",
    "pk": "2e7e77fe-9a26-4c9b-98c2-0f3083b0be8f",
    "fields": {
      "sport": "0e5e5e8c-7d9c-4bd0-a28c-059d42a0a568",
      "agent": "bc0dc50c-2ff0-4135-ab16-f45588ed6a74",
      "full_name": "Hanna Schultz",
      "slug": "hanna-schultz-25",
      "birth_date": "1995-08-15",
      "nationality": "Belgique",
      "country": "Belgique",
      "city": "Lyon",
      "bio": "Athlète professionnel(le) avec un palmarès reconnu sur la scène internationale.",
      "social_links": {
        "instagram": "https://instagram.com/hannaschultz",
        "twitter": "https://twitter.com/hanna"
      },
      "followers_count_cached": 45000,
      "engagement_rate_cached": "3.25",
      "avatar": "",
      "created_at": "2025-01-20T10:25:00Z",
      "updated_at": "2025-01-20T10:25:00Z"
    }
  },
  {
    "model": "athletes.athlete",
    "pk": "ced5add2-ad01-4642-a1e6-7a18b14bac75",
    "fields": {
      "sport": "e04cb78f-1c8a-4cc1-8ba1-f21f1f257d89",
      "agent": "bc0dc50c-2ff0-4135-ab16-f45588ed6a74",
      "full_name": "Ivy McKenna",
      "slug": "ivy-mckenna-26",
      "birth_date": "1996-09-15",
      "nationality": "Suisse",
      "country": "Suisse",
      "city": "Nice",
      "bio": "Athlète professionnel(le) avec un palmarès reconnu sur la scène internationale.",
      "social_links": {
        "instagram": "https://instagram.com/ivymckenna",
        "twitter": "https://twitter.com/ivy"
      },
      "followers_count_cached": 46200,
      "engagement_rate_cached": "3.26",
      "avatar": "",
      "created_at": "2025-01-20T10:26:00Z",
      "updated_at": "2025-01-20T10:26:00Z"
    }
  },
  {
    "model": "athletes.athlete",
    "pk": "f94bed72-e751-4add-aff6-0b5511de2676",
    "fields": {
      "sport": "25f73899-33f7-4b42-97b1-b134b90e55ef",
      "agent": "405ce429-7d98-41ec-839b-2d24c4dfdfbe",
      "full_name": "Leo Andersson",
      "slug": "leo-andersson-27",
      "birth_date": "1997-01-15",
      "nationality": "Espagne",
      "country": "Espagne",
      "city": "Toulouse",
      "bio": "Athlète professionnel(le) avec un palmarès reconnu sur la scène internationale.",
      "social_links": {
        "instagram": "https://instagram.com/leoandersson",
        "twitter": "https://twitter.com/leo"
      },
      "followers_count_cached": 47400,
      "engagement_rate_cached": "3.27",
      "avatar": "",
      "created_at": "2025-01-20T10:27:00Z",
      "updated_at": "2025-01-20T10:27:00Z"
    }
  },
  {
    "model": "athletes.athlete",
    "pk": "a50243dd-be20-4647-9918-cb330b22b1cf",
    "fields": {
      "sport": "c2338d36-a347-4f01-a87b-de62810be84e",
      "agent": "405ce429-7d98-41ec-839b-2d24c4dfdfbe",
      "full_name": "Aisha Diallo",
      "slug": "aisha-diallo-28",
      "birth_date": "1998-02-15",
      "nationality": "Italie",
      "country": "Italie",
      "city": "Bordeaux",
      "bio": "Athlète professionnel(le) avec un palmarès reconnu sur la scène internationale.",
      "social_links": {
        "instagram": "https://instagram.com/aishadiallo",
        "twitter": "https://twitter.com/aisha"
      },
      "followers_count_cached": 48600,
      "engagement_rate_cached": "3.28",
      "avatar": "",
      "created_at": "2025-01-20T10:28:00Z",
      "updated_at": "2025-01-20T10:28:00Z"
    }
  },
  {
    "model": "athletes.athlete",
    "pk": "092b89e4-41b2-4d05-8a3f-bc0816718484",
    "fields": {
      "sport": "1805d23e-4742-4a5f-a0d0-971de0265868",
      "agent": "405ce429-7d98-41ec-839b-2d24c4dfdfbe",
      "full_name": "Jonah Clarke",
      "slug": "jonah-clarke-29",
      "birth_date": "1999-03-15",
      "nationality": "Allemagne",
      "country": "Allemagne",
      "city": "Marseille",
      "bio": "Athlète professionnel(le) avec un palmarès reconnu sur la scène internationale.",
      "social_links": {
        "instagram": "https://instagram.com/jonahclarke",
        "twitter": "https://twitter.com/jonah"
      },
      "followers_count_cached": 49800,
      "engagement_rate_cached": "3.29",
      "avatar": "",
      "created_at": "2025-01-20T10:29:00Z",
      "updated_at": "2025-01-20T10:29:00Z"
    }
  },
  {
    "model": "athletes.athlete",
    "pk": "1a50973b-7bb0-401d-9d93-c69ab282c8a2",
    "fields": {
      "sport": "9668a0d9-f597-444f-9221-bc956d7afc98",
      "agent": "405ce429-7d98-41ec-839b-2d24c4dfdfbe",
      "full_name": "Mira Novak",
      "slug": "mira-novak-30",
      "birth_date": "1990-04-15",
      "nationality": "France",
      "country": "France",
      "city": "Paris",
      "bio": "Athlète professionnel(le) avec un palmarès reconnu sur la scène internationale.",
      "social_links": {
        "instagram": "https://instagram.com/miranovak",
        "twitter": "https://twitter.com/mira"
      },
      "followers_count_cached": 51000,
      "engagement_rate_cached": "3.30",
      "avatar": "",
      "created_at": "2025-01-20T10:30:00Z",
      "updated_at": "2025-01-20T10:30:00Z"
    }
  },
  {
    "model": "athletes.athlete",
    "pk": "647f5bf8-e2db-4baa-bc28-4ac55856e892",
    "fields": {
      "sport": "651d4429-9db9-4b66-a639-14755bca221e",
      "agent": "405ce429-7d98-41ec-839b-2d24c4dfdfbe",
      "full_name": "Pavel Horvat",
      "slug": "pavel-horvat-31",
      "birth_date": "1991-05-15",
      "nationality": "Belgique",
      "country": "Belgique",
      "city": "Lyon",
      "bio": "Athlète professionnel(le) avec un palmarès reconnu sur la scène internationale.",
      "social_links": {
        "instagram": "https://instagram.com/pavelhorvat",
        "twitter": "https://twitter.com/pavel"
      },
      "followers_count_cached": 52200,
      "engagement_rate_cached": "3.31",
      "avatar": "",
      "created_at": "2025-01-20T10:31:00Z",
      "updated_at": "2025-01-20T10:31:00Z"
    }
  },
  {
    "model": "athletes.athlete",
    "pk": "deac6f0e-2ea0-4ca9-ad37-fd4c510f3c97",
    "fields": {
      "sport": "905a9666-744f-4b90-87d6-1435fa65f43f",
      "agent": "405ce429-7d98-41ec-839b-2d24c4dfdfbe",
      "full_name": "Sara Nordin",
      "slug": "sara-nordin-32",
      "birth_date": "1992-06-15",
      "nationality": "Suisse",
      "country": "Suisse",
      "city": "Nice",
      "bio": "Athlète professionnel(le) avec un palmarès reconnu sur la scène internationale.",
      "social_links": {
        "instagram": "https://instagram.com/saranordin",
        "twitter": "https://twitter.com/sara"
      },
      "followers_count_cached": 53400,
      "engagement_rate_cached": "3.32",
      "avatar": "",
      "created_at": "2025-01-20T10:32:00Z",
      "updated_at": "2025-01-20T10:32:00Z"
    }
  },
  {
    "model": "athletes.athlete",
    "pk": "c851de89-5417-4a77-9768-aad3d0806401",
    "fields": {
      "sport": "d2c74442-5a22-4868-80ac-794093ad53b0",
      "agent": "405ce429-7d98-41ec-839b-2d24c4dfdfbe",
      "full_name": "Elodie Marchal",
      "slug": "elodie-marchal-33",
      "birth_date": "1993-07-15",
      "nationality": "Espagne",
      "country": "Espagne",
      "city": "Toulouse",
      "bio": "Athlète professionnel(le) avec un palmarès reconnu sur la scène internationale.",
      "social_links": {
        "instagram": "https://instagram.com/elodiemarchal",
        "twitter": "https://twitter.com/elodie"
      },
      "followers_count_cached": 54600,
      "engagement_rate_cached": "3.33",
      "avatar": "",
      "created_at": "2025-01-20T10:33:00Z",
      "updated_at": "2025-01-20T10:33:00Z"
    }
  },
  {
    "model": "athletes.athlete",
    "pk": "80c2bca0-92c9-4ee5-8ec2-e8fdeed348de",
    "fields": {
      "sport": "bda69081-ac30-4578-9ccb-4723e97eebdb",
      "agent": "405ce429-7d98-41ec-839b-2d24c4dfdfbe",
      "full_name": "Kenji Watanabe",
      "slug": "kenji-watanabe-34",
      "birth_date": "1994-08-15",
      "nationality": "Italie",
      "country": "Italie",
      "city": "Bordeaux",
      "bio": "Athlète professionnel(le) avec un palmarès reconnu sur la scène internationale.",
      "social_links": {
        "instagram": "https://instagram.com/kenjiwatanabe",
        "twitter": "https://twitter.com/kenji"
      },
      "followers_count_cached": 55800,
      "engagement_rate_cached": "3.34",
      "avatar": "",
      "created_at": "2025-01-20T10:34:00Z",
      "updated_at": "2025-01-20T10:34:00Z"
    }
  },
  {
    "model": "athletes.athlete",
    "pk": "4c536b98-5106-4e93-ba3c-102eecf5bae1",
    "fields": {
      "sport": "0e5e5e8c-7d9c-4bd0-a28c-059d42a0a568",
      "agent": "405ce429-7d98-41ec-839b-2d24c4dfdfbe",
      "full_name": "Camila Torres",
      "slug": "camila-torres-35",
      "birth_date": "1995-09-15",
      "nationality": "Allemagne",
      "country": "Allemagne",
      "city": "Marseille",
      "bio": "Athlète professionnel(le) avec un palmarès reconnu sur la scène internationale.",
      "social_links": {
        "instagram": "https://instagram.com/camilatorres",
        "twitter": "https://twitter.com/camila"
      },
      "followers_count_cached": 57000,
      "engagement_rate_cached": "3.35",
      "avatar": "",
      "created_at": "2025-01-20T10:35:00Z",
      "updated_at": "2025-01-20T10:35:00Z"
    }
  },
  {
    "model": "athletes.athlete",
    "pk": "52d97caf-5013-4eac-82cc-d9503352b257",
    "fields": {
      "sport": "e04cb78f-1c8a-4cc1-8ba1-f21f1f257d89",
      "agent": "405ce429-7d98-41ec-839b-2d24c4dfdfbe",
      "full_name": "Nikolai Petrov",
      "slug": "nikolai-petrov-36",
      "birth_date": "1996-01-15",
      "nationality": "France",
      "country": "France",
      "city": "Paris",
      "bio": "Athlète professionnel(le) avec un palmarès reconnu sur la scène internationale.",
      "social_links": {
        "instagram": "https://instagram.com/nikolaipetrov",
        "twitter": "https://twitter.com/nikolai"
      },
      "followers_count_cached": 58200,
      "engagement_rate_cached": "3.36",
      "avatar": "",
      "created_at": "2025-01-20T10:36:00Z",
      "updated_at": "2025-01-20T10:36:00Z"
    }
  },
  {
    "model": "athletes.athletediscipline",
    "pk": "3e9f9479-cbe2-416f-8027-c52aafe6aa83",
    "fields": {
      "athlete": "61aed808-6757-4b1c-a83a-daaf5d827c8d",
      "discipline": "98eb8268-bf11-4bcc-a840-712190e8d494",
      "created_at": "2025-01-20T10:00:10Z",
      "updated_at": "2025-01-20T10:00:10Z"
    }
  },
  {
    "model": "athletes.athletediscipline",
    "pk": "167596bb-40db-49c4-9560-24e3b1064207",
    "fields": {
      "athlete": "b5eaa2c5-1cd3-4cf6-bbf5-21b5cb05385e",
      "discipline": "4a5d542b-396d-40da-8b6b-d70a2c24e83c",
      "created_at": "2025-01-20T10:01:10Z",
      "updated_at": "2025-01-20T10:01:10Z"
    }
  },
  {
    "model": "athletes.athletediscipline",
    "pk": "f7e934b3-b29f-44f8-9934-e11437917e99",
    "fields": {
      "athlete": "b5eaa2c5-1cd3-4cf6-bbf5-21b5cb05385e",
      "discipline": "afdb2233-9c15-44b8-8aec-ad24fe9ce38c",
      "created_at": "2025-01-20T10:02:10Z",
      "updated_at": "2025-01-20T10:02:10Z"
    }
  },
  {
    "model": "athletes.athletediscipline",
    "pk": "09f32e00-56b4-41a9-937c-b8c66f4f0a25",
    "fields": {
      "athlete": "52d6452a-6d45-4f70-8ae1-f522c4e4996f",
      "discipline": "55206df3-7206-4dfa-8220-9f70bd399eb3",
      "created_at": "2025-01-20T10:03:10Z",
      "updated_at": "2025-01-20T10:03:10Z"
    }
  },
  {
    "model": "athletes.athletediscipline",
    "pk": "cc749ac0-2ed8-4b34-bd0f-85ba05e28f95",
    "fields": {
      "athlete": "52d6452a-6d45-4f70-8ae1-f522c4e4996f",
      "discipline": "2e03267b-cbec-4d9b-bcd1-cf929387a386",
      "created_at": "2025-01-20T10:04:10Z",
      "updated_at": "2025-01-20T10:04:10Z"
    }
  },
  {
    "model": "athletes.athletediscipline",
    "pk": "8771ac4f-f665-403e-997f-23106bb4850d",
    "fields": {
      "athlete": "a57c2ac1-0983-49f5-998d-e5d512a7b682",
      "discipline": "afdb2233-9c15-44b8-8aec-ad24fe9ce38c",
      "created_at": "2025-01-20T10:05:10Z",
      "updated_at": "2025-01-20T10:05:10Z"
    }
  },
  {
    "model": "athletes.athletediscipline",
    "pk": "7287b5d7-ab03-4ef6-ac08-5438ec21730d",
    "fields": {
      "athlete": "a57c2ac1-0983-49f5-998d-e5d512a7b682",
      "discipline": "5f102368-5206-4915-8295-258da1cdb147",
      "created_at": "2025-01-20T10:06:10Z",
      "updated_at": "2025-01-20T10:06:10Z"
    }
  },
  {
    "model": "athletes.athletediscipline",
    "pk": "3b9b030c-2d0c-43dd-845a-5393f86133f6",
    "fields": {
      "athlete": "5b230b67-3de8-477f-ba56-c1e25f3247ef",
      "discipline": "641aeb2e-8857-480e-a3bd-8b821c762de3",
      "created_at": "2025-01-20T10:07:10Z",
      "updated_at": "2025-01-20T10:07:10Z"
    }
  },
  {
    "model": "athletes.athletediscipline",
    "pk": "ee1d0168-cce0-49fb-b4aa-bd4685fed90b",
    "fields": {
      "athlete": "5b230b67-3de8-477f-ba56-c1e25f3247ef",
      "discipline": "76a25bf2-e133-4c4a-9a66-4a0fa8ab5124",
      "created_at": "2025-01-20T10:08:10Z",
      "updated_at": "2025-01-20T10:08:10Z"
    }
  },
  {
    "model": "athletes.athletediscipline",
    "pk": "775cfc74-df16-4a9c-867f-d8cb416d4d28",
    "fields": {
      "athlete": "a162245e-f710-474f-8920-7df0450f7cc0",
      "discipline": "f3aceaa7-a517-4258-930d-cd19a5088e67",
      "created_at": "2025-01-20T10:09:10Z",
      "updated_at": "2025-01-20T10:09:10Z"
    }
  },
  {
    "model": "athletes.athletediscipline",
    "pk": "3525e526-e809-4150-b1bf-ab0324d44752",
    "fields": {
      "athlete": "a162245e-f710-474f-8920-7df0450f7cc0",
      "discipline": "9965c726-e898-457d-91c0-f3364656e501",
      "created_at": "2025-01-20T10:10:10Z",
      "updated_at": "2025-01-20T10:10:10Z"
    }
  },
  {
    "model": "athletes.athletediscipline",
    "pk": "9975b97f-0042-4f0a-bd69-fd7862d6d6cb",
    "fields": {
      "athlete": "59339ab1-b3e4-4665-b7de-0532334b4397",
      "discipline": "2e03267b-cbec-4d9b-bcd1-cf929387a386",
      "created_at": "2025-01-20T10:11:10Z",
      "updated_at": "2025-01-20T10:11:10Z"
    }
  },
  {
    "model": "athletes.athletediscipline",
    "pk": "3e862743-e7c8-4493-b5a4-9a00e0e5feb5",
    "fields": {
      "athlete": "59339ab1-b3e4-4665-b7de-0532334b4397",
      "discipline": "1694473a-d520-42ef-a8ba-f5864657e482",
      "created_at": "2025-01-20T10:12:10Z",
      "updated_at": "2025-01-20T10:12:10Z"
    }
  },
  {
    "model": "athletes.athletediscipline",
    "pk": "02ef3337-d3f6-4769-ad43-d1eacceb8f80",
    "fields": {
      "athlete": "8bba82cc-ce8e-49b5-ad19-647f4ec106f4",
      "discipline": "7f9632b5-77db-4a6c-8182-f6ef22635555",
      "created_at": "2025-01-20T10:13:10Z",
      "updated_at": "2025-01-20T10:13:10Z"
    }
  },
  {
    "model": "athletes.athletediscipline",
    "pk": "45cb0512-ce4e-484f-84f9-1e25a623de20",
    "fields": {
      "athlete": "8bba82cc-ce8e-49b5-ad19-647f4ec106f4",
      "discipline": "667ec279-3adf-4191-b0a1-3c8dffa1be7e",
      "created_at": "2025-01-20T10:14:10Z",
      "updated_at": "2025-01-20T10:14:10Z"
    }
  },
  {
    "model": "athletes.athletediscipline",
    "pk": "cf1d3a63-de90-493c-8274-b1145f964cbf",
    "fields": {
      "athlete": "cab6cb59-a633-4b51-b237-0844d80033ec",
      "discipline": "82fd6fdb-63cc-4388-83b3-09ed63a3ec07",
      "created_at": "2025-01-20T10:15:10Z",
      "updated_at": "2025-01-20T10:15:10Z"
    }
  },
  {
    "model": "athletes.athletediscipline",
    "pk": "5863c869-0c7d-4b1d-82b7-ab076139e5aa",
    "fields": {
      "athlete": "cab6cb59-a633-4b51-b237-0844d80033ec",
      "discipline": "c29704cd-77e1-4571-8b57-683ae21f18cd",
      "created_at": "2025-01-20T10:16:10Z",
      "updated_at": "2025-01-20T10:16:10Z"
    }
  },
  {
    "model": "athletes.athletediscipline",
    "pk": "b19563b1-005e-4070-9d97-62b93ff130cf",
    "fields": {
      "athlete": "8c2b2d14-7d05-4a23-8425-87f2251e35ea",
      "discipline": "5f102368-5206-4915-8295-258da1cdb147",
      "created_at": "2025-01-20T10:17:10Z",
      "updated_at": "2025-01-20T10:17:10Z"
    }
  },
  {
    "model": "athletes.athletediscipline",
    "pk": "e7924adc-1a43-4c49-baf9-96022d830a85",
    "fields": {
      "athlete": "8c2b2d14-7d05-4a23-8425-87f2251e35ea",
      "discipline": "727da756-d284-4854-a928-d5839c16de81",
      "created_at": "2025-01-20T10:18:10Z",
      "updated_at": "2025-01-20T10:18:10Z"
    }
  },
  {
    "model": "athletes.athletediscipline",
    "pk": "24169f96-660f-4eda-955f-f38308d7f23a",
    "fields": {
      "athlete": "3f04d491-4dbe-420f-99d6-62bbba766e3c",
      "discipline": "55ced86d-803a-4663-87b6-da32ed984127",
      "created_at": "2025-01-20T10:19:10Z",
      "updated_at": "2025-01-20T10:19:10Z"
    }
  },
  {
    "model": "athletes.athletediscipline",
    "pk": "6dce2f0d-7a16-4bd7-a7d3-3b3c0323df51",
    "fields": {
      "athlete": "3f04d491-4dbe-420f-99d6-62bbba766e3c",
      "discipline": "98eb8268-bf11-4bcc-a840-712190e8d494",
      "created_at": "2025-01-20T10:20:10Z",
      "updated_at": "2025-01-20T10:20:10Z"
    }
  },
  {
    "model": "athletes.athletediscipline",
    "pk": "f78bc264-63b9-4f1f-bc74-f8381f194e96",
    "fields": {
      "athlete": "4cf90d70-cc51-4bf0-948a-c92886526e29",
      "discipline": "e9c498f6-8487-47b1-9644-715a77f4b10f",
      "created_at": "2025-01-20T10:21:10Z",
      "updated_at": "2025-01-20T10:21:10Z"
    }
  },
  {
    "model": "athletes.athletediscipline",
    "pk": "937719f6-6ed4-403a-9b0b-60a792bb07b7",
    "fields": {
      "athlete": "4cf90d70-cc51-4bf0-948a-c92886526e29",
      "discipline": "afdb2233-9c15-44b8-8aec-ad24fe9ce38c",
      "created_at": "2025-01-20T10:22:10Z",
      "updated_at": "2025-01-20T10:22:10Z"
    }
  },
  {
    "model": "athletes.athletediscipline",
    "pk": "262f21d6-e25f-46fe-b4be-e8f019957d3f",
    "fields": {
      "athlete": "65cc5b3e-11df-4566-9fd7-368bd6972bf7",
      "discipline": "76a25bf2-e133-4c4a-9a66-4a0fa8ab5124",
      "created_at": "2025-01-20T10:23:10Z",
      "updated_at": "2025-01-20T10:23:10Z"
    }
  },
  {
    "model": "athletes.athletediscipline",
    "pk": "fc0f7fc3-5b0f-4469-b4ef-28d1887505f0",
    "fields": {
      "athlete": "65cc5b3e-11df-4566-9fd7-368bd6972bf7",
      "discipline": "2e03267b-cbec-4d9b-bcd1-cf929387a386",
      "created_at": "2025-01-20T10:24:10Z",
      "updated_at": "2025-01-20T10:24:10Z"
    }
  },
  {
    "model": "athletes.athletediscipline",
    "pk": "994abf7e-551e-4a64-a51e-cd52d2b1d71b",
    "fields": {
      "athlete": "c6a244ab-60d0-4ad1-a058-9adfb433428c",
      "discipline": "a7328947-994f-4e19-9e2c-b1de86e6d30a",
      "created_at": "2025-01-20T10:25:10Z",
      "updated_at": "2025-01-20T10:25:10Z"
    }
  },
  {
    "model": "athletes.athletediscipline",
    "pk": "9a544626-922c-4e0e-98fd-4b02a30c7790",
    "fields": {
      "athlete": "c6a244ab-60d0-4ad1-a058-9adfb433428c",
      "discipline": "5f102368-5206-4915-8295-258da1cdb147",
      "created_at": "2025-01-20T10:26:10Z",
      "updated_at": "2025-01-20T10:26:10Z"
    }
  },
  {
    "model": "athletes.athletediscipline",
    "pk": "787e76c4-dcf4-4dcb-bcf6-79a6de958cfa",
    "fields": {
      "athlete": "99a32645-341f-4869-80b0-5348743d1fed",
      "discipline": "b8c625ab-b8fc-426f-afa1-6b03c0d8443a",
      "created_at": "2025-01-20T10:27:10Z",
      "updated_at": "2025-01-20T10:27:10Z"
    }
  },
  {
    "model": "athletes.athletediscipline",
    "pk": "06c4e986-bc81-403c-b6a5-1a6efca45ca3",
    "fields": {
      "athlete": "99a32645-341f-4869-80b0-5348743d1fed",
      "discipline": "76a25bf2-e133-4c4a-9a66-4a0fa8ab5124",
      "created_at": "2025-01-20T10:28:10Z",
      "updated_at": "2025-01-20T10:28:10Z"
    }
  },
  {
    "model": "athletes.athletediscipline",
    "pk": "b1ccf300-393d-4874-96be-f7d5eb57535f",
    "fields": {
      "athlete": "334c1d2d-33bf-4e08-af1d-035a894fa704",
      "discipline": "9965c726-e898-457d-91c0-f3364656e501",
      "created_at": "2025-01-20T10:29:10Z",
      "updated_at": "2025-01-20T10:29:10Z"
    }
  },
  {
    "model": "athletes.athletediscipline",
    "pk": "bffa0960-f27b-464d-b005-4463a45060f6",
    "fields": {
      "athlete": "fdf151b5-357d-4d7f-a7dd-ae8004ce9edf",
      "discipline": "b26c57e5-1158-4687-972b-bd23abe002e9",
      "created_at": "2025-01-20T10:30:10Z",
      "updated_at": "2025-01-20T10:30:10Z"
    }
  },
  {
    "model": "athletes.athletediscipline",
    "pk": "9c69d292-b423-40e9-8497-943e7207736a",
    "fields": {
      "athlete": "fdf151b5-357d-4d7f-a7dd-ae8004ce9edf",
      "discipline": "1694473a-d520-42ef-a8ba-f5864657e482",
      "created_at": "2025-01-20T10:31:10Z",
      "updated_at": "2025-01-20T10:31:10Z"
    }
  },
  {
    "model": "athletes.athletediscipline",
    "pk": "ba4a48d7-618b-4c66-89f0-34dd3c3c00f1",
    "fields": {
      "athlete": "8831e2ff-0274-428b-a7d3-ef411f0692af",
      "discipline": "279f8095-c513-4cea-ad51-947ac9fb96f1",
      "created_at": "2025-01-20T10:32:10Z",
      "updated_at": "2025-01-20T10:32:10Z"
    }
  },
  {
    "model": "athletes.athletediscipline",
    "pk": "23627233-4042-46c9-8ef8-40f7ca9290ad",
    "fields": {
      "athlete": "8831e2ff-0274-428b-a7d3-ef411f0692af",
      "discipline": "667ec279-3adf-4191-b0a1-3c8dffa1be7e",
      "created_at": "2025-01-20T10:33:10Z",
      "updated_at": "2025-01-20T10:33:10Z"
    }
  },
  {
    "model": "athletes.athletediscipline",
    "pk": "9a7fc848-1994-459c-98db-e7006f47e319",
    "fields": {
      "athlete": "fa93316b-30ba-4f8a-8666-8bb62c55439e",
      "discipline": "1694473a-d520-42ef-a8ba-f5864657e482",
      "created_at": "2025-01-20T10:34:10Z",
      "updated_at": "2025-01-20T10:34:10Z"
    }
  },
  {
    "model": "athletes.athletediscipline",
    "pk": "d8613424-71f8-497f-9e90-93af821cefd7",
    "fields": {
      "athlete": "fa93316b-30ba-4f8a-8666-8bb62c55439e",
      "discipline": "c29704cd-77e1-4571-8b57-683ae21f18cd",
      "created_at": "2025-01-20T10:35:10Z",
      "updated_at": "2025-01-20T10:35:10Z"
    }
  },
  {
    "model": "athletes.athletediscipline",
    "pk": "1a959dd2-c5ff-4cf6-8c4e-72099e038e64",
    "fields": {
      "athlete": "03d557d5-88ec-41ff-b2e2-1e5394ed307c",
      "discipline": "89a77254-08bf-4151-9411-dabbd979c1bb",
      "created_at": "2025-01-20T10:36:10Z",
      "updated_at": "2025-01-20T10:36:10Z"
    }
  },
  {
    "model": "athletes.athletediscipline",
    "pk": "3d0879d3-71f0-4175-ba1a-cb4046ae3988",
    "fields": {
      "athlete": "03d557d5-88ec-41ff-b2e2-1e5394ed307c",
      "discipline": "727da756-d284-4854-a928-d5839c16de81",
      "created_at": "2025-01-20T10:37:10Z",
      "updated_at": "2025-01-20T10:37:10Z"
    }
  },
  {
    "model": "athletes.athletediscipline",
    "pk": "3b594bc2-90d0-44e1-b549-a8dc0e6b3ab4",
    "fields": {
      "athlete": "3c2264ae-977b-4ccd-aae1-a51809063685",
      "discipline": "32749086-e729-4ca5-b884-84887d72f2cf",
      "created_at": "2025-01-20T10:38:10Z",
      "updated_at": "2025-01-20T10:38:10Z"
    }
  },
  {
    "model": "athletes.athletediscipline",
    "pk": "8f14ae51-ea01-4f87-996f-de986653d4a9",
    "fields": {
      "athlete": "3c2264ae-977b-4ccd-aae1-a51809063685",
      "discipline": "98eb8268-bf11-4bcc-a840-712190e8d494",
      "created_at": "2025-01-20T10:39:10Z",
      "updated_at": "2025-01-20T10:39:10Z"
    }
  },
  {
    "model": "athletes.athletediscipline",
    "pk": "ea5acf47-d338-4165-849a-6acb90e61f22",
    "fields": {
      "athlete": "212cfc47-1761-4ea1-802f-6128d30e27cf",
      "discipline": "667ec279-3adf-4191-b0a1-3c8dffa1be7e",
      "created_at": "2025-01-20T10:40:10Z",
      "updated_at": "2025-01-20T10:40:10Z"
    }
  },
  {
    "model": "athletes.athletediscipline",
    "pk": "8f1ed2c5-5b73-4b4f-9872-1f0109ee55fa",
    "fields": {
      "athlete": "212cfc47-1761-4ea1-802f-6128d30e27cf",
      "discipline": "afdb2233-9c15-44b8-8aec-ad24fe9ce38c",
      "created_at": "2025-01-20T10:41:10Z",
      "updated_at": "2025-01-20T10:41:10Z"
    }
  },
  {
    "model": "athletes.athletediscipline",
    "pk": "ffb7334d-b84f-4740-a2c7-e166dc97ffef",
    "fields": {
      "athlete": "fc3563e8-71bf-4de6-bee3-4e2a48799a66",
      "discipline": "9375d0a2-f10b-4008-97dd-9e99666b4aad",
      "created_at": "2025-01-20T10:42:10Z",
      "updated_at": "2025-01-20T10:42:10Z"
    }
  },
  {
    "model": "athletes.athletediscipline",
    "pk": "8fecb5f2-89d9-4dc1-9c5d-1405142086ac",
    "fields": {
      "athlete": "fc3563e8-71bf-4de6-bee3-4e2a48799a66",
      "discipline": "2e03267b-cbec-4d9b-bcd1-cf929387a386",
      "created_at": "2025-01-20T10:43:10Z",
      "updated_at": "2025-01-20T10:43:10Z"
    }
  },
  {
    "model": "athletes.athletediscipline",
    "pk": "b4313560-a3ba-436f-8110-2627c104c6e9",
    "fields": {
      "athlete": "3f61b932-ed18-4f50-a8db-a937c63e7b72",
      "discipline": "5c2dfcec-7d59-4511-b157-d8a6ea9c1ed2",
      "created_at": "2025-01-20T10:44:10Z",
      "updated_at": "2025-01-20T10:44:10Z"
    }
  },
  {
    "model": "athletes.athletediscipline",
    "pk": "b4fe4e14-a5c2-4d07-b0d6-9764bc832a4a",
    "fields": {
      "athlete": "3f61b932-ed18-4f50-a8db-a937c63e7b72",
      "discipline": "5f102368-5206-4915-8295-258da1cdb147",
      "created_at": "2025-01-20T10:45:10Z",
      "updated_at": "2025-01-20T10:45:10Z"
    }
  },
  {
    "model": "athletes.athletediscipline",
    "pk": "e7beb25f-94f0-4ee7-9882-bb9228a163b7",
    "fields": {
      "athlete": "9fb9d928-d828-4780-b4d8-600cc2a6ddba",
      "discipline": "c29704cd-77e1-4571-8b57-683ae21f18cd",
      "created_at": "2025-01-20T10:46:10Z",
      "updated_at": "2025-01-20T10:46:10Z"
    }
  },
  {
    "model": "athletes.athletediscipline",
    "pk": "d1d11185-53d6-4d5f-882a-ab78aa481443",
    "fields": {
      "athlete": "9fb9d928-d828-4780-b4d8-600cc2a6ddba",
      "discipline": "76a25bf2-e133-4c4a-9a66-4a0fa8ab5124",
      "created_at": "2025-01-20T10:47:10Z",
      "updated_at": "2025-01-20T10:47:10Z"
    }
  },
  {
    "model": "athletes.athletediscipline",
    "pk": "8dbdc44e-23e8-49de-a6b7-ea9b53b5ed1f",
    "fields": {
      "athlete": "2e7e77fe-9a26-4c9b-98c2-0f3083b0be8f",
      "discipline": "cb0f69d9-571a-487c-a195-be629fe657ce",
      "created_at": "2025-01-20T10:48:10Z",
      "updated_at": "2025-01-20T10:48:10Z"
    }
  },
  {
    "model": "athletes.athletediscipline",
    "pk": "f4e74341-a7d5-4575-9d39-584ad012aa40",
    "fields": {
      "athlete": "2e7e77fe-9a26-4c9b-98c2-0f3083b0be8f",
      "discipline": "9965c726-e898-457d-91c0-f3364656e501",
      "created_at": "2025-01-20T10:49:10Z",
      "updated_at": "2025-01-20T10:49:10Z"
    }
  },
  {
    "model": "athletes.athletediscipline",
    "pk": "62792182-83de-4184-b165-a2dbf9741421",
    "fields": {
      "athlete": "ced5add2-ad01-4642-a1e6-7a18b14bac75",
      "discipline": "41019f40-3f4a-44ab-a4aa-c12a01db7231",
      "created_at": "2025-01-20T10:50:10Z",
      "updated_at": "2025-01-20T10:50:10Z"
    }
  },
  {
    "model": "athletes.athletediscipline",
    "pk": "81711ba8-ab9f-4e37-b59e-08e6c85d43e6",
    "fields": {
      "athlete": "ced5add2-ad01-4642-a1e6-7a18b14bac75",
      "discipline": "1694473a-d520-42ef-a8ba-f5864657e482",
      "created_at": "2025-01-20T10:51:10Z",
      "updated_at": "2025-01-20T10:51:10Z"
    }
  },
  {
    "model": "athletes.athletediscipline",
    "pk": "14aaa546-7792-4110-8616-5ff03294af24",
    "fields": {
      "athlete": "f94bed72-e751-4add-aff6-0b5511de2676",
      "discipline": "727da756-d284-4854-a928-d5839c16de81",
      "created_at": "2025-01-20T10:52:10Z",
      "updated_at": "2025-01-20T10:52:10Z"
    }
  },
  {
    "model": "athletes.athletediscipline",
    "pk": "6f94cdf3-7c76-4e1e-a81e-72d1053d3ed6",
    "fields": {
      "athlete": "f94bed72-e751-4add-aff6-0b5511de2676",
      "discipline": "667ec279-3adf-4191-b0a1-3c8dffa1be7e",
      "created_at": "2025-01-20T10:53:10Z",
      "updated_at": "2025-01-20T10:53:10Z"
    }
  },
  {
    "model": "athletes.athletediscipline",
    "pk": "4fd28470-04b4-49c2-978e-394268c868a9",
    "fields": {
      "athlete": "a50243dd-be20-4647-9918-cb330b22b1cf",
      "discipline": "bd18ab97-b67c-4f5b-a890-f57f06d93c7c",
      "created_at": "2025-01-20T10:54:10Z",
      "updated_at": "2025-01-20T10:54:10Z"
    }
  },
  {
    "model": "athletes.athletediscipline",
    "pk": "e376cc99-f498-4851-a08c-58f9e24553b9",
    "fields": {
      "athlete": "a50243dd-be20-4647-9918-cb330b22b1cf",
      "discipline": "c29704cd-77e1-4571-8b57-683ae21f18cd",
      "created_at": "2025-01-20T10:55:10Z",
      "updated_at": "2025-01-20T10:55:10Z"
    }
  },
  {
    "model": "athletes.athletediscipline",
    "pk": "3d45c334-547b-4010-a45b-d0f3602fbfff",
    "fields": {
      "athlete": "092b89e4-41b2-4d05-8a3f-bc0816718484",
      "discipline": "4ce611eb-a8bd-40b7-84ff-629cc57e75ef",
      "created_at": "2025-01-20T10:56:10Z",
      "updated_at": "2025-01-20T10:56:10Z"
    }
  },
  {
    "model": "athletes.athletediscipline",
    "pk": "df56f779-62cd-471a-8064-9e7506c14ecb",
    "fields": {
      "athlete": "092b89e4-41b2-4d05-8a3f-bc0816718484",
      "discipline": "727da756-d284-4854-a928-d5839c16de81",
      "created_at": "2025-01-20T10:57:10Z",
      "updated_at": "2025-01-20T10:57:10Z"
    }
  },
  {
    "model": "athletes.athletediscipline",
    "pk": "0767fbc8-e014-4282-a60d-1e19253098cf",
    "fields": {
      "athlete": "1a50973b-7bb0-401d-9d93-c69ab282c8a2",
      "discipline": "98eb8268-bf11-4bcc-a840-712190e8d494",
      "created_at": "2025-01-20T10:58:10Z",
      "updated_at": "2025-01-20T10:58:10Z"
    }
  },
  {
    "model": "athletes.athletediscipline",
    "pk": "f686b976-4c31-428c-a572-e9b7567e8599",
    "fields": {
      "athlete": "647f5bf8-e2db-4baa-bc28-4ac55856e892",
      "discipline": "4a5d542b-396d-40da-8b6b-d70a2c24e83c",
      "created_at": "2025-01-20T10:59:10Z",
      "updated_at": "2025-01-20T10:59:10Z"
    }
  },
  {
    "model": "athletes.athletediscipline",
    "pk": "5eb3b38a-3af5-45e7-9e01-64259342f66f",
    "fields": {
      "athlete": "647f5bf8-e2db-4baa-bc28-4ac55856e892",
      "discipline": "afdb2233-9c15-44b8-8aec-ad24fe9ce38c",
      "created_at": "2025-01-20T11:00:10Z",
      "updated_at": "2025-01-20T11:00:10Z"
    }
  },
  {
    "model": "athletes.athletediscipline",
    "pk": "bcc61eb3-f4cc-4f10-bcdd-afa50773b6b3",
    "fields": {
      "athlete": "deac6f0e-2ea0-4ca9-ad37-fd4c510f3c97",
      "discipline": "55206df3-7206-4dfa-8220-9f70bd399eb3",
      "created_at": "2025-01-20T11:01:10Z",
      "updated_at": "2025-01-20T11:01:10Z"
    }
  },
  {
    "model": "athletes.athletediscipline",
    "pk": "76d6c13c-85c9-4290-88f0-3964f6b6a503",
    "fields": {
      "athlete": "deac6f0e-2ea0-4ca9-ad37-fd4c510f3c97",
      "discipline": "2e03267b-cbec-4d9b-bcd1-cf929387a386",
      "created_at": "2025-01-20T11:02:10Z",
      "updated_at": "2025-01-20T11:02:10Z"
    }
  },
  {
    "model": "athletes.athletediscipline",
    "pk": "d7ab41f0-8535-4b98-9e2f-da0faadaea0c",
    "fields": {
      "athlete": "c851de89-5417-4a77-9768-aad3d0806401",
      "discipline": "afdb2233-9c15-44b8-8aec-ad24fe9ce38c",
      "created_at": "2025-01-20T11:03:10Z",
      "updated_at": "2025-01-20T11:03:10Z"
    }
  },
  {
    "model": "athletes.athletediscipline",
    "pk": "3409e662-b90a-4dec-9a0e-edcf47247a57",
    "fields": {
      "athlete": "c851de89-5417-4a77-9768-aad3d0806401",
      "discipline": "5f102368-5206-4915-8295-258da1cdb147",
      "created_at": "2025-01-20T11:04:10Z",
      "updated_at": "2025-01-20T11:04:10Z"
    }
  },
  {
    "model": "athletes.athletediscipline",
    "pk": "5fdb0c5a-0354-415e-9101-8cf9de609936",
    "fields": {
      "athlete": "80c2bca0-92c9-4ee5-8ec2-e8fdeed348de",
      "discipline": "641aeb2e-8857-480e-a3bd-8b821c762de3",
      "created_at": "2025-01-20T11:05:10Z",
      "updated_at": "2025-01-20T11:05:10Z"
    }
  },
  {
    "model": "athletes.athletediscipline",
    "pk": "8e7b98db-539b-4b36-85a6-685d7be04058",
    "fields": {
      "athlete": "80c2bca0-92c9-4ee5-8ec2-e8fdeed348de",
      "discipline": "76a25bf2-e133-4c4a-9a66-4a0fa8ab5124",
      "created_at": "2025-01-20T11:06:10Z",
      "updated_at": "2025-01-20T11:06:10Z"
    }
  },
  {
    "model": "athletes.athletediscipline",
    "pk": "710875ee-c9db-482f-b587-1cfdec6be9cb",
    "fields": {
      "athlete": "4c536b98-5106-4e93-ba3c-102eecf5bae1",
      "discipline": "f3aceaa7-a517-4258-930d-cd19a5088e67",
      "created_at": "2025-01-20T11:07:10Z",
      "updated_at": "2025-01-20T11:07:10Z"
    }
  },
  {
    "model": "athletes.athletediscipline",
    "pk": "96d56591-4309-4c8f-a1be-82633bc236ff",
    "fields": {
      "athlete": "4c536b98-5106-4e93-ba3c-102eecf5bae1",
      "discipline": "9965c726-e898-457d-91c0-f3364656e501",
      "created_at": "2025-01-20T11:08:10Z",
      "updated_at": "2025-01-20T11:08:10Z"
    }
  },
  {
    "model": "athletes.athletediscipline",
    "pk": "54379deb-19fb-43e0-86a5-48e3aeefd94c",
    "fields": {
      "athlete": "52d97caf-5013-4eac-82cc-d9503352b257",
      "discipline": "2e03267b-cbec-4d9b-bcd1-cf929387a386",
      "created_at": "2025-01-20T11:09:10Z",
      "updated_at": "2025-01-20T11:09:10Z"
    }
  },
  {
    "model": "athletes.athletediscipline",
    "pk": "b1435be0-ffa7-4c47-bb35-596c8b0de680",
    "fields": {
      "athlete": "52d97caf-5013-4eac-82cc-d9503352b257",
      "discipline": "1694473a-d520-42ef-a8ba-f5864657e482",
      "created_at": "2025-01-20T11:10:10Z",
      "updated_at": "2025-01-20T11:10:10Z"
    }
  },
  {
    "model": "athletes.athletephoto",
    "pk": "b54188b7-67d2-4049-b5e3-a8d90282887f",
    "fields": {
      "athlete": "61aed808-6757-4b1c-a83a-daaf5d827c8d",
      "image": "athlete_gallery/61aed808_training.jpg",
      "caption": "Séance d'entraînement",
      "created_at": "2025-01-21T10:00:00Z",
      "updated_at": "2025-01-21T10:00:00Z"
    }
  },
  {
    "model": "athletes.athletephoto",
    "pk": "0a685fe5-c69a-49d0-aaa2-8605dd44a936",
    "fields": {
      "athlete": "b5eaa2c5-1cd3-4cf6-bbf5-21b5cb05385e",
      "image": "athlete_gallery/b5eaa2c5_training.jpg",
      "caption": "Séance d'entraînement",
      "created_at": "2025-01-21T10:01:00Z",
      "updated_at": "2025-01-21T10:01:00Z"
    }
  },
  {
    "model": "athletes.athletephoto",
    "pk": "b3931f5d-637a-4302-9631-9f946ee84f5c",
    "fields": {
      "athlete": "52d6452a-6d45-4f70-8ae1-f522c4e4996f",
      "image": "athlete_gallery/52d6452a_training.jpg",
      "caption": "Séance d'entraînement",
      "created_at": "2025-01-21T10:02:00Z",
      "updated_at": "2025-01-21T10:02:00Z"
    }
  },
  {
    "model": "athletes.athletephoto",
    "pk": "22da3b5f-d508-4268-abd3-d3fa55d91641",
    "fields": {
      "athlete": "a57c2ac1-0983-49f5-998d-e5d512a7b682",
      "image": "athlete_gallery/a57c2ac1_training.jpg",
      "caption": "Séance d'entraînement",
      "created_at": "2025-01-21T10:03:00Z",
      "updated_at": "2025-01-21T10:03:00Z"
    }
  },
  {
    "model": "athletes.athletephoto",
    "pk": "be50abce-76c6-40f7-bd93-f077162c9acc",
    "fields": {
      "athlete": "5b230b67-3de8-477f-ba56-c1e25f3247ef",
      "image": "athlete_gallery/5b230b67_training.jpg",
      "caption": "Séance d'entraînement",
      "created_at": "2025-01-21T10:04:00Z",
      "updated_at": "2025-01-21T10:04:00Z"
    }
  },
  {
    "model": "follows.follow",
    "pk": "5a140ac9-9afa-43a3-b033-d0cabdc14893",
    "fields": {
      "collaborator": "f13839b8-3429-4114-8ab3-aeb446090883",
      "athlete": "61aed808-6757-4b1c-a83a-daaf5d827c8d",
      "notify_news": true,
      "notify_stats": true,
      "notify_contracts": true,
      "created_at": "2025-01-22T10:00:00Z",
      "updated_at": "2025-01-22T10:00:00Z"
    }
  },
  {
    "model": "follows.follow",
    "pk": "15e3eb75-edd9-4e46-9352-265450148f35",
    "fields": {
      "collaborator": "f13839b8-3429-4114-8ab3-aeb446090883",
      "athlete": "b5eaa2c5-1cd3-4cf6-bbf5-21b5cb05385e",
      "notify_news": true,
      "notify_stats": false,
      "notify_contracts": true,
      "created_at": "2025-01-22T10:01:00Z",
      "updated_at": "2025-01-22T10:01:00Z"
    }
  },
  {
    "model": "follows.follow",
    "pk": "413be5e5-ea81-4fc8-866c-55c2bcd5b2a2",
    "fields": {
      "collaborator": "f13839b8-3429-4114-8ab3-aeb446090883",
      "athlete": "52d6452a-6d45-4f70-8ae1-f522c4e4996f",
      "notify_news": true,
      "notify_stats": true,
      "notify_contracts": true,
      "created_at": "2025-01-22T10:02:00Z",
      "updated_at": "2025-01-22T10:02:00Z"
    }
  },
  {
    "model": "follows.follow",
    "pk": "5af1f497-4ee0-4372-8cc8-cda7f78694a2",
    "fields": {
      "collaborator": "8043fbe1-75ec-4e35-b4e7-a9bf960f591e",
      "athlete": "61aed808-6757-4b1c-a83a-daaf5d827c8d",
      "notify_news": true,
      "notify_stats": false,
      "notify_contracts": true,
      "created_at": "2025-01-22T10:03:00Z",
      "updated_at": "2025-01-22T10:03:00Z"
    }
  },
  {
    "model": "follows.follow",
    "pk": "d5f9ccc8-62e3-4e42-a3a6-e95d519d2faa",
    "fields": {
      "collaborator": "8043fbe1-75ec-4e35-b4e7-a9bf960f591e",
      "athlete": "b5eaa2c5-1cd3-4cf6-bbf5-21b5cb05385e",
      "notify_news": true,
      "notify_stats": true,
      "notify_contracts": true,
      "created_at": "2025-01-22T10:04:00Z",
      "updated_at": "2025-01-22T10:04:00Z"
    }
  },
  {
    "model": "follows.follow",
    "pk": "4291346a-89f5-451c-b0e3-291c4b3d5951",
    "fields": {
      "collaborator": "8043fbe1-75ec-4e35-b4e7-a9bf960f591e",
      "athlete": "52d6452a-6d45-4f70-8ae1-f522c4e4996f",
      "notify_news": true,
      "notify_stats": false,
      "notify_contracts": true,
      "created_at": "2025-01-22T10:05:00Z",
      "updated_at": "2025-01-22T10:05:00Z"
    }
  },
  {
    "model": "follows.follow",
    "pk": "9006df2b-3f19-45d7-bc3d-bf70cb6f082f",
    "fields": {
      "collaborator": "8087a7d1-9ace-4bbd-999e-079dd0a5e457",
      "athlete": "61aed808-6757-4b1c-a83a-daaf5d827c8d",
      "notify_news": true,
      "notify_stats": true,
      "notify_contracts": true,
      "created_at": "2025-01-22T10:06:00Z",
      "updated_at": "2025-01-22T10:06:00Z"
    }
  },
  {
    "model": "follows.follow",
    "pk": "9790fd7b-c529-4f58-8f75-a26a70d8329c",
    "fields": {
      "collaborator": "8087a7d1-9ace-4bbd-999e-079dd0a5e457",
      "athlete": "b5eaa2c5-1cd3-4cf6-bbf5-21b5cb05385e",
      "notify_news": true,
      "notify_stats": false,
      "notify_contracts": true,
      "created_at": "2025-01-22T10:07:00Z",
      "updated_at": "2025-01-22T10:07:00Z"
    }
  },
  {
    "model": "follows.follow",
    "pk": "e69315d4-0bb1-46bc-a5b6-5dc19fb59656",
    "fields": {
      "collaborator": "8087a7d1-9ace-4bbd-999e-079dd0a5e457",
      "athlete": "52d6452a-6d45-4f70-8ae1-f522c4e4996f",
      "notify_news": true,
      "notify_stats": true,
      "notify_contracts": true,
      "created_at": "2025-01-22T10:08:00Z",
      "updated_at": "2025-01-22T10:08:00Z"
    }
  },
  {
    "model": "follows.follow",
    "pk": "22e44ae8-a131-4612-8ba6-810114c21309",
    "fields": {
      "collaborator": "6475e67a-ca8b-4655-96c2-ca288f128ac4",
      "athlete": "61aed808-6757-4b1c-a83a-daaf5d827c8d",
      "notify_news": true,
      "notify_stats": false,
      "notify_contracts": true,
      "created_at": "2025-01-22T10:09:00Z",
      "updated_at": "2025-01-22T10:09:00Z"
    }
  },
  {
    "model": "follows.follow",
    "pk": "3b5e9215-a27f-4e64-a170-193bbc110fc8",
    "fields": {
      "collaborator": "6475e67a-ca8b-4655-96c2-ca288f128ac4",
      "athlete": "b5eaa2c5-1cd3-4cf6-bbf5-21b5cb05385e",
      "notify_news": true,
      "notify_stats": true,
      "notify_contracts": true,
      "created_at": "2025-01-22T10:10:00Z",
      "updated_at": "2025-01-22T10:10:00Z"
    }
  },
  {
    "model": "follows.follow",
    "pk": "225983c9-05bb-46ed-8ff5-7f1bf9eefb8f",
    "fields": {
      "collaborator": "6475e67a-ca8b-4655-96c2-ca288f128ac4",
      "athlete": "52d6452a-6d45-4f70-8ae1-f522c4e4996f",
      "notify_news": true,
      "notify_stats": false,
      "notify_contracts": true,
      "created_at": "2025-01-22T10:11:00Z",
      "updated_at": "2025-01-22T10:11:00Z"
    }
  },
  {
    "model": "follows.follow",
    "pk": "60bea880-c6d7-4cd8-87b6-dd60fd7080b4",
    "fields": {
      "collaborator": "e56fee02-82da-4764-b223-960029d6ac65",
      "athlete": "61aed808-6757-4b1c-a83a-daaf5d827c8d",
      "notify_news": true,
      "notify_stats": true,
      "notify_contracts": true,
      "created_at": "2025-01-22T10:12:00Z",
      "updated_at": "2025-01-22T10:12:00Z"
    }
  },
  {
    "model": "follows.follow",
    "pk": "05deb4c7-f6a4-4e7c-b6a8-cee4da35095c",
    "fields": {
      "collaborator": "e56fee02-82da-4764-b223-960029d6ac65",
      "athlete": "b5eaa2c5-1cd3-4cf6-bbf5-21b5cb05385e",
      "notify_news": true,
      "notify_stats": false,
      "notify_contracts": true,
      "created_at": "2025-01-22T10:13:00Z",
      "updated_at": "2025-01-22T10:13:00Z"
    }
  },
  {
    "model": "follows.follow",
    "pk": "92fedf42-4617-402c-b8d5-78b7a47d97ac",
    "fields": {
      "collaborator": "e56fee02-82da-4764-b223-960029d6ac65",
      "athlete": "52d6452a-6d45-4f70-8ae1-f522c4e4996f",
      "notify_news": true,
      "notify_stats": true,
      "notify_contracts": true,
      "created_at": "2025-01-22T10:14:00Z",
      "updated_at": "2025-01-22T10:14:00Z"
    }
  },
  {
    "model": "follows.follow",
    "pk": "b2f71864-b7e2-4089-9a3e-dec3eac2c7e1",
    "fields": {
      "collaborator": "dc990043-1ee5-48af-84b8-12d8a1741892",
      "athlete": "a162245e-f710-474f-8920-7df0450f7cc0",
      "notify_news": true,
      "notify_stats": false,
      "notify_contracts": true,
      "created_at": "2025-01-22T10:15:00Z",
      "updated_at": "2025-01-22T10:15:00Z"
    }
  },
  {
    "model": "follows.follow",
    "pk": "44c97033-f867-41c6-8ea9-76bee84d1c15",
    "fields": {
      "collaborator": "dc990043-1ee5-48af-84b8-12d8a1741892",
      "athlete": "59339ab1-b3e4-4665-b7de-0532334b4397",
      "notify_news": true,
      "notify_stats": true,
      "notify_contracts": true,
      "created_at": "2025-01-22T10:16:00Z",
      "updated_at": "2025-01-22T10:16:00Z"
    }
  },
  {
    "model": "follows.follow",
    "pk": "3fb7ed5a-73fd-474d-86e8-a2875b996b8d",
    "fields": {
      "collaborator": "dc990043-1ee5-48af-84b8-12d8a1741892",
      "athlete": "8bba82cc-ce8e-49b5-ad19-647f4ec106f4",
      "notify_news": true,
      "notify_stats": false,
      "notify_contracts": true,
      "created_at": "2025-01-22T10:17:00Z",
      "updated_at": "2025-01-22T10:17:00Z"
    }
  },
  {
    "model": "follows.follow",
    "pk": "e5ed8d7f-9248-4f24-acad-1f267589e590",
    "fields": {
      "collaborator": "dc990043-1ee5-48af-84b8-12d8a1741892",
      "athlete": "cab6cb59-a633-4b51-b237-0844d80033ec",
      "notify_news": true,
      "notify_stats": true,
      "notify_contracts": true,
      "created_at": "2025-01-22T10:18:00Z",
      "updated_at": "2025-01-22T10:18:00Z"
    }
  },
  {
    "model": "follows.follow",
    "pk": "fa88e9a3-19af-44e5-bfa2-e7139ae41df6",
    "fields": {
      "collaborator": "dc990043-1ee5-48af-84b8-12d8a1741892",
      "athlete": "8c2b2d14-7d05-4a23-8425-87f2251e35ea",
      "notify_news": true,
      "notify_stats": false,
      "notify_contracts": true,
      "created_at": "2025-01-22T10:19:00Z",
      "updated_at": "2025-01-22T10:19:00Z"
    }
  },
  {
    "model": "follows.follow",
    "pk": "60f6ce0e-858c-4f95-a015-b66980c32c04",
    "fields": {
      "collaborator": "14b890e5-9221-4e19-ba7b-99fb6e1c5810",
      "athlete": "a162245e-f710-474f-8920-7df0450f7cc0",
      "notify_news": true,
      "notify_stats": true,
      "notify_contracts": true,
      "created_at": "2025-01-22T10:20:00Z",
      "updated_at": "2025-01-22T10:20:00Z"
    }
  },
  {
    "model": "follows.follow",
    "pk": "10e8a216-0777-4580-8640-467b6ceb3e36",
    "fields": {
      "collaborator": "14b890e5-9221-4e19-ba7b-99fb6e1c5810",
      "athlete": "59339ab1-b3e4-4665-b7de-0532334b4397",
      "notify_news": true,
      "notify_stats": false,
      "notify_contracts": true,
      "created_at": "2025-01-22T10:21:00Z",
      "updated_at": "2025-01-22T10:21:00Z"
    }
  },
  {
    "model": "follows.follow",
    "pk": "02d3722b-cf33-46eb-ab3d-e500dd9f2820",
    "fields": {
      "collaborator": "14b890e5-9221-4e19-ba7b-99fb6e1c5810",
      "athlete": "8bba82cc-ce8e-49b5-ad19-647f4ec106f4",
      "notify_news": true,
      "notify_stats": true,
      "notify_contracts": true,
      "created_at": "2025-01-22T10:22:00Z",
      "updated_at": "2025-01-22T10:22:00Z"
    }
  },
  {
    "model": "follows.follow",
    "pk": "99820b01-d794-431b-9a4b-7d414404d99b",
    "fields": {
      "collaborator": "14b890e5-9221-4e19-ba7b-99fb6e1c5810",
      "athlete": "cab6cb59-a633-4b51-b237-0844d80033ec",
      "notify_news": true,
      "notify_stats": false,
      "notify_contracts": true,
      "created_at": "2025-01-22T10:23:00Z",
      "updated_at": "2025-01-22T10:23:00Z"
    }
  },
  {
    "model": "follows.follow",
    "pk": "37cc8fe9-dade-473f-96fc-8e0ed3733e5f",
    "fields": {
      "collaborator": "14b890e5-9221-4e19-ba7b-99fb6e1c5810",
      "athlete": "8c2b2d14-7d05-4a23-8425-87f2251e35ea",
      "notify_news": true,
      "notify_stats": true,
      "notify_contracts": true,
      "created_at": "2025-01-22T10:24:00Z",
      "updated_at": "2025-01-22T10:24:00Z"
    }
  },
  {
    "model": "follows.follow",
    "pk": "5827e759-ef9f-466e-b8b9-9638dafdd91b",
    "fields": {
      "collaborator": "85f85cf8-04fc-4ece-87db-a46e79697385",
      "athlete": "a162245e-f710-474f-8920-7df0450f7cc0",
      "notify_news": true,
      "notify_stats": false,
      "notify_contracts": true,
      "created_at": "2025-01-22T10:25:00Z",
      "updated_at": "2025-01-22T10:25:00Z"
    }
  },
  {
    "model": "follows.follow",
    "pk": "c6577ea4-814e-4c7b-a979-dd5bb1e524ff",
    "fields": {
      "collaborator": "85f85cf8-04fc-4ece-87db-a46e79697385",
      "athlete": "59339ab1-b3e4-4665-b7de-0532334b4397",
      "notify_news": true,
      "notify_stats": true,
      "notify_contracts": true,
      "created_at": "2025-01-22T10:26:00Z",
      "updated_at": "2025-01-22T10:26:00Z"
    }
  },
  {
    "model": "follows.follow",
    "pk": "ff924e04-92b6-4fda-bcfc-987123101084",
    "fields": {
      "collaborator": "85f85cf8-04fc-4ece-87db-a46e79697385",
      "athlete": "8bba82cc-ce8e-49b5-ad19-647f4ec106f4",
      "notify_news": true,
      "notify_stats": false,
      "notify_contracts": true,
      "created_at": "2025-01-22T10:27:00Z",
      "updated_at": "2025-01-22T10:27:00Z"
    }
  },
  {
    "model": "follows.follow",
    "pk": "d524a840-59ea-4ea8-bdf3-f2d2ca2e8d91",
    "fields": {
      "collaborator": "85f85cf8-04fc-4ece-87db-a46e79697385",
      "athlete": "cab6cb59-a633-4b51-b237-0844d80033ec",
      "notify_news": true,
      "notify_stats": true,
      "notify_contracts": true,
      "created_at": "2025-01-22T10:28:00Z",
      "updated_at": "2025-01-22T10:28:00Z"
    }
  },
  {
    "model": "follows.follow",
    "pk": "8d4fc014-998a-40f8-9e8d-716be38c4e82",
    "fields": {
      "collaborator": "85f85cf8-04fc-4ece-87db-a46e79697385",
      "athlete": "8c2b2d14-7d05-4a23-8425-87f2251e35ea",
      "notify_news": true,
      "notify_stats": false,
      "notify_contracts": true,
      "created_at": "2025-01-22T10:29:00Z",
      "updated_at": "2025-01-22T10:29:00Z"
    }
  },
  {
    "model": "follows.follow",
    "pk": "4b29a91a-04de-4de0-8107-1110af9ae701",
    "fields": {
      "collaborator": "8aa790d0-a17d-4e01-a803-a87b374eb4ba",
      "athlete": "a162245e-f710-474f-8920-7df0450f7cc0",
      "notify_news": true,
      "notify_stats": true,
      "notify_contracts": true,
      "created_at": "2025-01-22T10:30:00Z",
      "updated_at": "2025-01-22T10:30:00Z"
    }
  },
  {
    "model": "follows.follow",
    "pk": "4881e9a2-ae6f-44a3-8012-8806891820ab",
    "fields": {
      "collaborator": "8aa790d0-a17d-4e01-a803-a87b374eb4ba",
      "athlete": "59339ab1-b3e4-4665-b7de-0532334b4397",
      "notify_news": true,
      "notify_stats": false,
      "notify_contracts": true,
      "created_at": "2025-01-22T10:31:00Z",
      "updated_at": "2025-01-22T10:31:00Z"
    }
  },
  {
    "model": "follows.follow",
    "pk": "045d13b9-7c8f-4aae-87ef-0d027a4712ff",
    "fields": {
      "collaborator": "8aa790d0-a17d-4e01-a803-a87b374eb4ba",
      "athlete": "8bba82cc-ce8e-49b5-ad19-647f4ec106f4",
      "notify_news": true,
      "notify_stats": true,
      "notify_contracts": true,
      "created_at": "2025-01-22T10:32:00Z",
      "updated_at": "2025-01-22T10:32:00Z"
    }
  },
  {
    "model": "follows.follow",
    "pk": "04254be8-6ca3-411c-97d7-6d19ea0e00b9",
    "fields": {
      "collaborator": "8aa790d0-a17d-4e01-a803-a87b374eb4ba",
      "athlete": "cab6cb59-a633-4b51-b237-0844d80033ec",
      "notify_news": true,
      "notify_stats": false,
      "notify_contracts": true,
      "created_at": "2025-01-22T10:33:00Z",
      "updated_at": "2025-01-22T10:33:00Z"
    }
  },
  {
    "model": "follows.follow",
    "pk": "478889d7-1dcd-4ab1-baa5-1255eba871c8",
    "fields": {
      "collaborator": "8aa790d0-a17d-4e01-a803-a87b374eb4ba",
      "athlete": "8c2b2d14-7d05-4a23-8425-87f2251e35ea",
      "notify_news": true,
      "notify_stats": true,
      "notify_contracts": true,
      "created_at": "2025-01-22T10:34:00Z",
      "updated_at": "2025-01-22T10:34:00Z"
    }
  },
  {
    "model": "follows.follow",
    "pk": "1416143c-9e63-4376-9f39-08b7eb5c1c4c",
    "fields": {
      "collaborator": "769c47eb-5c9f-4581-aad1-434c65befc6a",
      "athlete": "a162245e-f710-474f-8920-7df0450f7cc0",
      "notify_news": true,
      "notify_stats": false,
      "notify_contracts": true,
      "created_at": "2025-01-22T10:35:00Z",
      "updated_at": "2025-01-22T10:35:00Z"
    }
  },
  {
    "model": "follows.follow",
    "pk": "803d63b7-9bd3-4906-95a4-c19f7f957176",
    "fields": {
      "collaborator": "769c47eb-5c9f-4581-aad1-434c65befc6a",
      "athlete": "59339ab1-b3e4-4665-b7de-0532334b4397",
      "notify_news": true,
      "notify_stats": true,
      "notify_contracts": true,
      "created_at": "2025-01-22T10:36:00Z",
      "updated_at": "2025-01-22T10:36:00Z"
    }
  },
  {
    "model": "follows.follow",
    "pk": "c3174cc5-eeac-47ce-91ee-3e373368b5c1",
    "fields": {
      "collaborator": "769c47eb-5c9f-4581-aad1-434c65befc6a",
      "athlete": "8bba82cc-ce8e-49b5-ad19-647f4ec106f4",
      "notify_news": true,
      "notify_stats": false,
      "notify_contracts": true,
      "created_at": "2025-01-22T10:37:00Z",
      "updated_at": "2025-01-22T10:37:00Z"
    }
  },
  {
    "model": "follows.follow",
    "pk": "5fe7b75a-93b9-4bdb-8fb0-d39a4ee9c7d1",
    "fields": {
      "collaborator": "769c47eb-5c9f-4581-aad1-434c65befc6a",
      "athlete": "cab6cb59-a633-4b51-b237-0844d80033ec",
      "notify_news": true,
      "notify_stats": true,
      "notify_contracts": true,
      "created_at": "2025-01-22T10:38:00Z",
      "updated_at": "2025-01-22T10:38:00Z"
    }
  },
  {
    "model": "follows.follow",
    "pk": "54147f67-9d41-453b-8d05-3c14b195f6d4",
    "fields": {
      "collaborator": "769c47eb-5c9f-4581-aad1-434c65befc6a",
      "athlete": "8c2b2d14-7d05-4a23-8425-87f2251e35ea",
      "notify_news": true,
      "notify_stats": false,
      "notify_contracts": true,
      "created_at": "2025-01-22T10:39:00Z",
      "updated_at": "2025-01-22T10:39:00Z"
    }
  },
  {
    "model": "contracts.clausetemplate",
    "pk": "e6768284-237e-4ba9-8af8-52681a8f061b",
    "fields": {
      "category": "financial",
      "title": "Compensation financière",
      "content": "L'organisation versera {{amount}} EUR à l'athlète en {{installments}} versements.",
      "placeholders": [
        "amount",
        "installments"
      ],
      "is_mandatory": true,
      "version": 1,
      "created_at": "2024-12-26T10:00:00Z",
      "updated_at": "2024-12-26T10:00:00Z"
    }
  },
  {
    "model": "contracts.clausetemplate",
    "pk": "b20b3ee4-cf7b-43f1-8d54-a49646b40f47",
    "fields": {
      "category": "intellectual_property",
      "title": "Droits à l'image",
      "content": "L'athlète cède les droits d'utilisation de son image pour {{campaign_duration}}.",
      "placeholders": [
        "campaign_duration"
      ],
      "is_mandatory": false,
      "version": 1,
      "created_at": "2024-12-26T09:59:00Z",
      "updated_at": "2024-12-26T09:59:00Z"
    }
  },
  {
    "model": "contracts.clausetemplate",
    "pk": "f4c3a5ee-c08f-4c00-ac43-2c7d51142b65",
    "fields": {
      "category": "logistics",
      "title": "Participation événementielle",
      "content": "L'athlète participera à {{event_count}} événements promotionnels par an.",
      "placeholders": [
        "event_count"
      ],
      "is_mandatory": true,
      "version": 1,
      "created_at": "2024-12-26T09:58:00Z",
      "updated_at": "2024-12-26T09:58:00Z"
    }
  },
  {
    "model": "contracts.clausetemplate",
    "pk": "ee3ee11d-55bf-4e85-a0aa-dcab3b63c7b0",
    "fields": {
      "category": "performance",
      "title": "Objectifs de performance",
      "content": "L'athlète s'engage à maintenir un taux d'engagement moyen de {{engagement_target}}%.",
      "placeholders": [
        "engagement_target"
      ],
      "is_mandatory": false,
      "version": 1,
      "created_at": "2024-12-26T09:57:00Z",
      "updated_at": "2024-12-26T09:57:00Z"
    }
  },
  {
    "model": "contracts.contract",
    "pk": "4399460c-7976-4de2-b1ce-e4077183c428",
    "fields": {
      "organisation": "e763c050-e3c1-40ed-8be5-9744f7b7859a",
      "agent": "f6366d6a-73f5-4dd7-b20b-d7ef9f5abd1d",
      "initiated_by": "f13839b8-3429-4114-8ab3-aeb446090883",
      "status": "draft",
      "title": "Activation printemps 2025",
      "effective_date": null,
      "expiration_date": null,
      "owner_agreed_at": null,
      "agent_agreed_at": null,
      "current_version_number": 1,
      "created_at": "2025-01-15T10:00:00Z",
      "updated_at": "2025-01-15T11:00:00Z"
    }
  },
  {
    "model": "contracts.contractversion",
    "pk": "f4f3476f-77e7-4c93-b9ab-2e39501661a7",
    "fields": {
      "contract": "4399460c-7976-4de2-b1ce-e4077183c428",
      "number": 1,
      "created_by": "c3e1af59-6727-4bb7-9461-2b2d9be0c809",
      "source_revision": null,
      "notes": "Version initiale générée automatiquement.",
      "created_at": "2025-01-15T10:30:00Z",
      "updated_at": "2025-01-15T10:30:00Z"
    }
  },
  {
    "model": "contracts.contractclause",
    "pk": "d5427932-42b9-48a4-959d-14fb9b3dca40",
    "fields": {
      "contract": "4399460c-7976-4de2-b1ce-e4077183c428",
      "template": "e6768284-237e-4ba9-8af8-52681a8f061b",
      "title": "Compensation financière",
      "content": "L'organisation versera amount EUR à l'athlète en installments versements.",
      "is_mandatory": true,
      "is_modified": false,
      "created_at": "2025-01-15T10:45:00Z",
      "updated_at": "2025-01-15T10:45:00Z"
    }
  },
  {
    "model": "contracts.contractclause",
    "pk": "6489330e-d0d5-4527-9d02-cfcde50cb65b",
    "fields": {
      "contract": "4399460c-7976-4de2-b1ce-e4077183c428",
      "template": "b20b3ee4-cf7b-43f1-8d54-a49646b40f47",
      "title": "Droits à l'image",
      "content": "L'athlète cède les droits d'utilisation de son image pour campaign_duration.",
      "is_mandatory": false,
      "is_modified": false,
      "created_at": "2025-01-15T10:46:00Z",
      "updated_at": "2025-01-15T10:46:00Z"
    }
  },
  {
    "model": "contracts.contractclause",
    "pk": "8c2bf8fa-8960-4cb2-ba9d-d15042d16506",
    "fields": {
      "contract": "4399460c-7976-4de2-b1ce-e4077183c428",
      "template": "f4c3a5ee-c08f-4c00-ac43-2c7d51142b65",
      "title": "Participation événementielle",
      "content": "L'athlète participera à event_count événements promotionnels par an.",
      "is_mandatory": true,
      "is_modified": true,
      "created_at": "2025-01-15T10:47:00Z",
      "updated_at": "2025-01-15T10:47:00Z"
    }
  },
  {
    "model": "contracts.contract",
    "pk": "71ea1af1-5958-47ea-b987-cdcb21856ea7",
    "fields": {
      "organisation": "a339c7e0-2749-453b-a76e-01476598bfcb",
      "agent": "cdab64f3-f713-47d4-95c2-6efd198dfa89",
      "initiated_by": "dc990043-1ee5-48af-84b8-12d8a1741892",
      "status": "negotiation",
      "title": "Tournée estivale Europe",
      "effective_date": null,
      "expiration_date": null,
      "owner_agreed_at": null,
      "agent_agreed_at": null,
      "current_version_number": 1,
      "created_at": "2025-01-17T10:00:00Z",
      "updated_at": "2025-01-17T11:00:00Z"
    }
  },
  {
    "model": "contracts.contractversion",
    "pk": "fd5e472f-50c8-4a14-b0cc-3eda033b54e2",
    "fields": {
      "contract": "71ea1af1-5958-47ea-b987-cdcb21856ea7",
      "number": 1,
      "created_by": "9692094b-78c5-4c66-b2eb-c24878a9651b",
      "source_revision": null,
      "notes": "Version initiale générée automatiquement.",
      "created_at": "2025-01-17T10:30:00Z",
      "updated_at": "2025-01-17T10:30:00Z"
    }
  },
  {
    "model": "contracts.contractclause",
    "pk": "e6bf71f6-9982-4529-897b-087f3619f67d",
    "fields": {
      "contract": "71ea1af1-5958-47ea-b987-cdcb21856ea7",
      "template": "e6768284-237e-4ba9-8af8-52681a8f061b",
      "title": "Compensation financière",
      "content": "L'organisation versera amount EUR à l'athlète en installments versements.",
      "is_mandatory": true,
      "is_modified": false,
      "created_at": "2025-01-17T10:45:00Z",
      "updated_at": "2025-01-17T10:45:00Z"
    }
  },
  {
    "model": "contracts.contractclause",
    "pk": "9c65e5af-9e5c-4a28-9628-3dcaa8a4caa8",
    "fields": {
      "contract": "71ea1af1-5958-47ea-b987-cdcb21856ea7",
      "template": "b20b3ee4-cf7b-43f1-8d54-a49646b40f47",
      "title": "Droits à l'image",
      "content": "L'athlète cède les droits d'utilisation de son image pour campaign_duration.",
      "is_mandatory": false,
      "is_modified": false,
      "created_at": "2025-01-17T10:46:00Z",
      "updated_at": "2025-01-17T10:46:00Z"
    }
  },
  {
    "model": "contracts.contractclause",
    "pk": "a6571d40-25c6-484b-8aab-979acbcbe91a",
    "fields": {
      "contract": "71ea1af1-5958-47ea-b987-cdcb21856ea7",
      "template": "f4c3a5ee-c08f-4c00-ac43-2c7d51142b65",
      "title": "Participation événementielle",
      "content": "L'athlète participera à event_count événements promotionnels par an.",
      "is_mandatory": true,
      "is_modified": true,
      "created_at": "2025-01-17T10:47:00Z",
      "updated_at": "2025-01-17T10:47:00Z"
    }
  },
  {
    "model": "contracts.contractrevision",
    "pk": "ad77fab9-9af2-4bda-bf29-c3b0cb83ee12",
    "fields": {
      "contract": "71ea1af1-5958-47ea-b987-cdcb21856ea7",
      "proposed_by": "dcfa98e1-d867-4a7c-9ef4-078d957f5be4",
      "comment": "Proposition d'ajuster le périmètre des contenus.",
      "accepted": null,
      "created_at": "2025-01-17T13:00:00Z",
      "updated_at": "2025-01-17T13:00:00Z"
    }
  },
  {
    "model": "contracts.contract",
    "pk": "22cc8bd4-2744-4462-baef-a0f4c98d8268",
    "fields": {
      "organisation": "f98b0296-c108-4e36-9945-2a496fbdf3aa",
      "agent": "405ce429-7d98-41ec-839b-2d24c4dfdfbe",
      "initiated_by": "14b890e5-9221-4e19-ba7b-99fb6e1c5810",
      "status": "legal_review",
      "title": "Campagne digitale Q3",
      "effective_date": null,
      "expiration_date": null,
      "owner_agreed_at": "2025-01-17T10:00:00Z",
      "agent_agreed_at": null,
      "current_version_number": 1,
      "created_at": "2025-01-19T10:00:00Z",
      "updated_at": "2025-01-19T11:00:00Z"
    }
  },
  {
    "model": "contracts.contractversion",
    "pk": "7fc248d6-060d-49c2-bd66-df34f34f28af",
    "fields": {
      "contract": "22cc8bd4-2744-4462-baef-a0f4c98d8268",
      "number": 1,
      "created_by": "2e3cce1f-011c-4599-9b17-5b06bd263a95",
      "source_revision": null,
      "notes": "Version initiale générée automatiquement.",
      "created_at": "2025-01-19T10:30:00Z",
      "updated_at": "2025-01-19T10:30:00Z"
    }
  },
  {
    "model": "contracts.contractclause",
    "pk": "a3eaffe4-c687-4d7f-807c-3dc2530272c8",
    "fields": {
      "contract": "22cc8bd4-2744-4462-baef-a0f4c98d8268",
      "template": "e6768284-237e-4ba9-8af8-52681a8f061b",
      "title": "Compensation financière",
      "content": "L'organisation versera amount EUR à l'athlète en installments versements.",
      "is_mandatory": true,
      "is_modified": false,
      "created_at": "2025-01-19T10:45:00Z",
      "updated_at": "2025-01-19T10:45:00Z"
    }
  },
  {
    "model": "contracts.contractclause",
    "pk": "eb039e55-6016-4c2c-879e-e09da1b1fef2",
    "fields": {
      "contract": "22cc8bd4-2744-4462-baef-a0f4c98d8268",
      "template": "b20b3ee4-cf7b-43f1-8d54-a49646b40f47",
      "title": "Droits à l'image",
      "content": "L'athlète cède les droits d'utilisation de son image pour campaign_duration.",
      "is_mandatory": false,
      "is_modified": false,
      "created_at": "2025-01-19T10:46:00Z",
      "updated_at": "2025-01-19T10:46:00Z"
    }
  },
  {
    "model": "contracts.contractclause",
    "pk": "4da5142a-a4e9-4961-9351-67b0b3fca31e",
    "fields": {
      "contract": "22cc8bd4-2744-4462-baef-a0f4c98d8268",
      "template": "f4c3a5ee-c08f-4c00-ac43-2c7d51142b65",
      "title": "Participation événementielle",
      "content": "L'athlète participera à event_count événements promotionnels par an.",
      "is_mandatory": true,
      "is_modified": true,
      "created_at": "2025-01-19T10:47:00Z",
      "updated_at": "2025-01-19T10:47:00Z"
    }
  },
  {
    "model": "contracts.contractrevision",
    "pk": "f2293654-7525-43b8-ae37-c17efd5b977e",
    "fields": {
      "contract": "22cc8bd4-2744-4462-baef-a0f4c98d8268",
      "proposed_by": "322c216a-a96c-49c9-b74d-01b5f9656617",
      "comment": "Proposition d'ajuster le périmètre des contenus.",
      "accepted": null,
      "created_at": "2025-01-19T13:00:00Z",
      "updated_at": "2025-01-19T13:00:00Z"
    }
  },
  {
    "model": "contracts.contract",
    "pk": "d314ac60-a91c-4233-84cc-f28340a8ea8b",
    "fields": {
      "organisation": "cc4c566c-9b1e-421f-becc-63680e6f6059",
      "agent": "bc0dc50c-2ff0-4135-ab16-f45588ed6a74",
      "initiated_by": "8386b318-6d08-43e6-ab7e-bacc8115112d",
      "status": "signing",
      "title": "Programme fidélité premium",
      "effective_date": "2025-03-01",
      "expiration_date": "2026-02-28",
      "owner_agreed_at": "2025-01-18T10:00:00Z",
      "agent_agreed_at": "2025-01-18T12:00:00Z",
      "current_version_number": 1,
      "created_at": "2025-01-21T10:00:00Z",
      "updated_at": "2025-01-21T11:00:00Z"
    }
  },
  {
    "model": "contracts.contractversion",
    "pk": "e1afd33b-2c71-47cf-9939-3501fb2ae107",
    "fields": {
      "contract": "d314ac60-a91c-4233-84cc-f28340a8ea8b",
      "number": 1,
      "created_by": "6aa5aaa4-9df8-45cc-b1b7-aae81c438160",
      "source_revision": null,
      "notes": "Version initiale générée automatiquement.",
      "created_at": "2025-01-21T10:30:00Z",
      "updated_at": "2025-01-21T10:30:00Z"
    }
  },
  {
    "model": "contracts.contractclause",
    "pk": "87f73894-8ff8-4176-8ad3-b8db38795b62",
    "fields": {
      "contract": "d314ac60-a91c-4233-84cc-f28340a8ea8b",
      "template": "e6768284-237e-4ba9-8af8-52681a8f061b",
      "title": "Compensation financière",
      "content": "L'organisation versera amount EUR à l'athlète en installments versements.",
      "is_mandatory": true,
      "is_modified": false,
      "created_at": "2025-01-21T10:45:00Z",
      "updated_at": "2025-01-21T10:45:00Z"
    }
  },
  {
    "model": "contracts.contractclause",
    "pk": "5f1d575c-2f26-4834-a77e-403c97596743",
    "fields": {
      "contract": "d314ac60-a91c-4233-84cc-f28340a8ea8b",
      "template": "b20b3ee4-cf7b-43f1-8d54-a49646b40f47",
      "title": "Droits à l'image",
      "content": "L'athlète cède les droits d'utilisation de son image pour campaign_duration.",
      "is_mandatory": false,
      "is_modified": false,
      "created_at": "2025-01-21T10:46:00Z",
      "updated_at": "2025-01-21T10:46:00Z"
    }
  },
  {
    "model": "contracts.contractclause",
    "pk": "a268bfce-8c90-4a78-a953-fbb86d74dd39",
    "fields": {
      "contract": "d314ac60-a91c-4233-84cc-f28340a8ea8b",
      "template": "f4c3a5ee-c08f-4c00-ac43-2c7d51142b65",
      "title": "Participation événementielle",
      "content": "L'athlète participera à event_count événements promotionnels par an.",
      "is_mandatory": true,
      "is_modified": true,
      "created_at": "2025-01-21T10:47:00Z",
      "updated_at": "2025-01-21T10:47:00Z"
    }
  },
  {
    "model": "contracts.contract",
    "pk": "45229bc1-fbf3-484c-9aa4-fccd4fa75a13",
    "fields": {
      "organisation": "e763c050-e3c1-40ed-8be5-9744f7b7859a",
      "agent": "dfa72237-b4b4-45a4-892a-d1504f4a1dda",
      "initiated_by": "8043fbe1-75ec-4e35-b4e7-a9bf960f591e",
      "status": "active",
      "title": "Série web immersive",
      "effective_date": "2025-03-01",
      "expiration_date": "2026-02-28",
      "owner_agreed_at": "2025-01-19T10:00:00Z",
      "agent_agreed_at": "2025-01-19T12:00:00Z",
      "current_version_number": 1,
      "created_at": "2025-01-23T10:00:00Z",
      "updated_at": "2025-01-23T11:00:00Z"
    }
  },
  {
    "model": "contracts.contractversion",
    "pk": "17a09b20-4aee-4bec-9e12-fcc18ffb093b",
    "fields": {
      "contract": "45229bc1-fbf3-484c-9aa4-fccd4fa75a13",
      "number": 1,
      "created_by": "de958bb5-be63-4ef3-be2f-61a4eda53f81",
      "source_revision": null,
      "notes": "Version initiale générée automatiquement.",
      "created_at": "2025-01-23T10:30:00Z",
      "updated_at": "2025-01-23T10:30:00Z"
    }
  },
  {
    "model": "contracts.contractclause",
    "pk": "ba46f889-bb32-4be5-bd3c-1c5d19da3068",
    "fields": {
      "contract": "45229bc1-fbf3-484c-9aa4-fccd4fa75a13",
      "template": "e6768284-237e-4ba9-8af8-52681a8f061b",
      "title": "Compensation financière",
      "content": "L'organisation versera amount EUR à l'athlète en installments versements.",
      "is_mandatory": true,
      "is_modified": false,
      "created_at": "2025-01-23T10:45:00Z",
      "updated_at": "2025-01-23T10:45:00Z"
    }
  },
  {
    "model": "contracts.contractclause",
    "pk": "0a72dcdf-e2e9-457a-b57d-979f210ea081",
    "fields": {
      "contract": "45229bc1-fbf3-484c-9aa4-fccd4fa75a13",
      "template": "b20b3ee4-cf7b-43f1-8d54-a49646b40f47",
      "title": "Droits à l'image",
      "content": "L'athlète cède les droits d'utilisation de son image pour campaign_duration.",
      "is_mandatory": false,
      "is_modified": false,
      "created_at": "2025-01-23T10:46:00Z",
      "updated_at": "2025-01-23T10:46:00Z"
    }
  },
  {
    "model": "contracts.contractclause",
    "pk": "07d99688-7a11-4949-b032-21353e4b4047",
    "fields": {
      "contract": "45229bc1-fbf3-484c-9aa4-fccd4fa75a13",
      "template": "f4c3a5ee-c08f-4c00-ac43-2c7d51142b65",
      "title": "Participation événementielle",
      "content": "L'athlète participera à event_count événements promotionnels par an.",
      "is_mandatory": true,
      "is_modified": true,
      "created_at": "2025-01-23T10:47:00Z",
      "updated_at": "2025-01-23T10:47:00Z"
    }
  },
  {
    "model": "contracts.contractcomment",
    "pk": "e1828173-859f-4e52-849a-3852d43134dd",
    "fields": {
      "contract": "4399460c-7976-4de2-b1ce-e4077183c428",
      "version": "f4f3476f-77e7-4c93-b9ab-2e39501661a7",
      "clause": "d5427932-42b9-48a4-959d-14fb9b3dca40",
      "author": "c3e1af59-6727-4bb7-9461-2b2d9be0c809",
      "body": "Annotation interne pour préciser les conditions.",
      "created_at": "2025-01-15T14:00:00Z",
      "updated_at": "2025-01-15T14:00:00Z"
    }
  },
  {
    "model": "contracts.contractcomment",
    "pk": "174285f1-07f6-4a6f-b0eb-988c0383cf42",
    "fields": {
      "contract": "71ea1af1-5958-47ea-b987-cdcb21856ea7",
      "version": "fd5e472f-50c8-4a14-b0cc-3eda033b54e2",
      "clause": "e6bf71f6-9982-4529-897b-087f3619f67d",
      "author": "9692094b-78c5-4c66-b2eb-c24878a9651b",
      "body": "Annotation interne pour préciser les conditions.",
      "created_at": "2025-01-17T14:00:00Z",
      "updated_at": "2025-01-17T14:00:00Z"
    }
  },
  {
    "model": "contracts.contractcomment",
    "pk": "99998080-9bdf-4d8c-94f0-256a9ce947fc",
    "fields": {
      "contract": "22cc8bd4-2744-4462-baef-a0f4c98d8268",
      "version": "7fc248d6-060d-49c2-bd66-df34f34f28af",
      "clause": "a3eaffe4-c687-4d7f-807c-3dc2530272c8",
      "author": "2e3cce1f-011c-4599-9b17-5b06bd263a95",
      "body": "Annotation interne pour préciser les conditions.",
      "created_at": "2025-01-19T14:00:00Z",
      "updated_at": "2025-01-19T14:00:00Z"
    }
  },
  {
    "model": "contracts.contractcomment",
    "pk": "18138029-2bf7-4a29-a684-0bb40798f230",
    "fields": {
      "contract": "d314ac60-a91c-4233-84cc-f28340a8ea8b",
      "version": "e1afd33b-2c71-47cf-9939-3501fb2ae107",
      "clause": "87f73894-8ff8-4176-8ad3-b8db38795b62",
      "author": "6aa5aaa4-9df8-45cc-b1b7-aae81c438160",
      "body": "Annotation interne pour préciser les conditions.",
      "created_at": "2025-01-21T14:00:00Z",
      "updated_at": "2025-01-21T14:00:00Z"
    }
  },
  {
    "model": "contracts.contractcomment",
    "pk": "ea730a32-b92b-4316-ba63-0c705d05bf1a",
    "fields": {
      "contract": "45229bc1-fbf3-484c-9aa4-fccd4fa75a13",
      "version": "17a09b20-4aee-4bec-9e12-fcc18ffb093b",
      "clause": "ba46f889-bb32-4be5-bd3c-1c5d19da3068",
      "author": "de958bb5-be63-4ef3-be2f-61a4eda53f81",
      "body": "Annotation interne pour préciser les conditions.",
      "created_at": "2025-01-23T14:00:00Z",
      "updated_at": "2025-01-23T14:00:00Z"
    }
  }
]