[
  {
    "model": "athletes.sport",
    "pk": "cadfecda-b5cb-40e9-8b69-be4c2d0bbc9c",
    "fields": {
      "name": "Athletics",
      "slug": "athletics",
      "emoji": "🏃",
      "category": "INDIVIDUAL",
      "created_at": "2025-01-15T10:10:00Z",
      "updated_at": "2025-01-15T10:10:00Z"
    }
  },
  {
    "model": "athletes.sportdiscipline",
    "pk": "42665846-b0c6-40e6-b669-8c0ee1adea15",
    "fields": {
      "sport": "cadfecda-b5cb-40e9-8b69-be4c2d0bbc9c",
      "name": "100m Sprint",
      "slug": "100m-sprint",
      "description": "High intensity sprint over 100 meters.",
      "is_olympic": true,
      "created_at": "2025-01-15T10:10:00Z",
      "updated_at": "2025-01-15T10:10:00Z"
    }
  },
  {
    "model": "athletes.sportdiscipline",
    "pk": "82bc72ff-bdd0-4550-b87a-f40282bd8f5f",
    "fields": {
      "sport": "cadfecda-b5cb-40e9-8b69-be4c2d0bbc9c",
      "name": "Marathon",
      "slug": "marathon",
      "description": "Long distance road running event.",
      "is_olympic": true,
      "created_at": "2025-01-15T10:10:30Z",
      "updated_at": "2025-01-15T10:10:30Z"
    }
  },
  {
    "model": "athletes.sportdiscipline",
    "pk": "511497bd-5a64-4ec3-a143-f9f4fef7c47c",
    "fields": {
      "sport": "cadfecda-b5cb-40e9-8b69-be4c2d0bbc9c",
      "name": "Long Jump",
      "slug": "long-jump",
      "description": "Field event measuring horizontal distance.",
      "is_olympic": true,
      "created_at": "2025-01-15T10:11:00Z",
      "updated_at": "2025-01-15T10:11:00Z"
    }
  },
  {
    "model": "athletes.sport",
    "pk": "883696a4-2fa7-45fc-9e76-e731631e16d3",
    "fields": {
      "name": "Football",
      "slug": "football",
      "emoji": "⚽",
      "category": "TEAM",
      "created_at": "2025-01-15T10:11:00Z",
      "updated_at": "2025-01-15T10:11:00Z"
    }
  },
  {
    "model": "athletes.sportdiscipline",
    "pk": "09d6a93c-de89-4d91-b48a-257da9adf9ca",
    "fields": {
      "sport": "883696a4-2fa7-45fc-9e76-e731631e16d3",
      "name": "Ligue 1",
      "slug": "ligue-1",
      "description": "Top French professional league.",
      "is_olympic": false,
      "created_at": "2025-01-15T10:11:00Z",
      "updated_at": "2025-01-15T10:11:00Z"
    }
  },
  {
    "model": "athletes.sportdiscipline",
    "pk": "f9ad995f-6226-4b42-bd6d-e0715a0b995c",
    "fields": {
      "sport": "883696a4-2fa7-45fc-9e76-e731631e16d3",
      "name": "UEFA Champions League",
      "slug": "uefa-champions-league",
      "description": "Elite European club competition.",
      "is_olympic": false,
      "created_at": "2025-01-15T10:11:30Z",
      "updated_at": "2025-01-15T10:11:30Z"
    }
  },
  {
    "model": "athletes.sportdiscipline",
    "pk": "b5728d82-5b93-48cc-99d1-4f1c18997ac2",
    "fields": {
      "sport": "883696a4-2fa7-45fc-9e76-e731631e16d3",
      "name": "FIFA World Cup",
      "slug": "fifa-world-cup",
      "description": "Global national team tournament.",
      "is_olympic": true,
      "created_at": "2025-01-15T10:12:00Z",
      "updated_at": "2025-01-15T10:12:00Z"
    }
  },
  {
    "model": "athletes.sport",
    "pk": "f95507d4-e27a-4424-b808-1993c1f79bac",
    "fields": {
      "name": "Basketball",
      "slug": "basketball",
      "emoji": "🏀",
      "category": "TEAM",
      "created_at": "2025-01-15T10:12:00Z",
      "updated_at": "2025-01-15T10:12:00Z"
    }
  },
  {
    "model": "athletes.sportdiscipline",
    "pk": "11b50184-1525-44c9-a614-fde509bfef7b",
    "fields": {
      "sport": "f95507d4-e27a-4424-b808-1993c1f79bac",
      "name": "EuroLeague",
      "slug": "euroleague",
      "description": "Premier European club competition.",
      "is_olympic": false,
      "created_at": "2025-01-15T10:12:00Z",
      "updated_at": "2025-01-15T10:12:00Z"
    }
  },
  {
    "model": "athletes.sportdiscipline",
    "pk": "69222b8c-3b4f-445d-b6d2-2d471740bae4",
    "fields": {
      "sport": "f95507d4-e27a-4424-b808-1993c1f79bac",
      "name": "NBA",
      "slug": "nba",
      "description": "North American professional league.",
      "is_olympic": false,
      "created_at": "2025-01-15T10:12:30Z",
      "updated_at": "2025-01-15T10:12:30Z"
    }
  },
  {
    "model": "athletes.sportdiscipline",
    "pk": "c7c54aa1-e08e-402c-8004-598b5e4ff84e",
    "fields": {
      "sport": "f95507d4-e27a-4424-b808-1993c1f79bac",
      "name": "FIBA World Cup",
      "slug": "fiba-world-cup",
      "description": "International national team competition.",
      "is_olympic": true,
      "created_at": "2025-01-15T10:13:00Z",
      "updated_at": "2025-01-15T10:13:00Z"
    }
  },
  {
    "model": "athletes.sport",
    "pk": "3deea7dd-737e-4f42-a1d9-3c898b73622f",
    "fields": {
      "name": "Swimming",
      "slug": "swimming",
      "emoji": "🏊",
      "category": "INDIVIDUAL",
      "created_at": "2025-01-15T10:13:00Z",
      "updated_at": "2025-01-15T10:13:00Z"
    }
  },
  {
    "model": "athletes.sportdiscipline",
    "pk": "d15accc2-3383-45d8-a3e3-51cd7c173d29",
    "fields": {
      "sport": "3deea7dd-737e-4f42-a1d9-3c898b73622f",
      "name": "100m Freestyle",
      "slug": "100m-freestyle",
      "description": "Sprint freestyle event.",
      "is_olympic": true,
      "created_at": "2025-01-15T10:13:00Z",
      "updated_at": "2025-01-15T10:13:00Z"
    }
  },
  {
    "model": "athletes.sportdiscipline",
    "pk": "aefe9ea1-4caa-4c8a-9f47-e646b2cf7901",
    "fields": {
      "sport": "3deea7dd-737e-4f42-a1d9-3c898b73622f",
      "name": "200m Butterfly",
      "slug": "200m-butterfly",
      "description": "Challenging butterfly distance.",
      "is_olympic": true,
      "created_at": "2025-01-15T10:13:30Z",
      "updated_at": "2025-01-15T10:13:30Z"
    }
  },
  {
    "model": "athletes.sportdiscipline",
    "pk": "ee4f1b10-f3d7-4972-893e-93408aaa474d",
    "fields": {
      "sport": "3deea7dd-737e-4f42-a1d9-3c898b73622f",
      "name": "Open Water 10km",
      "slug": "open-water-10km",
      "description": "Endurance race in open water.",
      "is_olympic": true,
      "created_at": "2025-01-15T10:14:00Z",
      "updated_at": "2025-01-15T10:14:00Z"
    }
  },
  {
    "model": "athletes.sport",
    "pk": "ef368f12-e7d0-4742-b19f-8d7bb23ff9ae",
    "fields": {
      "name": "Cycling",
      "slug": "cycling",
      "emoji": "🚴",
      "category": "MIXED",
      "created_at": "2025-01-15T10:14:00Z",
      "updated_at": "2025-01-15T10:14:00Z"
    }
  },
  {
    "model": "athletes.sportdiscipline",
    "pk": "d10168db-7131-4ba6-bf7b-7efa7ff0f866",
    "fields": {
      "sport": "ef368f12-e7d0-4742-b19f-8d7bb23ff9ae",
      "name": "Tour de France",
      "slug": "tour-de-france",
      "description": "Grand Tour stage race.",
      "is_olympic": true,
      "created_at": "2025-01-15T10:14:00Z",
      "updated_at": "2025-01-15T10:14:00Z"
    }
  },
  {
    "model": "athletes.sportdiscipline",
    "pk": "42aba686-d0e7-43dd-9396-b92f4a1c0056",
    "fields": {
      "sport": "ef368f12-e7d0-4742-b19f-8d7bb23ff9ae",
      "name": "Track Sprint",
      "slug": "track-sprint",
      "description": "Velodrome sprint event.",
      "is_olympic": true,
      "created_at": "2025-01-15T10:14:30Z",
      "updated_at": "2025-01-15T10:14:30Z"
    }
  },
  {
    "model": "athletes.sportdiscipline",
    "pk": "07f73ac4-5e1b-4758-b844-543f77953945",
    "fields": {
      "sport": "ef368f12-e7d0-4742-b19f-8d7bb23ff9ae",
      "name": "Mountain Biking XCO",
      "slug": "mountain-biking-xco",
      "description": "Cross-country Olympic format.",
      "is_olympic": true,
      "created_at": "2025-01-15T10:15:00Z",
      "updated_at": "2025-01-15T10:15:00Z"
    }
  },
  {
    "model": "athletes.sport",
    "pk": "5b221662-722c-4052-b14a-9ee795dacfdc",
    "fields": {
      "name": "Tennis",
      "slug": "tennis",
      "emoji": "🎾",
      "category": "INDIVIDUAL",
      "created_at": "2025-01-15T10:15:00Z",
      "updated_at": "2025-01-15T10:15:00Z"
    }
  },
  {
    "model": "athletes.sportdiscipline",
    "pk": "10ce91e8-4959-4fab-a0a1-690ca1cf387f",
    "fields": {
      "sport": "5b221662-722c-4052-b14a-9ee795dacfdc",
      "name": "Roland-Garros",
      "slug": "roland-garros",
      "description": "Clay Grand Slam tournament.",
      "is_olympic": false,
      "created_at": "2025-01-15T10:15:00Z",
      "updated_at": "2025-01-15T10:15:00Z"
    }
  },
  {
    "model": "athletes.sportdiscipline",
    "pk": "ecb69108-f9ff-4e35-96b7-cc95301586fb",
    "fields": {
      "sport": "5b221662-722c-4052-b14a-9ee795dacfdc",
      "name": "Wimbledon",
      "slug": "wimbledon",
      "description": "Grass Grand Slam tournament.",
      "is_olympic": false,
      "created_at": "2025-01-15T10:15:30Z",
      "updated_at": "2025-01-15T10:15:30Z"
    }
  },
  {
    "model": "athletes.sportdiscipline",
    "pk": "27cf6e33-6cfe-4391-8519-61e8912ee76e",
    "fields": {
      "sport": "5b221662-722c-4052-b14a-9ee795dacfdc",
      "name": "ATP Finals",
      "slug": "atp-finals",
      "description": "Season-ending championship.",
      "is_olympic": false,
      "created_at": "2025-01-15T10:16:00Z",
      "updated_at": "2025-01-15T10:16:00Z"
    }
  },
  {
    "model": "athletes.sport",
    "pk": "3a011508-cde4-4bbe-bedc-731b166f3a6f",
    "fields": {
      "name": "Gymnastics",
      "slug": "gymnastics",
      "emoji": "🤸",
      "category": "INDIVIDUAL",
      "created_at": "2025-01-15T10:16:00Z",
      "updated_at": "2025-01-15T10:16:00Z"
    }
  },
  {
    "model": "athletes.sportdiscipline",
    "pk": "f6c9201c-e8c7-4369-9938-ab3c6918955d",
    "fields": {
      "sport": "3a011508-cde4-4bbe-bedc-731b166f3a6f",
      "name": "Artistic All-Around",
      "slug": "artistic-all-around",
      "description": "Combined apparatus competition.",
      "is_olympic": true,
      "created_at": "2025-01-15T10:16:00Z",
      "updated_at": "2025-01-15T10:16:00Z"
    }
  },
  {
    "model": "athletes.sportdiscipline",
    "pk": "7f27dc13-859e-42d9-ba37-a83e77f8370d",
    "fields": {
      "sport": "3a011508-cde4-4bbe-bedc-731b166f3a6f",
      "name": "Rhythmic Ribbon",
      "slug": "rhythmic-ribbon",
      "description": "Graceful ribbon routine.",
      "is_olympic": true,
      "created_at": "2025-01-15T10:16:30Z",
      "updated_at": "2025-01-15T10:16:30Z"
    }
  },
  {
    "model": "athletes.sportdiscipline",
    "pk": "29577338-6e48-4684-b7ae-57013ecec9f5",
    "fields": {
      "sport": "3a011508-cde4-4bbe-bedc-731b166f3a6f",
      "name": "Trampoline",
      "slug": "trampoline",
      "description": "Acrobatic trampoline event.",
      "is_olympic": true,
      "created_at": "2025-01-15T10:17:00Z",
      "updated_at": "2025-01-15T10:17:00Z"
    }
  },
  {
    "model": "athletes.sport",
    "pk": "0e4d1af4-58c5-417e-a8b6-0a358eea3945",
    "fields": {
      "name": "Rugby",
      "slug": "rugby",
      "emoji": "🏉",
      "category": "TEAM",
      "created_at": "2025-01-15T10:17:00Z",
      "updated_at": "2025-01-15T10:17:00Z"
    }
  },
  {
    "model": "athletes.sportdiscipline",
    "pk": "5b9f1ece-0184-4aa4-80cd-f19e2561030c",
    "fields": {
      "sport": "0e4d1af4-58c5-417e-a8b6-0a358eea3945",
      "name": "Top 14",
      "slug": "top-14",
      "description": "French professional rugby league.",
      "is_olympic": false,
      "created_at": "2025-01-15T10:17:00Z",
      "updated_at": "2025-01-15T10:17:00Z"
    }
  },
  {
    "model": "athletes.sportdiscipline",
    "pk": "f20559f6-a7de-410e-9ad2-47e373980626",
    "fields": {
      "sport": "0e4d1af4-58c5-417e-a8b6-0a358eea3945",
      "name": "Six Nations",
      "slug": "six-nations",
      "description": "Annual European championship.",
      "is_olympic": false,
      "created_at": "2025-01-15T10:17:30Z",
      "updated_at": "2025-01-15T10:17:30Z"
    }
  },
  {
    "model": "athletes.sportdiscipline",
    "pk": "6ea72770-c90c-46bb-bd14-38812feb42c3",
    "fields": {
      "sport": "0e4d1af4-58c5-417e-a8b6-0a358eea3945",
      "name": "Rugby World Cup",
      "slug": "rugby-world-cup",
      "description": "Global rugby union tournament.",
      "is_olympic": true,
      "created_at": "2025-01-15T10:18:00Z",
      "updated_at": "2025-01-15T10:18:00Z"
    }
  },
  {
    "model": "athletes.sport",
    "pk": "2c41a7f6-11dc-408e-bffd-da10ad915d7b",
    "fields": {
      "name": "Esports",
      "slug": "esports",
      "emoji": "🎮",
      "category": "MIXED",
      "created_at": "2025-01-15T10:18:00Z",
      "updated_at": "2025-01-15T10:18:00Z"
    }
  },
  {
    "model": "athletes.sportdiscipline",
    "pk": "4055fdd1-e8af-4c4d-ad49-36d60d4b8d8c",
    "fields": {
      "sport": "2c41a7f6-11dc-408e-bffd-da10ad915d7b",
      "name": "League of Legends",
      "slug": "league-of-legends",
      "description": "International MOBA circuit.",
      "is_olympic": false,
      "created_at": "2025-01-15T10:18:00Z",
      "updated_at": "2025-01-15T10:18:00Z"
    }
  },
  {
    "model": "athletes.sportdiscipline",
    "pk": "8ae829c9-014a-4423-85de-b2381a74215c",
    "fields": {
      "sport": "2c41a7f6-11dc-408e-bffd-da10ad915d7b",
      "name": "Valorant Champions",
      "slug": "valorant-champions",
      "description": "Global FPS circuit.",
      "is_olympic": false,
      "created_at": "2025-01-15T10:18:30Z",
      "updated_at": "2025-01-15T10:18:30Z"
    }
  },
  {
    "model": "athletes.sportdiscipline",
    "pk": "d867feae-d15a-438e-a55c-2a6d58587f57",
    "fields": {
      "sport": "2c41a7f6-11dc-408e-bffd-da10ad915d7b",
      "name": "Rocket League Major",
      "slug": "rocket-league-major",
      "description": "Hybrid motorsports esports event.",
      "is_olympic": false,
      "created_at": "2025-01-15T10:19:00Z",
      "updated_at": "2025-01-15T10:19:00Z"
    }
  },
  {
    "model": "athletes.sport",
    "pk": "bbac9c1a-1f87-41bc-859f-a35f1368cff1",
    "fields": {
      "name": "Surfing",
      "slug": "surfing",
      "emoji": "🏄",
      "category": "INDIVIDUAL",
      "created_at": "2025-01-15T10:19:00Z",
      "updated_at": "2025-01-15T10:19:00Z"
    }
  },
  {
    "model": "athletes.sportdiscipline",
    "pk": "8fb35128-1b2b-44a1-a65b-8b633c06d482",
    "fields": {
      "sport": "bbac9c1a-1f87-41bc-859f-a35f1368cff1",
      "name": "WSL Championship Tour",
      "slug": "wsl-championship-tour",
      "description": "Elite professional tour.",
      "is_olympic": false,
      "created_at": "2025-01-15T10:19:00Z",
      "updated_at": "2025-01-15T10:19:00Z"
    }
  },
  {
    "model": "athletes.sportdiscipline",
    "pk": "53f4a72e-9b62-4ea0-aa42-86b7a9ccc8a7",
    "fields": {
      "sport": "bbac9c1a-1f87-41bc-859f-a35f1368cff1",
      "name": "Big Wave Invitational",
      "slug": "big-wave-invitational",
      "description": "Invite-only big wave event.",
      "is_olympic": false,
      "created_at": "2025-01-15T10:19:30Z",
      "updated_at": "2025-01-15T10:19:30Z"
    }
  },
  {
    "model": "athletes.sportdiscipline",
    "pk": "224a394f-b9c2-405d-9f5a-b54ee4f96d1d",
    "fields": {
      "sport": "bbac9c1a-1f87-41bc-859f-a35f1368cff1",
      "name": "Olympic Shortboard",
      "slug": "olympic-shortboard",
      "description": "Olympic surfing competition.",
      "is_olympic": true,
      "created_at": "2025-01-15T10:20:00Z",
      "updated_at": "2025-01-15T10:20:00Z"
    }
  },
  {
    "model": "users.user",
    "pk": "2594dfcc-f014-42d9-a8bf-7518b7d977a5",
    "fields": {
      "email": "alice.dupont@example.com",
      "first_name": "Alice",
      "last_name": "Dupont",
      "phone_country_code": "+34",
      "phone_number": "612485230",
      "date_of_birth": "1985-05-15",
      "email_verified": true,
      "password": "pbkdf2_sha256$600000$Nf1JSucDbGkFARSXcttRQD$N/J0GcH+3KSNcfsYbFAPOYHiphFBCpzC0eBVRYmllCA=",
      "password_hash": "pbkdf2_sha256$600000$Nf1JSucDbGkFARSXcttRQD$N/J0GcH+3KSNcfsYbFAPOYHiphFBCpzC0eBVRYmllCA=",
      "is_active": true,
      "is_staff": false,
      "account_type": "AGENT",
      "last_login": null,
      "created_at": "2025-01-15T10:00:00Z",
      "updated_at": "2025-01-15T10:00:00Z"
    }
  },
  {
    "model": "users.agentprofile",
    "pk": "9a6970e1-45de-4078-803a-902639953069",
    "fields": {
      "user": "2594dfcc-f014-42d9-a8bf-7518b7d977a5",
      "bio": "Agent sportif expérimenté accompagnant des talents européens.",
      "is_self_represented": true,
      "created_at": "2025-01-15T10:15:00Z",
      "updated_at": "2025-01-15T10:15:00Z"
    }
  },
  {
    "model": "users.user",
    "pk": "0a997e46-ce9c-455b-bf49-850c5b2bb4e8",
    "fields": {
      "email": "bruno.martin@example.com",
      "first_name": "Bruno",
      "last_name": "Martin",
      "phone_country_code": "+32",
      "phone_number": "0470182334",
      "date_of_birth": "1985-05-15",
      "email_verified": true,
      "password": "pbkdf2_sha256$600000$Nf1JSucDbGkFARSXcttRQD$N/J0GcH+3KSNcfsYbFAPOYHiphFBCpzC0eBVRYmllCA=",
      "password_hash": "pbkdf2_sha256$600000$Nf1JSucDbGkFARSXcttRQD$N/J0GcH+3KSNcfsYbFAPOYHiphFBCpzC0eBVRYmllCA=",
      "is_active": true,
      "is_staff": false,
      "account_type": "AGENT",
      "last_login": null,
      "created_at": "2025-01-15T11:00:00Z",
      "updated_at": "2025-01-15T11:00:00Z"
    }
  },
  {
    "model": "users.agentprofile",
    "pk": "06ea05c6-aa8f-4a81-9fca-e82763b4d6d0",
    "fields": {
      "user": "0a997e46-ce9c-455b-bf49-850c5b2bb4e8",
      "bio": "Agent sportif expérimenté accompagnant des talents européens.",
      "is_self_represented": true,
      "created_at": "2025-01-15T11:15:00Z",
      "updated_at": "2025-01-15T11:15:00Z"
    }
  },
  {
    "model": "users.user",
    "pk": "1c73da52-0213-4376-9f31-49108a0255a4",
    "fields": {
      "email": "chloe.laurent@example.com",
      "first_name": "Chloé",
      "last_name": "Laurent",
      "phone_country_code": "+41",
      "phone_number": "0796124800",
      "date_of_birth": "1985-05-15",
      "email_verified": true,
      "password": "pbkdf2_sha256$600000$Nf1JSucDbGkFARSXcttRQD$N/J0GcH+3KSNcfsYbFAPOYHiphFBCpzC0eBVRYmllCA=",
      "password_hash": "pbkdf2_sha256$600000$Nf1JSucDbGkFARSXcttRQD$N/J0GcH+3KSNcfsYbFAPOYHiphFBCpzC0eBVRYmllCA=",
      "is_active": true,
      "is_staff": false,
      "account_type": "AGENT",
      "last_login": null,
      "created_at": "2025-01-15T12:00:00Z",
      "updated_at": "2025-01-15T12:00:00Z"
    }
  },
  {
    "model": "users.agentprofile",
    "pk": "4c50de0e-360d-41a9-aa54-d26b8d296a08",
    "fields": {
      "user": "1c73da52-0213-4376-9f31-49108a0255a4",
      "bio": "Agent sportif expérimenté accompagnant des talents européens.",
      "is_self_represented": true,
      "created_at": "2025-01-15T12:15:00Z",
      "updated_at": "2025-01-15T12:15:00Z"
    }
  },
  {
    "model": "users.user",
    "pk": "471984da-ded4-4a1c-8dcb-47f11b9b1863",
    "fields": {
      "email": "david.bernard@example.com",
      "first_name": "David",
      "last_name": "Bernard",
      "phone_country_code": "+352",
      "phone_number": "621834275",
      "date_of_birth": "1985-05-15",
      "email_verified": true,
      "password": "pbkdf2_sha256$600000$Nf1JSucDbGkFARSXcttRQD$N/J0GcH+3KSNcfsYbFAPOYHiphFBCpzC0eBVRYmllCA=",
      "password_hash": "pbkdf2_sha256$600000$Nf1JSucDbGkFARSXcttRQD$N/J0GcH+3KSNcfsYbFAPOYHiphFBCpzC0eBVRYmllCA=",
      "is_active": true,
      "is_staff": false,
      "account_type": "AGENT",
      "last_login": null,
      "created_at": "2025-01-15T13:00:00Z",
      "updated_at": "2025-01-15T13:00:00Z"
    }
  },
  {
    "model": "users.agentprofile",
    "pk": "89f298b5-812d-4e9a-8073-b2c56a81f6ae",
    "fields": {
      "user": "471984da-ded4-4a1c-8dcb-47f11b9b1863",
      "bio": "Agent sportif expérimenté accompagnant des talents européens.",
      "is_self_represented": true,
      "created_at": "2025-01-15T13:15:00Z",
      "updated_at": "2025-01-15T13:15:00Z"
    }
  },
  {
    "model": "users.user",
    "pk": "0bfad13d-4f92-47f6-9d51-f80c4a23cd44",
    "fields": {
      "email": "emma.girard@example.com",
      "first_name": "Emma",
      "last_name": "Girard",
      "phone_country_code": "+39",
      "phone_number": "3317426810",
      "date_of_birth": "1985-05-15",
      "email_verified": true,
      "password": "pbkdf2_sha256$600000$Nf1JSucDbGkFARSXcttRQD$N/J0GcH+3KSNcfsYbFAPOYHiphFBCpzC0eBVRYmllCA=",
      "password_hash": "pbkdf2_sha256$600000$Nf1JSucDbGkFARSXcttRQD$N/J0GcH+3KSNcfsYbFAPOYHiphFBCpzC0eBVRYmllCA=",
      "is_active": true,
      "is_staff": false,
      "account_type": "AGENT",
      "last_login": null,
      "created_at": "2025-01-15T14:00:00Z",
      "updated_at": "2025-01-15T14:00:00Z"
    }
  },
  {
    "model": "users.agentprofile",
    "pk": "c6a24848-8bc5-4d90-9c05-92da3830a9bb",
    "fields": {
      "user": "0bfad13d-4f92-47f6-9d51-f80c4a23cd44",
      "bio": "Agent sportif expérimenté accompagnant des talents européens.",
      "is_self_represented": true,
      "created_at": "2025-01-15T14:15:00Z",
      "updated_at": "2025-01-15T14:15:00Z"
    }
  },
  {
    "model": "users.user",
    "pk": "34d6b342-b447-4477-9bc0-38a901f01a02",
    "fields": {
      "email": "fabien.moreau@example.com",
      "first_name": "Fabien",
      "last_name": "Moreau",
      "phone_country_code": "+34",
      "phone_number": "934218745",
      "date_of_birth": "1985-05-15",
      "email_verified": true,
      "password": "pbkdf2_sha256$600000$Nf1JSucDbGkFARSXcttRQD$N/J0GcH+3KSNcfsYbFAPOYHiphFBCpzC0eBVRYmllCA=",
      "password_hash": "pbkdf2_sha256$600000$Nf1JSucDbGkFARSXcttRQD$N/J0GcH+3KSNcfsYbFAPOYHiphFBCpzC0eBVRYmllCA=",
      "is_active": true,
      "is_staff": false,
      "account_type": "AGENT",
      "last_login": null,
      "created_at": "2025-01-15T15:00:00Z",
      "updated_at": "2025-01-15T15:00:00Z"
    }
  },
  {
    "model": "users.agentprofile",
    "pk": "93190d39-770e-4d7c-8998-d39d3713606e",
    "fields": {
      "user": "34d6b342-b447-4477-9bc0-38a901f01a02",
      "bio": "Agent sportif expérimenté accompagnant des talents européens.",
      "is_self_represented": true,
      "created_at": "2025-01-15T15:15:00Z",
      "updated_at": "2025-01-15T15:15:00Z"
    }
  },
  {
    "model": "users.user",
    "pk": "d09c3247-0bdd-445b-b67e-520d49f0468c",
    "fields": {
      "email": "gaelle.robert@example.com",
      "first_name": "Gaëlle",
      "last_name": "Robert",
      "phone_country_code": "+32",
      "phone_number": "0498267415",
      "date_of_birth": "1985-05-15",
      "email_verified": true,
      "password": "pbkdf2_sha256$600000$Nf1JSucDbGkFARSXcttRQD$N/J0GcH+3KSNcfsYbFAPOYHiphFBCpzC0eBVRYmllCA=",
      "password_hash": "pbkdf2_sha256$600000$Nf1JSucDbGkFARSXcttRQD$N/J0GcH+3KSNcfsYbFAPOYHiphFBCpzC0eBVRYmllCA=",
      "is_active": true,
      "is_staff": false,
      "account_type": "AGENT",
      "last_login": null,
      "created_at": "2025-01-15T16:00:00Z",
      "updated_at": "2025-01-15T16:00:00Z"
    }
  },
  {
    "model": "users.agentprofile",
    "pk": "5651f2bf-738f-477d-87e2-1fc20c24aca4",
    "fields": {
      "user": "d09c3247-0bdd-445b-b67e-520d49f0468c",
      "bio": "Agent sportif expérimenté accompagnant des talents européens.",
      "is_self_represented": true,
      "created_at": "2025-01-15T16:15:00Z",
      "updated_at": "2025-01-15T16:15:00Z"
    }
  },
  {
    "model": "users.user",
    "pk": "95848bc0-8a90-4cd9-a022-8fab4121ad46",
    "fields": {
      "email": "hugo.petit@example.com",
      "first_name": "Hugo",
      "last_name": "Petit",
      "phone_country_code": "+41",
      "phone_number": "0784231750",
      "date_of_birth": "1985-05-15",
      "email_verified": true,
      "password": "pbkdf2_sha256$600000$Nf1JSucDbGkFARSXcttRQD$N/J0GcH+3KSNcfsYbFAPOYHiphFBCpzC0eBVRYmllCA=",
      "password_hash": "pbkdf2_sha256$600000$Nf1JSucDbGkFARSXcttRQD$N/J0GcH+3KSNcfsYbFAPOYHiphFBCpzC0eBVRYmllCA=",
      "is_active": true,
      "is_staff": false,
      "account_type": "AGENT",
      "last_login": null,
      "created_at": "2025-01-15T17:00:00Z",
      "updated_at": "2025-01-15T17:00:00Z"
    }
  },
  {
    "model": "users.agentprofile",
    "pk": "6d14e419-dc80-47f3-a478-fb77a5c63c9f",
    "fields": {
      "user": "95848bc0-8a90-4cd9-a022-8fab4121ad46",
      "bio": "Agent sportif expérimenté accompagnant des talents européens.",
      "is_self_represented": false,
      "created_at": "2025-01-15T17:15:00Z",
      "updated_at": "2025-01-15T17:15:00Z"
    }
  },
  {
    "model": "users.user",
    "pk": "c9c70753-5337-49fa-887d-920a3bb8bf87",
    "fields": {
      "email": "isabelle.lefevre@example.com",
      "first_name": "Isabelle",
      "last_name": "Lefevre",
      "phone_country_code": "+352",
      "phone_number": "691452138",
      "date_of_birth": "1985-05-15",
      "email_verified": true,
      "password": "pbkdf2_sha256$600000$Nf1JSucDbGkFARSXcttRQD$N/J0GcH+3KSNcfsYbFAPOYHiphFBCpzC0eBVRYmllCA=",
      "password_hash": "pbkdf2_sha256$600000$Nf1JSucDbGkFARSXcttRQD$N/J0GcH+3KSNcfsYbFAPOYHiphFBCpzC0eBVRYmllCA=",
      "is_active": true,
      "is_staff": false,
      "account_type": "AGENT",
      "last_login": null,
      "created_at": "2025-01-15T18:00:00Z",
      "updated_at": "2025-01-15T18:00:00Z"
    }
  },
  {
    "model": "users.agentprofile",
    "pk": "4065662a-cc0b-4e12-8ba3-a58b473cf3cb",
    "fields": {
      "user": "c9c70753-5337-49fa-887d-920a3bb8bf87",
      "bio": "Agent sportif expérimenté accompagnant des talents européens.",
      "is_self_represented": false,
      "created_at": "2025-01-15T18:15:00Z",
      "updated_at": "2025-01-15T18:15:00Z"
    }
  },
  {
    "model": "users.user",
    "pk": "f7e8bb26-d7cf-4e99-a659-2a6fb7f9933d",
    "fields": {
      "email": "julien.caron@example.com",
      "first_name": "Julien",
      "last_name": "Caron",
      "phone_country_code": "+39",
      "phone_number": "3475184620",
      "date_of_birth": "1985-05-15",
      "email_verified": true,
      "password": "pbkdf2_sha256$600000$Nf1JSucDbGkFARSXcttRQD$N/J0GcH+3KSNcfsYbFAPOYHiphFBCpzC0eBVRYmllCA=",
      "password_hash": "pbkdf2_sha256$600000$Nf1JSucDbGkFARSXcttRQD$N/J0GcH+3KSNcfsYbFAPOYHiphFBCpzC0eBVRYmllCA=",
      "is_active": true,
      "is_staff": false,
      "account_type": "AGENT",
      "last_login": null,
      "created_at": "2025-01-15T19:00:00Z",
      "updated_at": "2025-01-15T19:00:00Z"
    }
  },
  {
    "model": "users.agentprofile",
    "pk": "711298f2-5a2b-49f1-a92e-8c054461eb7c",
    "fields": {
      "user": "f7e8bb26-d7cf-4e99-a659-2a6fb7f9933d",
      "bio": "Agent sportif expérimenté accompagnant des talents européens.",
      "is_self_represented": false,
      "created_at": "2025-01-15T19:15:00Z",
      "updated_at": "2025-01-15T19:15:00Z"
    }
  },
  {
    "model": "users.user",
    "pk": "a853c7b0-49c5-4bd4-b3a8-06459c50e09e",
    "fields": {
      "email": "karim.leroy@example.com",
      "first_name": "Karim",
      "last_name": "Leroy",
      "phone_country_code": "+34",
      "phone_number": "722604913",
      "date_of_birth": "1985-05-15",
      "email_verified": true,
      "password": "pbkdf2_sha256$600000$Nf1JSucDbGkFARSXcttRQD$N/J0GcH+3KSNcfsYbFAPOYHiphFBCpzC0eBVRYmllCA=",
      "password_hash": "pbkdf2_sha256$600000$Nf1JSucDbGkFARSXcttRQD$N/J0GcH+3KSNcfsYbFAPOYHiphFBCpzC0eBVRYmllCA=",
      "is_active": true,
      "is_staff": false,
      "account_type": "AGENT",
      "last_login": null,
      "created_at": "2025-01-15T20:00:00Z",
      "updated_at": "2025-01-15T20:00:00Z"
    }
  },
  {
    "model": "users.agentprofile",
    "pk": "ae81e894-7bc2-4536-8b03-7007eda30e88",
    "fields": {
      "user": "a853c7b0-49c5-4bd4-b3a8-06459c50e09e",
      "bio": "Agent sportif expérimenté accompagnant des talents européens.",
      "is_self_represented": false,
      "created_at": "2025-01-15T20:15:00Z",
      "updated_at": "2025-01-15T20:15:00Z"
    }
  },
  {
    "model": "users.user",
    "pk": "07861bd0-6ec4-4e7b-9e76-7ccb88f26cb1",
    "fields": {
      "email": "laura.fontaine@example.com",
      "first_name": "Laura",
      "last_name": "Fontaine",
      "phone_country_code": "+32",
      "phone_number": "0466905221",
      "date_of_birth": "1985-05-15",
      "email_verified": true,
      "password": "pbkdf2_sha256$600000$Nf1JSucDbGkFARSXcttRQD$N/J0GcH+3KSNcfsYbFAPOYHiphFBCpzC0eBVRYmllCA=",
      "password_hash": "pbkdf2_sha256$600000$Nf1JSucDbGkFARSXcttRQD$N/J0GcH+3KSNcfsYbFAPOYHiphFBCpzC0eBVRYmllCA=",
      "is_active": true,
      "is_staff": false,
      "account_type": "AGENT",
      "last_login": null,
      "created_at": "2025-01-15T21:00:00Z",
      "updated_at": "2025-01-15T21:00:00Z"
    }
  },
  {
    "model": "users.agentprofile",
    "pk": "8ff063e4-9986-41e8-afce-4424f2fd6c5f",
    "fields": {
      "user": "07861bd0-6ec4-4e7b-9e76-7ccb88f26cb1",
      "bio": "Agent sportif expérimenté accompagnant des talents européens.",
      "is_self_represented": false,
      "created_at": "2025-01-15T21:15:00Z",
      "updated_at": "2025-01-15T21:15:00Z"
    }
  },
  {
    "model": "users.user",
    "pk": "d4c49916-ead4-478e-8afe-d14b0dd970b8",
    "fields": {
      "email": "mathieu.perrin@example.com",
      "first_name": "Mathieu",
      "last_name": "Perrin",
      "phone_country_code": "+41",
      "phone_number": "0442853690",
      "date_of_birth": "1985-05-15",
      "email_verified": true,
      "password": "pbkdf2_sha256$600000$Nf1JSucDbGkFARSXcttRQD$N/J0GcH+3KSNcfsYbFAPOYHiphFBCpzC0eBVRYmllCA=",
      "password_hash": "pbkdf2_sha256$600000$Nf1JSucDbGkFARSXcttRQD$N/J0GcH+3KSNcfsYbFAPOYHiphFBCpzC0eBVRYmllCA=",
      "is_active": true,
      "is_staff": false,
      "account_type": "AGENT",
      "last_login": null,
      "created_at": "2025-01-15T22:00:00Z",
      "updated_at": "2025-01-15T22:00:00Z"
    }
  },
  {
    "model": "users.agentprofile",
    "pk": "37c17c87-9d03-462a-a0cb-4c44d2adadf9",
    "fields": {
      "user": "d4c49916-ead4-478e-8afe-d14b0dd970b8",
      "bio": "Agent sportif expérimenté accompagnant des talents européens.",
      "is_self_represented": false,
      "created_at": "2025-01-15T22:15:00Z",
      "updated_at": "2025-01-15T22:15:00Z"
    }
  },
  {
    "model": "users.user",
    "pk": "c1a3e91f-452d-405a-a5e2-539adfe88753",
    "fields": {
      "email": "nadia.roche@example.com",
      "first_name": "Nadia",
      "last_name": "Roche",
      "phone_country_code": "+352",
      "phone_number": "278906541",
      "date_of_birth": "1985-05-15",
      "email_verified": true,
      "password": "pbkdf2_sha256$600000$Nf1JSucDbGkFARSXcttRQD$N/J0GcH+3KSNcfsYbFAPOYHiphFBCpzC0eBVRYmllCA=",
      "password_hash": "pbkdf2_sha256$600000$Nf1JSucDbGkFARSXcttRQD$N/J0GcH+3KSNcfsYbFAPOYHiphFBCpzC0eBVRYmllCA=",
      "is_active": true,
      "is_staff": false,
      "account_type": "AGENT",
      "last_login": null,
      "created_at": "2025-01-15T23:00:00Z",
      "updated_at": "2025-01-15T23:00:00Z"
    }
  },
  {
    "model": "users.agentprofile",
    "pk": "4dd41b7e-518a-4246-bc20-d703bdb9b79f",
    "fields": {
      "user": "c1a3e91f-452d-405a-a5e2-539adfe88753",
      "bio": "Agent sportif expérimenté accompagnant des talents européens.",
      "is_self_represented": false,
      "created_at": "2025-01-15T23:15:00Z",
      "updated_at": "2025-01-15T23:15:00Z"
    }
  },
  {
    "model": "users.user",
    "pk": "01e9eaba-11f0-49ba-a4e9-f9ca83a95373",
    "fields": {
      "email": "olivier.lemaitre@example.com",
      "first_name": "Olivier",
      "last_name": "Lemaitre",
      "phone_country_code": "+39",
      "phone_number": "3209061245",
      "date_of_birth": "1985-05-15",
      "email_verified": true,
      "password": "pbkdf2_sha256$600000$Nf1JSucDbGkFARSXcttRQD$N/J0GcH+3KSNcfsYbFAPOYHiphFBCpzC0eBVRYmllCA=",
      "password_hash": "pbkdf2_sha256$600000$Nf1JSucDbGkFARSXcttRQD$N/J0GcH+3KSNcfsYbFAPOYHiphFBCpzC0eBVRYmllCA=",
      "is_active": true,
      "is_staff": false,
      "account_type": "AGENT",
      "last_login": null,
      "created_at": "2025-01-16T00:00:00Z",
      "updated_at": "2025-01-16T00:00:00Z"
    }
  },
  {
    "model": "users.agentprofile",
    "pk": "6beddb27-a210-4c30-85d3-d971d484e304",
    "fields": {
      "user": "01e9eaba-11f0-49ba-a4e9-f9ca83a95373",
      "bio": "Agent sportif expérimenté accompagnant des talents européens.",
      "is_self_represented": false,
      "created_at": "2025-01-16T00:15:00Z",
      "updated_at": "2025-01-16T00:15:00Z"
    }
  },
  {
    "model": "users.user",
    "pk": "78b686f7-a33b-45fe-a9c9-2ca2d72714cd",
    "fields": {
      "email": "pauline.marchand@example.com",
      "first_name": "Pauline",
      "last_name": "Marchand",
      "phone_country_code": "+34",
      "phone_number": "612485231",
      "date_of_birth": "1985-05-15",
      "email_verified": true,
      "password": "pbkdf2_sha256$600000$Nf1JSucDbGkFARSXcttRQD$N/J0GcH+3KSNcfsYbFAPOYHiphFBCpzC0eBVRYmllCA=",
      "password_hash": "pbkdf2_sha256$600000$Nf1JSucDbGkFARSXcttRQD$N/J0GcH+3KSNcfsYbFAPOYHiphFBCpzC0eBVRYmllCA=",
      "is_active": true,
      "is_staff": false,
      "account_type": "AGENT",
      "last_login": null,
      "created_at": "2025-01-16T01:00:00Z",
      "updated_at": "2025-01-16T01:00:00Z"
    }
  },
  {
    "model": "users.agentprofile",
    "pk": "6739de21-a590-461d-8537-6cc6fc2cf929",
    "fields": {
      "user": "78b686f7-a33b-45fe-a9c9-2ca2d72714cd",
      "bio": "Agent sportif expérimenté accompagnant des talents européens.",
      "is_self_represented": false,
      "created_at": "2025-01-16T01:15:00Z",
      "updated_at": "2025-01-16T01:15:00Z"
    }
  },
  {
    "model": "users.user",
    "pk": "9ddfc5f4-8696-47f3-a2f4-8274c9528fe3",
    "fields": {
      "email": "quentin.blanchard@example.com",
      "first_name": "Quentin",
      "last_name": "Blanchard",
      "phone_country_code": "+32",
      "phone_number": "0470182335",
      "date_of_birth": "1985-05-15",
      "email_verified": true,
      "password": "pbkdf2_sha256$600000$Nf1JSucDbGkFARSXcttRQD$N/J0GcH+3KSNcfsYbFAPOYHiphFBCpzC0eBVRYmllCA=",
      "password_hash": "pbkdf2_sha256$600000$Nf1JSucDbGkFARSXcttRQD$N/J0GcH+3KSNcfsYbFAPOYHiphFBCpzC0eBVRYmllCA=",
      "is_active": true,
      "is_staff": false,
      "account_type": "AGENT",
      "last_login": null,
      "created_at": "2025-01-16T02:00:00Z",
      "updated_at": "2025-01-16T02:00:00Z"
    }
  },
  {
    "model": "users.agentprofile",
    "pk": "20262a02-dbff-4beb-8c8d-e0141070c73d",
    "fields": {
      "user": "9ddfc5f4-8696-47f3-a2f4-8274c9528fe3",
      "bio": "Agent sportif expérimenté accompagnant des talents européens.",
      "is_self_represented": false,
      "created_at": "2025-01-16T02:15:00Z",
      "updated_at": "2025-01-16T02:15:00Z"
    }
  },
  {
    "model": "users.user",
    "pk": "14b68397-bd78-44cc-b987-98d2ce0af21e",
    "fields": {
      "email": "romain.allard@example.com",
      "first_name": "Romain",
      "last_name": "Allard",
      "phone_country_code": "+41",
      "phone_number": "0796124801",
      "date_of_birth": "1985-05-15",
      "email_verified": true,
      "password": "pbkdf2_sha256$600000$Nf1JSucDbGkFARSXcttRQD$N/J0GcH+3KSNcfsYbFAPOYHiphFBCpzC0eBVRYmllCA=",
      "password_hash": "pbkdf2_sha256$600000$Nf1JSucDbGkFARSXcttRQD$N/J0GcH+3KSNcfsYbFAPOYHiphFBCpzC0eBVRYmllCA=",
      "is_active": true,
      "is_staff": false,
      "account_type": "AGENT",
      "last_login": null,
      "created_at": "2025-01-16T03:00:00Z",
      "updated_at": "2025-01-16T03:00:00Z"
    }
  },
  {
    "model": "users.agentprofile",
    "pk": "df25e9f8-b6e3-4ebf-ae01-44aaadf73e6b",
    "fields": {
      "user": "14b68397-bd78-44cc-b987-98d2ce0af21e",
      "bio": "Agent sportif expérimenté accompagnant des talents européens.",
      "is_self_represented": false,
      "created_at": "2025-01-16T03:15:00Z",
      "updated_at": "2025-01-16T03:15:00Z"
    }
  },
  {
    "model": "users.user",
    "pk": "ea6b4431-77bc-414f-aa0d-5f08f4d66dea",
    "fields": {
      "email": "sophie.garnier@example.com",
      "first_name": "Sophie",
      "last_name": "Garnier",
      "phone_country_code": "+352",
      "phone_number": "621834276",
      "date_of_birth": "1985-05-15",
      "email_verified": true,
      "password": "pbkdf2_sha256$600000$Nf1JSucDbGkFARSXcttRQD$N/J0GcH+3KSNcfsYbFAPOYHiphFBCpzC0eBVRYmllCA=",
      "password_hash": "pbkdf2_sha256$600000$Nf1JSucDbGkFARSXcttRQD$N/J0GcH+3KSNcfsYbFAPOYHiphFBCpzC0eBVRYmllCA=",
      "is_active": true,
      "is_staff": false,
      "account_type": "AGENT",
      "last_login": null,
      "created_at": "2025-01-16T04:00:00Z",
      "updated_at": "2025-01-16T04:00:00Z"
    }
  },
  {
    "model": "users.agentprofile",
    "pk": "f814e2f6-f68b-4d72-af36-43828a8af531",
    "fields": {
      "user": "ea6b4431-77bc-414f-aa0d-5f08f4d66dea",
      "bio": "Agent sportif expérimenté accompagnant des talents européens.",
      "is_self_represented": false,
      "created_at": "2025-01-16T04:15:00Z",
      "updated_at": "2025-01-16T04:15:00Z"
    }
  },
  {
    "model": "users.user",
    "pk": "b4ee73fb-6552-44e6-aef5-6dd674a67f7d",
    "fields": {
      "email": "thomas.barbier@example.com",
      "first_name": "Thomas",
      "last_name": "Barbier",
      "phone_country_code": "+39",
      "phone_number": "3317426811",
      "date_of_birth": "1985-05-15",
      "email_verified": true,
      "password": "pbkdf2_sha256$600000$Nf1JSucDbGkFARSXcttRQD$N/J0GcH+3KSNcfsYbFAPOYHiphFBCpzC0eBVRYmllCA=",
      "password_hash": "pbkdf2_sha256$600000$Nf1JSucDbGkFARSXcttRQD$N/J0GcH+3KSNcfsYbFAPOYHiphFBCpzC0eBVRYmllCA=",
      "is_active": true,
      "is_staff": false,
      "account_type": "AGENT",
      "last_login": null,
      "created_at": "2025-01-16T05:00:00Z",
      "updated_at": "2025-01-16T05:00:00Z"
    }
  },
  {
    "model": "users.agentprofile",
    "pk": "d36a51a0-78a1-4a2c-b108-0287b1efb106",
    "fields": {
      "user": "b4ee73fb-6552-44e6-aef5-6dd674a67f7d",
      "bio": "Agent sportif expérimenté accompagnant des talents européens.",
      "is_self_represented": false,
      "created_at": "2025-01-16T05:15:00Z",
      "updated_at": "2025-01-16T05:15:00Z"
    }
  },
  {
    "model": "users.user",
    "pk": "dd56d450-f621-436d-84ff-f32f22fe0b84",
    "fields": {
      "email": "amelie.boucher@brands.example.com",
      "first_name": "Amélie",
      "last_name": "Boucher",
      "phone_country_code": "+34",
      "phone_number": "934218746",
      "date_of_birth": "1990-04-20",
      "email_verified": true,
      "password": "pbkdf2_sha256$600000$Nf1JSucDbGkFARSXcttRQD$N/J0GcH+3KSNcfsYbFAPOYHiphFBCpzC0eBVRYmllCA=",
      "password_hash": "pbkdf2_sha256$600000$Nf1JSucDbGkFARSXcttRQD$N/J0GcH+3KSNcfsYbFAPOYHiphFBCpzC0eBVRYmllCA=",
      "is_active": true,
      "is_staff": false,
      "account_type": "COLLABORATOR",
      "last_login": null,
      "created_at": "2025-01-16T16:00:00Z",
      "updated_at": "2025-01-16T16:00:00Z"
    }
  },
  {
    "model": "users.user",
    "pk": "f7b89cf2-1dd3-4108-a8a7-388e79fa3b9e",
    "fields": {
      "email": "bastien.renard@brands.example.com",
      "first_name": "Bastien",
      "last_name": "Renard",
      "phone_country_code": "+32",
      "phone_number": "0498267416",
      "date_of_birth": "1990-04-20",
      "email_verified": true,
      "password": "pbkdf2_sha256$600000$Nf1JSucDbGkFARSXcttRQD$N/J0GcH+3KSNcfsYbFAPOYHiphFBCpzC0eBVRYmllCA=",
      "password_hash": "pbkdf2_sha256$600000$Nf1JSucDbGkFARSXcttRQD$N/J0GcH+3KSNcfsYbFAPOYHiphFBCpzC0eBVRYmllCA=",
      "is_active": true,
      "is_staff": false,
      "account_type": "COLLABORATOR",
      "last_login": null,
      "created_at": "2025-01-16T17:00:00Z",
      "updated_at": "2025-01-16T17:00:00Z"
    }
  },
  {
    "model": "users.user",
    "pk": "fa7affe3-8d08-41fb-8528-db8ffc58b306",
    "fields": {
      "email": "camille.lopez@brands.example.com",
      "first_name": "Camille",
      "last_name": "Lopez",
      "phone_country_code": "+41",
      "phone_number": "0784231751",
      "date_of_birth": "1990-04-20",
      "email_verified": true,
      "password": "pbkdf2_sha256$600000$Nf1JSucDbGkFARSXcttRQD$N/J0GcH+3KSNcfsYbFAPOYHiphFBCpzC0eBVRYmllCA=",
      "password_hash": "pbkdf2_sha256$600000$Nf1JSucDbGkFARSXcttRQD$N/J0GcH+3KSNcfsYbFAPOYHiphFBCpzC0eBVRYmllCA=",
      "is_active": true,
      "is_staff": false,
      "account_type": "COLLABORATOR",
      "last_login": null,
      "created_at": "2025-01-16T18:00:00Z",
      "updated_at": "2025-01-16T18:00:00Z"
    }
  },
  {
    "model": "users.user",
    "pk": "14a10362-170a-4467-be3a-1230f92ed46b",
    "fields": {
      "email": "damien.giraud@brands.example.com",
      "first_name": "Damien",
      "last_name": "Giraud",
      "phone_country_code": "+352",
      "phone_number": "691452139",
      "date_of_birth": "1990-04-20",
      "email_verified": true,
      "password": "pbkdf2_sha256$600000$Nf1JSucDbGkFARSXcttRQD$N/J0GcH+3KSNcfsYbFAPOYHiphFBCpzC0eBVRYmllCA=",
      "password_hash": "pbkdf2_sha256$600000$Nf1JSucDbGkFARSXcttRQD$N/J0GcH+3KSNcfsYbFAPOYHiphFBCpzC0eBVRYmllCA=",
      "is_active": true,
      "is_staff": false,
      "account_type": "COLLABORATOR",
      "last_login": null,
      "created_at": "2025-01-16T19:00:00Z",
      "updated_at": "2025-01-16T19:00:00Z"
    }
  },
  {
    "model": "users.user",
    "pk": "fb285d3a-64d7-47f0-a6d7-2adfc428334b",
    "fields": {
      "email": "elise.morel@brands.example.com",
      "first_name": "Elise",
      "last_name": "Morel",
      "phone_country_code": "+39",
      "phone_number": "3475184621",
      "date_of_birth": "1990-04-20",
      "email_verified": true,
      "password": "pbkdf2_sha256$600000$Nf1JSucDbGkFARSXcttRQD$N/J0GcH+3KSNcfsYbFAPOYHiphFBCpzC0eBVRYmllCA=",
      "password_hash": "pbkdf2_sha256$600000$Nf1JSucDbGkFARSXcttRQD$N/J0GcH+3KSNcfsYbFAPOYHiphFBCpzC0eBVRYmllCA=",
      "is_active": true,
      "is_staff": false,
      "account_type": "COLLABORATOR",
      "last_login": null,
      "created_at": "2025-01-16T20:00:00Z",
      "updated_at": "2025-01-16T20:00:00Z"
    }
  },
  {
    "model": "users.user",
    "pk": "9fa4c694-c249-4f72-922a-6ca5790a6564",
    "fields": {
      "email": "florian.rousseau@brands.example.com",
      "first_name": "Florian",
      "last_name": "Rousseau",
      "phone_country_code": "+34",
      "phone_number": "722604914",
      "date_of_birth": "1990-04-20",
      "email_verified": true,
      "password": "pbkdf2_sha256$600000$Nf1JSucDbGkFARSXcttRQD$N/J0GcH+3KSNcfsYbFAPOYHiphFBCpzC0eBVRYmllCA=",
      "password_hash": "pbkdf2_sha256$600000$Nf1JSucDbGkFARSXcttRQD$N/J0GcH+3KSNcfsYbFAPOYHiphFBCpzC0eBVRYmllCA=",
      "is_active": true,
      "is_staff": false,
      "account_type": "COLLABORATOR",
      "last_login": null,
      "created_at": "2025-01-16T21:00:00Z",
      "updated_at": "2025-01-16T21:00:00Z"
    }
  },
  {
    "model": "users.user",
    "pk": "17019291-6233-4df8-96c6-e56a74a9fdc0",
    "fields": {
      "email": "geraldine.fabre@brands.example.com",
      "first_name": "Géraldine",
      "last_name": "Fabre",
      "phone_country_code": "+32",
      "phone_number": "0466905222",
      "date_of_birth": "1990-04-20",
      "email_verified": true,
      "password": "pbkdf2_sha256$600000$Nf1JSucDbGkFARSXcttRQD$N/J0GcH+3KSNcfsYbFAPOYHiphFBCpzC0eBVRYmllCA=",
      "password_hash": "pbkdf2_sha256$600000$Nf1JSucDbGkFARSXcttRQD$N/J0GcH+3KSNcfsYbFAPOYHiphFBCpzC0eBVRYmllCA=",
      "is_active": true,
      "is_staff": false,
      "account_type": "COLLABORATOR",
      "last_login": null,
      "created_at": "2025-01-16T22:00:00Z",
      "updated_at": "2025-01-16T22:00:00Z"
    }
  },
  {
    "model": "users.user",
    "pk": "958b039c-83fb-469a-8e8b-50b651d87180",
    "fields": {
      "email": "helene.marchal@brands.example.com",
      "first_name": "Hélène",
      "last_name": "Marchal",
      "phone_country_code": "+41",
      "phone_number": "0442853691",
      "date_of_birth": "1990-04-20",
      "email_verified": true,
      "password": "pbkdf2_sha256$600000$Nf1JSucDbGkFARSXcttRQD$N/J0GcH+3KSNcfsYbFAPOYHiphFBCpzC0eBVRYmllCA=",
      "password_hash": "pbkdf2_sha256$600000$Nf1JSucDbGkFARSXcttRQD$N/J0GcH+3KSNcfsYbFAPOYHiphFBCpzC0eBVRYmllCA=",
      "is_active": true,
      "is_staff": false,
      "account_type": "COLLABORATOR",
      "last_login": null,
      "created_at": "2025-01-16T23:00:00Z",
      "updated_at": "2025-01-16T23:00:00Z"
    }
  },
  {
    "model": "users.user",
    "pk": "87c0d5ff-6f85-4e4e-a202-569d362541c2",
    "fields": {
      "email": "ines.baron@brands.example.com",
      "first_name": "Inès",
      "last_name": "Baron",
      "phone_country_code": "+352",
      "phone_number": "278906542",
      "date_of_birth": "1990-04-20",
      "email_verified": true,
      "password": "pbkdf2_sha256$600000$Nf1JSucDbGkFARSXcttRQD$N/J0GcH+3KSNcfsYbFAPOYHiphFBCpzC0eBVRYmllCA=",
      "password_hash": "pbkdf2_sha256$600000$Nf1JSucDbGkFARSXcttRQD$N/J0GcH+3KSNcfsYbFAPOYHiphFBCpzC0eBVRYmllCA=",
      "is_active": true,
      "is_staff": false,
      "account_type": "COLLABORATOR",
      "last_login": null,
      "created_at": "2025-01-17T00:00:00Z",
      "updated_at": "2025-01-17T00:00:00Z"
    }
  },
  {
    "model": "users.user",
    "pk": "3e99dcd1-0bde-4a97-9abd-dc2b097b4b0f",
    "fields": {
      "email": "jules.dupuis@brands.example.com",
      "first_name": "Jules",
      "last_name": "Dupuis",
      "phone_country_code": "+39",
      "phone_number": "3209061246",
      "date_of_birth": "1990-04-20",
      "email_verified": true,
      "password": "pbkdf2_sha256$600000$Nf1JSucDbGkFARSXcttRQD$N/J0GcH+3KSNcfsYbFAPOYHiphFBCpzC0eBVRYmllCA=",
      "password_hash": "pbkdf2_sha256$600000$Nf1JSucDbGkFARSXcttRQD$N/J0GcH+3KSNcfsYbFAPOYHiphFBCpzC0eBVRYmllCA=",
      "is_active": true,
      "is_staff": false,
      "account_type": "COLLABORATOR",
      "last_login": null,
      "created_at": "2025-01-17T01:00:00Z",
      "updated_at": "2025-01-17T01:00:00Z"
    }
  },
  {
    "model": "users.user",
    "pk": "460eca05-309b-4e87-ba77-89960f558b69",
    "fields": {
      "email": "katia.jourdan@brands.example.com",
      "first_name": "Katia",
      "last_name": "Jourdan",
      "phone_country_code": "+34",
      "phone_number": "612485232",
      "date_of_birth": "1990-04-20",
      "email_verified": true,
      "password": "pbkdf2_sha256$600000$Nf1JSucDbGkFARSXcttRQD$N/J0GcH+3KSNcfsYbFAPOYHiphFBCpzC0eBVRYmllCA=",
      "password_hash": "pbkdf2_sha256$600000$Nf1JSucDbGkFARSXcttRQD$N/J0GcH+3KSNcfsYbFAPOYHiphFBCpzC0eBVRYmllCA=",
      "is_active": true,
      "is_staff": false,
      "account_type": "COLLABORATOR",
      "last_login": null,
      "created_at": "2025-01-17T02:00:00Z",
      "updated_at": "2025-01-17T02:00:00Z"
    }
  },
  {
    "model": "users.user",
    "pk": "0bb5e05d-d538-4a79-98b5-d1bee64951bf",
    "fields": {
      "email": "louis.marin@brands.example.com",
      "first_name": "Louis",
      "last_name": "Marin",
      "phone_country_code": "+32",
      "phone_number": "0470182336",
      "date_of_birth": "1990-04-20",
      "email_verified": true,
      "password": "pbkdf2_sha256$600000$Nf1JSucDbGkFARSXcttRQD$N/J0GcH+3KSNcfsYbFAPOYHiphFBCpzC0eBVRYmllCA=",
      "password_hash": "pbkdf2_sha256$600000$Nf1JSucDbGkFARSXcttRQD$N/J0GcH+3KSNcfsYbFAPOYHiphFBCpzC0eBVRYmllCA=",
      "is_active": true,
      "is_staff": false,
      "account_type": "COLLABORATOR",
      "last_login": null,
      "created_at": "2025-01-17T03:00:00Z",
      "updated_at": "2025-01-17T03:00:00Z"
    }
  },
  {
    "model": "users.user",
    "pk": "6a4e4f9b-d381-402b-ad8d-3c7441286de4",
    "fields": {
      "email": "melanie.charbonnier@brands.example.com",
      "first_name": "Mélanie",
      "last_name": "Charbonnier",
      "phone_country_code": "+41",
      "phone_number": "0796124802",
      "date_of_birth": "1990-04-20",
      "email_verified": true,
      "password": "pbkdf2_sha256$600000$Nf1JSucDbGkFARSXcttRQD$N/J0GcH+3KSNcfsYbFAPOYHiphFBCpzC0eBVRYmllCA=",
      "password_hash": "pbkdf2_sha256$600000$Nf1JSucDbGkFARSXcttRQD$N/J0GcH+3KSNcfsYbFAPOYHiphFBCpzC0eBVRYmllCA=",
      "is_active": true,
      "is_staff": false,
      "account_type": "COLLABORATOR",
      "last_login": null,
      "created_at": "2025-01-17T04:00:00Z",
      "updated_at": "2025-01-17T04:00:00Z"
    }
  },
  {
    "model": "users.user",
    "pk": "1719cb06-29f9-491c-a365-43f7e71d13b4",
    "fields": {
      "email": "noe.poulain@brands.example.com",
      "first_name": "Noé",
      "last_name": "Poulain",
      "phone_country_code": "+352",
      "phone_number": "621834277",
      "date_of_birth": "1990-04-20",
      "email_verified": true,
      "password": "pbkdf2_sha256$600000$Nf1JSucDbGkFARSXcttRQD$N/J0GcH+3KSNcfsYbFAPOYHiphFBCpzC0eBVRYmllCA=",
      "password_hash": "pbkdf2_sha256$600000$Nf1JSucDbGkFARSXcttRQD$N/J0GcH+3KSNcfsYbFAPOYHiphFBCpzC0eBVRYmllCA=",
      "is_active": true,
      "is_staff": false,
      "account_type": "COLLABORATOR",
      "last_login": null,
      "created_at": "2025-01-17T05:00:00Z",
      "updated_at": "2025-01-17T05:00:00Z"
    }
  },
  {
    "model": "users.user",
    "pk": "9f28ec05-ae87-4b9d-a803-bddb4ffb716f",
    "fields": {
      "email": "ophelie.descamps@brands.example.com",
      "first_name": "Ophélie",
      "last_name": "Descamps",
      "phone_country_code": "+39",
      "phone_number": "3317426812",
      "date_of_birth": "1990-04-20",
      "email_verified": true,
      "password": "pbkdf2_sha256$600000$Nf1JSucDbGkFARSXcttRQD$N/J0GcH+3KSNcfsYbFAPOYHiphFBCpzC0eBVRYmllCA=",
      "password_hash": "pbkdf2_sha256$600000$Nf1JSucDbGkFARSXcttRQD$N/J0GcH+3KSNcfsYbFAPOYHiphFBCpzC0eBVRYmllCA=",
      "is_active": true,
      "is_staff": false,
      "account_type": "COLLABORATOR",
      "last_login": null,
      "created_at": "2025-01-17T06:00:00Z",
      "updated_at": "2025-01-17T06:00:00Z"
    }
  },
  {
    "model": "users.user",
    "pk": "9f8f3436-ea24-4b37-9dce-3d765bdb1b0b",
    "fields": {
      "email": "pierre.delorme@brands.example.com",
      "first_name": "Pierre",
      "last_name": "Delorme",
      "phone_country_code": "+34",
      "phone_number": "934218747",
      "date_of_birth": "1990-04-20",
      "email_verified": true,
      "password": "pbkdf2_sha256$600000$Nf1JSucDbGkFARSXcttRQD$N/J0GcH+3KSNcfsYbFAPOYHiphFBCpzC0eBVRYmllCA=",
      "password_hash": "pbkdf2_sha256$600000$Nf1JSucDbGkFARSXcttRQD$N/J0GcH+3KSNcfsYbFAPOYHiphFBCpzC0eBVRYmllCA=",
      "is_active": true,
      "is_staff": false,
      "account_type": "COLLABORATOR",
      "last_login": null,
      "created_at": "2025-01-17T07:00:00Z",
      "updated_at": "2025-01-17T07:00:00Z"
    }
  },
  {
    "model": "users.user",
    "pk": "bd502515-115e-438e-9af2-dab6dcac5cf5",
    "fields": {
      "email": "quitterie.renaud@brands.example.com",
      "first_name": "Quitterie",
      "last_name": "Renaud",
      "phone_country_code": "+32",
      "phone_number": "0498267417",
      "date_of_birth": "1990-04-20",
      "email_verified": true,
      "password": "pbkdf2_sha256$600000$Nf1JSucDbGkFARSXcttRQD$N/J0GcH+3KSNcfsYbFAPOYHiphFBCpzC0eBVRYmllCA=",
      "password_hash": "pbkdf2_sha256$600000$Nf1JSucDbGkFARSXcttRQD$N/J0GcH+3KSNcfsYbFAPOYHiphFBCpzC0eBVRYmllCA=",
      "is_active": true,
      "is_staff": false,
      "account_type": "COLLABORATOR",
      "last_login": null,
      "created_at": "2025-01-17T08:00:00Z",
      "updated_at": "2025-01-17T08:00:00Z"
    }
  },
  {
    "model": "users.user",
    "pk": "270cf96e-f85b-4534-8700-0346ef1eafa4",
    "fields": {
      "email": "raphael.leclerc@brands.example.com",
      "first_name": "Raphaël",
      "last_name": "Leclerc",
      "phone_country_code": "+41",
      "phone_number": "0784231752",
      "date_of_birth": "1990-04-20",
      "email_verified": true,
      "password": "pbkdf2_sha256$600000$Nf1JSucDbGkFARSXcttRQD$N/J0GcH+3KSNcfsYbFAPOYHiphFBCpzC0eBVRYmllCA=",
      "password_hash": "pbkdf2_sha256$600000$Nf1JSucDbGkFARSXcttRQD$N/J0GcH+3KSNcfsYbFAPOYHiphFBCpzC0eBVRYmllCA=",
      "is_active": true,
      "is_staff": false,
      "account_type": "COLLABORATOR",
      "last_login": null,
      "created_at": "2025-01-17T09:00:00Z",
      "updated_at": "2025-01-17T09:00:00Z"
    }
  },
  {
    "model": "users.user",
    "pk": "2438b16f-e1d7-4b79-9df6-d654986ce6a0",
    "fields": {
      "email": "salome.bertin@brands.example.com",
      "first_name": "Salomé",
      "last_name": "Bertin",
      "phone_country_code": "+352",
      "phone_number": "691452140",
      "date_of_birth": "1990-04-20",
      "email_verified": true,
      "password": "pbkdf2_sha256$600000$Nf1JSucDbGkFARSXcttRQD$N/J0GcH+3KSNcfsYbFAPOYHiphFBCpzC0eBVRYmllCA=",
      "password_hash": "pbkdf2_sha256$600000$Nf1JSucDbGkFARSXcttRQD$N/J0GcH+3KSNcfsYbFAPOYHiphFBCpzC0eBVRYmllCA=",
      "is_active": true,
      "is_staff": false,
      "account_type": "COLLABORATOR",
      "last_login": null,
      "created_at": "2025-01-17T10:00:00Z",
      "updated_at": "2025-01-17T10:00:00Z"
    }
  },
  {
    "model": "users.user",
    "pk": "b323b9b6-3b6b-434e-8324-5250cd04ba19",
    "fields": {
      "email": "tristan.hubert@brands.example.com",
      "first_name": "Tristan",
      "last_name": "Hubert",
      "phone_country_code": "+39",
      "phone_number": "3475184622",
      "date_of_birth": "1990-04-20",
      "email_verified": true,
      "password": "pbkdf2_sha256$600000$Nf1JSucDbGkFARSXcttRQD$N/J0GcH+3KSNcfsYbFAPOYHiphFBCpzC0eBVRYmllCA=",
      "password_hash": "pbkdf2_sha256$600000$Nf1JSucDbGkFARSXcttRQD$N/J0GcH+3KSNcfsYbFAPOYHiphFBCpzC0eBVRYmllCA=",
      "is_active": true,
      "is_staff": false,
      "account_type": "COLLABORATOR",
      "last_login": null,
      "created_at": "2025-01-17T11:00:00Z",
      "updated_at": "2025-01-17T11:00:00Z"
    }
  },
  {
    "model": "users.user",
    "pk": "92ff38a5-5b54-4379-8db3-7513996d94f7",
    "fields": {
      "email": "ulysse.gosselin@brands.example.com",
      "first_name": "Ulysse",
      "last_name": "Gosselin",
      "phone_country_code": "+34",
      "phone_number": "722604915",
      "date_of_birth": "1990-04-20",
      "email_verified": true,
      "password": "pbkdf2_sha256$600000$Nf1JSucDbGkFARSXcttRQD$N/J0GcH+3KSNcfsYbFAPOYHiphFBCpzC0eBVRYmllCA=",
      "password_hash": "pbkdf2_sha256$600000$Nf1JSucDbGkFARSXcttRQD$N/J0GcH+3KSNcfsYbFAPOYHiphFBCpzC0eBVRYmllCA=",
      "is_active": true,
      "is_staff": false,
      "account_type": "COLLABORATOR",
      "last_login": null,
      "created_at": "2025-01-17T12:00:00Z",
      "updated_at": "2025-01-17T12:00:00Z"
    }
  },
  {
    "model": "users.user",
    "pk": "f7273124-276d-409e-9580-646548206d12",
    "fields": {
      "email": "valerie.chartier@brands.example.com",
      "first_name": "Valérie",
      "last_name": "Chartier",
      "phone_country_code": "+32",
      "phone_number": "0466905223",
      "date_of_birth": "1990-04-20",
      "email_verified": true,
      "password": "pbkdf2_sha256$600000$Nf1JSucDbGkFARSXcttRQD$N/J0GcH+3KSNcfsYbFAPOYHiphFBCpzC0eBVRYmllCA=",
      "password_hash": "pbkdf2_sha256$600000$Nf1JSucDbGkFARSXcttRQD$N/J0GcH+3KSNcfsYbFAPOYHiphFBCpzC0eBVRYmllCA=",
      "is_active": true,
      "is_staff": false,
      "account_type": "COLLABORATOR",
      "last_login": null,
      "created_at": "2025-01-17T13:00:00Z",
      "updated_at": "2025-01-17T13:00:00Z"
    }
  },
  {
    "model": "users.user",
    "pk": "1970b447-dbd4-4a9c-98a6-a579aa85d43f",
    "fields": {
      "email": "william.vaillant@brands.example.com",
      "first_name": "William",
      "last_name": "Vaillant",
      "phone_country_code": "+41",
      "phone_number": "0442853692",
      "date_of_birth": "1990-04-20",
      "email_verified": true,
      "password": "pbkdf2_sha256$600000$Nf1JSucDbGkFARSXcttRQD$N/J0GcH+3KSNcfsYbFAPOYHiphFBCpzC0eBVRYmllCA=",
      "password_hash": "pbkdf2_sha256$600000$Nf1JSucDbGkFARSXcttRQD$N/J0GcH+3KSNcfsYbFAPOYHiphFBCpzC0eBVRYmllCA=",
      "is_active": true,
      "is_staff": false,
      "account_type": "COLLABORATOR",
      "last_login": null,
      "created_at": "2025-01-17T14:00:00Z",
      "updated_at": "2025-01-17T14:00:00Z"
    }
  },
  {
    "model": "users.user",
    "pk": "38739959-d53e-439c-aeca-0daf4ceda033",
    "fields": {
      "email": "xavier.garnier@brands.example.com",
      "first_name": "Xavier",
      "last_name": "Garnier",
      "phone_country_code": "+352",
      "phone_number": "278906543",
      "date_of_birth": "1990-04-20",
      "email_verified": true,
      "password": "pbkdf2_sha256$600000$Nf1JSucDbGkFARSXcttRQD$N/J0GcH+3KSNcfsYbFAPOYHiphFBCpzC0eBVRYmllCA=",
      "password_hash": "pbkdf2_sha256$600000$Nf1JSucDbGkFARSXcttRQD$N/J0GcH+3KSNcfsYbFAPOYHiphFBCpzC0eBVRYmllCA=",
      "is_active": true,
      "is_staff": false,
      "account_type": "COLLABORATOR",
      "last_login": null,
      "created_at": "2025-01-17T15:00:00Z",
      "updated_at": "2025-01-17T15:00:00Z"
    }
  },
  {
    "model": "users.user",
    "pk": "e9207e39-8cb2-448c-8ae1-c6fcf8e6cfa5",
    "fields": {
      "email": "yasmine.fernand@brands.example.com",
      "first_name": "Yasmine",
      "last_name": "Fernand",
      "phone_country_code": "+39",
      "phone_number": "3209061247",
      "date_of_birth": "1990-04-20",
      "email_verified": true,
      "password": "pbkdf2_sha256$600000$Nf1JSucDbGkFARSXcttRQD$N/J0GcH+3KSNcfsYbFAPOYHiphFBCpzC0eBVRYmllCA=",
      "password_hash": "pbkdf2_sha256$600000$Nf1JSucDbGkFARSXcttRQD$N/J0GcH+3KSNcfsYbFAPOYHiphFBCpzC0eBVRYmllCA=",
      "is_active": true,
      "is_staff": false,
      "account_type": "COLLABORATOR",
      "last_login": null,
      "created_at": "2025-01-17T16:00:00Z",
      "updated_at": "2025-01-17T16:00:00Z"
    }
  },
  {
    "model": "users.user",
    "pk": "c0ace607-a914-4a6e-8f31-d58630683323",
    "fields": {
      "email": "zoe.lambert@brands.example.com",
      "first_name": "Zoé",
      "last_name": "Lambert",
      "phone_country_code": "+34",
      "phone_number": "612485233",
      "date_of_birth": "1990-04-20",
      "email_verified": true,
      "password": "pbkdf2_sha256$600000$Nf1JSucDbGkFARSXcttRQD$N/J0GcH+3KSNcfsYbFAPOYHiphFBCpzC0eBVRYmllCA=",
      "password_hash": "pbkdf2_sha256$600000$Nf1JSucDbGkFARSXcttRQD$N/J0GcH+3KSNcfsYbFAPOYHiphFBCpzC0eBVRYmllCA=",
      "is_active": true,
      "is_staff": false,
      "account_type": "COLLABORATOR",
      "last_login": null,
      "created_at": "2025-01-17T17:00:00Z",
      "updated_at": "2025-01-17T17:00:00Z"
    }
  },
  {
    "model": "users.user",
    "pk": "b568b1e9-761d-44c7-a637-0603f3dd4a4d",
    "fields": {
      "email": "adrien.payet@brands.example.com",
      "first_name": "Adrien",
      "last_name": "Payet",
      "phone_country_code": "+32",
      "phone_number": "0470182337",
      "date_of_birth": "1990-04-20",
      "email_verified": true,
      "password": "pbkdf2_sha256$600000$Nf1JSucDbGkFARSXcttRQD$N/J0GcH+3KSNcfsYbFAPOYHiphFBCpzC0eBVRYmllCA=",
      "password_hash": "pbkdf2_sha256$600000$Nf1JSucDbGkFARSXcttRQD$N/J0GcH+3KSNcfsYbFAPOYHiphFBCpzC0eBVRYmllCA=",
      "is_active": true,
      "is_staff": false,
      "account_type": "COLLABORATOR",
      "last_login": null,
      "created_at": "2025-01-17T18:00:00Z",
      "updated_at": "2025-01-17T18:00:00Z"
    }
  },
  {
    "model": "users.user",
    "pk": "97b9d374-da27-4b3d-8b79-88afd1f8a759",
    "fields": {
      "email": "berenice.verdier@brands.example.com",
      "first_name": "Bérénice",
      "last_name": "Verdier",
      "phone_country_code": "+41",
      "phone_number": "0796124803",
      "date_of_birth": "1990-04-20",
      "email_verified": true,
      "password": "pbkdf2_sha256$600000$Nf1JSucDbGkFARSXcttRQD$N/J0GcH+3KSNcfsYbFAPOYHiphFBCpzC0eBVRYmllCA=",
      "password_hash": "pbkdf2_sha256$600000$Nf1JSucDbGkFARSXcttRQD$N/J0GcH+3KSNcfsYbFAPOYHiphFBCpzC0eBVRYmllCA=",
      "is_active": true,
      "is_staff": false,
      "account_type": "COLLABORATOR",
      "last_login": null,
      "created_at": "2025-01-17T19:00:00Z",
      "updated_at": "2025-01-17T19:00:00Z"
    }
  },
  {
    "model": "users.user",
    "pk": "f003c7aa-b939-4cd1-8899-7b60efd2697e",
    "fields": {
      "email": "cyril.gallet@brands.example.com",
      "first_name": "Cyril",
      "last_name": "Gallet",
      "phone_country_code": "+352",
      "phone_number": "621834278",
      "date_of_birth": "1990-04-20",
      "email_verified": true,
      "password": "pbkdf2_sha256$600000$Nf1JSucDbGkFARSXcttRQD$N/J0GcH+3KSNcfsYbFAPOYHiphFBCpzC0eBVRYmllCA=",
      "password_hash": "pbkdf2_sha256$600000$Nf1JSucDbGkFARSXcttRQD$N/J0GcH+3KSNcfsYbFAPOYHiphFBCpzC0eBVRYmllCA=",
      "is_active": true,
      "is_staff": false,
      "account_type": "COLLABORATOR",
      "last_login": null,
      "created_at": "2025-01-17T20:00:00Z",
      "updated_at": "2025-01-17T20:00:00Z"
    }
  },
  {
    "model": "users.user",
    "pk": "af20fac5-d239-4a12-a0eb-d3399c021e56",
    "fields": {
      "email": "daphne.picard@brands.example.com",
      "first_name": "Daphné",
      "last_name": "Picard",
      "phone_country_code": "+39",
      "phone_number": "3317426813",
      "date_of_birth": "1990-04-20",
      "email_verified": true,
      "password": "pbkdf2_sha256$600000$Nf1JSucDbGkFARSXcttRQD$N/J0GcH+3KSNcfsYbFAPOYHiphFBCpzC0eBVRYmllCA=",
      "password_hash": "pbkdf2_sha256$600000$Nf1JSucDbGkFARSXcttRQD$N/J0GcH+3KSNcfsYbFAPOYHiphFBCpzC0eBVRYmllCA=",
      "is_active": true,
      "is_staff": false,
      "account_type": "COLLABORATOR",
      "last_login": null,
      "created_at": "2025-01-17T21:00:00Z",
      "updated_at": "2025-01-17T21:00:00Z"
    }
  },
  {
    "model": "organisations.organisation",
    "pk": "cd8af614-5010-4d57-9930-bd5d7d6d8144",
    "fields": {
      "name": "Global Sports Partners",
      "slug": "global-sports-partners",
      "owner": null,
      "type": "AGENCY",
      "industry": "Marketing sportif",
      "logo": "",
      "banner_image": "",
      "description": "Agence internationale spécialisée dans les activations multicanales.",
      "website_url": "https://global-sports.example.com",
      "email_contact": "contact@global-sports.example.com",
      "phone_contact": "+34 934 218 748",
      "address_city": "Paris",
      "address_country": "France",
      "address_postal_code": "75008",
      "social_links": {
        "linkedin": "https://www.linkedin.com/company/global-sports"
      },
      "founded_year": 2010,
      "employees_count": 120,
      "budget_range": "500k-1M€",
      "sponsoring_focus": [
        "Activation digitale",
        "Hospitalités premium"
      ],
      "created_at": "2025-01-16T10:00:00Z",
      "updated_at": "2025-01-16T10:00:00Z"
    }
  },
  {
    "model": "organisations.collaborator",
    "pk": "f4c67d33-ef1a-4fc5-8c25-046bc8616ebc",
    "fields": {
      "user": "dd56d450-f621-436d-84ff-f32f22fe0b84",
      "organisation": "cd8af614-5010-4d57-9930-bd5d7d6d8144",
      "role": "OWNER",
      "job_title": "Directrice des partenariats",
      "created_at": "2025-01-16T10:05:00Z",
      "updated_at": "2025-01-16T10:05:00Z"
    }
  },
  {
    "model": "organisations.collaborator",
    "pk": "f08659c8-6159-4a69-b345-a55ecffe62fe",
    "fields": {
      "user": "f7b89cf2-1dd3-4108-a8a7-388e79fa3b9e",
      "organisation": "cd8af614-5010-4d57-9930-bd5d7d6d8144",
      "role": "MEMBER",
      "job_title": "Responsable activation",
      "created_at": "2025-01-16T10:10:00Z",
      "updated_at": "2025-01-16T10:10:00Z"
    }
  },
  {
    "model": "organisations.collaborator",
    "pk": "aebc999e-ad09-4c6f-8d1a-fe20b52d04b6",
    "fields": {
      "user": "fa7affe3-8d08-41fb-8528-db8ffc58b306",
      "organisation": "cd8af614-5010-4d57-9930-bd5d7d6d8144",
      "role": "MEMBER",
      "job_title": "Chef de projet sponsoring",
      "created_at": "2025-01-16T10:11:00Z",
      "updated_at": "2025-01-16T10:11:00Z"
    }
  },
  {
    "model": "organisations.collaborator",
    "pk": "4f260237-69d5-4db0-8888-7a9efb3dc62d",
    "fields": {
      "user": "14a10362-170a-4467-be3a-1230f92ed46b",
      "organisation": "cd8af614-5010-4d57-9930-bd5d7d6d8144",
      "role": "MEMBER",
      "job_title": "Analyste data sports",
      "created_at": "2025-01-16T10:12:00Z",
      "updated_at": "2025-01-16T10:12:00Z"
    }
  },
  {
    "model": "organisations.collaborator",
    "pk": "b2d4745f-e15d-4c15-860e-471a29c3a288",
    "fields": {
      "user": "fb285d3a-64d7-47f0-a6d7-2adfc428334b",
      "organisation": "cd8af614-5010-4d57-9930-bd5d7d6d8144",
      "role": "MEMBER",
      "job_title": "Chargée des relations publiques",
      "created_at": "2025-01-16T10:13:00Z",
      "updated_at": "2025-01-16T10:13:00Z"
    }
  },
  {
    "model": "organisations.collaborator",
    "pk": "07032fb9-b888-4606-ba2e-a3165f24d4ad",
    "fields": {
      "user": "9fa4c694-c249-4f72-922a-6ca5790a6564",
      "organisation": "cd8af614-5010-4d57-9930-bd5d7d6d8144",
      "role": "MEMBER",
      "job_title": "Coordinateur événementiel",
      "created_at": "2025-01-16T10:14:00Z",
      "updated_at": "2025-01-16T10:14:00Z"
    }
  },
  {
    "model": "organisations.collaborator",
    "pk": "c30db46b-a2d1-42b9-b65c-0a1baf5f34e0",
    "fields": {
      "user": "17019291-6233-4df8-96c6-e56a74a9fdc0",
      "organisation": "cd8af614-5010-4d57-9930-bd5d7d6d8144",
      "role": "MEMBER",
      "job_title": "Juriste contrats",
      "created_at": "2025-01-16T10:15:00Z",
      "updated_at": "2025-01-16T10:15:00Z"
    }
  },
  {
    "model": "organisations.collaborator",
    "pk": "6ed7d98e-1c26-408b-be23-06b444de5290",
    "fields": {
      "user": "958b039c-83fb-469a-8e8b-50b651d87180",
      "organisation": "cd8af614-5010-4d57-9930-bd5d7d6d8144",
      "role": "MEMBER",
      "job_title": "Manager CRM",
      "created_at": "2025-01-16T10:16:00Z",
      "updated_at": "2025-01-16T10:16:00Z"
    }
  },
  {
    "model": "organisations.collaborator",
    "pk": "97ed1288-63d5-4db4-8669-53790f4bc476",
    "fields": {
      "user": "87c0d5ff-6f85-4e4e-a202-569d362541c2",
      "organisation": "cd8af614-5010-4d57-9930-bd5d7d6d8144",
      "role": "MEMBER",
      "job_title": "Designer créatif",
      "created_at": "2025-01-16T10:17:00Z",
      "updated_at": "2025-01-16T10:17:00Z"
    }
  },
  {
    "model": "organisations.collaborator",
    "pk": "10bb0064-3bb1-4b22-88f3-9b6398bb8860",
    "fields": {
      "user": "3e99dcd1-0bde-4a97-9abd-dc2b097b4b0f",
      "organisation": "cd8af614-5010-4d57-9930-bd5d7d6d8144",
      "role": "MEMBER",
      "job_title": "Spécialiste réseaux sociaux",
      "created_at": "2025-01-16T10:18:00Z",
      "updated_at": "2025-01-16T10:18:00Z"
    }
  },
  {
    "model": "organisations.organisation",
    "pk": "cbc3b129-af87-457f-932b-e330cbdbf218",
    "fields": {
      "name": "HexaTech",
      "slug": "hexatech",
      "owner": null,
      "type": "STARTUP",
      "industry": "Communication",
      "logo": "",
      "banner_image": "",
      "description": "HexaTech recherche des opportunités de sponsoring ciblées.",
      "website_url": "https://hexatech.example.com",
      "email_contact": "hello@hexatech.example.com",
      "phone_contact": "+32 0498 26 74 18",
      "address_city": "Lyon",
      "address_country": "France",
      "address_postal_code": "69002",
      "social_links": {
        "linkedin": "https://www.linkedin.com/company/hexatech"
      },
      "founded_year": 2018,
      "employees_count": 25,
      "budget_range": "150k-300k€",
      "sponsoring_focus": [
        "Brand awareness",
        "Lancement produit"
      ],
      "created_at": "2025-01-17T10:03:00Z",
      "updated_at": "2025-01-17T10:03:00Z"
    }
  },
  {
    "model": "organisations.collaborator",
    "pk": "2f0a640c-bea3-45ac-9a99-6e93dd6ce5ac",
    "fields": {
      "user": "460eca05-309b-4e87-ba77-89960f558b69",
      "organisation": "cbc3b129-af87-457f-932b-e330cbdbf218",
      "role": "OWNER",
      "job_title": "Responsable sponsoring",
      "created_at": "2025-01-17T10:00:00Z",
      "updated_at": "2025-01-17T10:00:00Z"
    }
  },
  {
    "model": "organisations.collaborator",
    "pk": "8c95f5dc-8c28-4657-b48e-8db332ca458a",
    "fields": {
      "user": "0bb5e05d-d538-4a79-98b5-d1bee64951bf",
      "organisation": "cbc3b129-af87-457f-932b-e330cbdbf218",
      "role": "MEMBER",
      "job_title": "Chef de projet",
      "created_at": "2025-01-17T10:01:00Z",
      "updated_at": "2025-01-17T10:01:00Z"
    }
  },
  {
    "model": "organisations.collaborator",
    "pk": "0918ede8-4081-4a59-9530-262aeedff596",
    "fields": {
      "user": "6a4e4f9b-d381-402b-ad8d-3c7441286de4",
      "organisation": "cbc3b129-af87-457f-932b-e330cbdbf218",
      "role": "MEMBER",
      "job_title": "Analyste insights",
      "created_at": "2025-01-17T10:02:00Z",
      "updated_at": "2025-01-17T10:02:00Z"
    }
  },
  {
    "model": "organisations.organisation",
    "pk": "661e3f49-8b96-40af-b290-b9d7d0227bf7",
    "fields": {
      "name": "LuxeMode",
      "slug": "luxemode",
      "owner": null,
      "type": "BRAND",
      "industry": "Communication",
      "logo": "",
      "banner_image": "",
      "description": "LuxeMode recherche des opportunités de sponsoring ciblées.",
      "website_url": "https://luxemode.example.com",
      "email_contact": "hello@luxemode.example.com",
      "phone_contact": "+41 078 423 17 53",
      "address_city": "Lyon",
      "address_country": "France",
      "address_postal_code": "69002",
      "social_links": {
        "linkedin": "https://www.linkedin.com/company/luxemode"
      },
      "founded_year": 2018,
      "employees_count": 25,
      "budget_range": "150k-300k€",
      "sponsoring_focus": [
        "Brand awareness",
        "Lancement produit"
      ],
      "created_at": "2025-01-17T10:06:00Z",
      "updated_at": "2025-01-17T10:06:00Z"
    }
  },
  {
    "model": "organisations.collaborator",
    "pk": "037fdf65-bd22-44e4-bd48-3e3d416b24fe",
    "fields": {
      "user": "1719cb06-29f9-491c-a365-43f7e71d13b4",
      "organisation": "661e3f49-8b96-40af-b290-b9d7d0227bf7",
      "role": "OWNER",
      "job_title": "Responsable sponsoring",
      "created_at": "2025-01-17T10:05:00Z",
      "updated_at": "2025-01-17T10:05:00Z"
    }
  },
  {
    "model": "organisations.collaborator",
    "pk": "89ab0d7e-ad53-40fe-9cf6-f9ff0b10344b",
    "fields": {
      "user": "9f28ec05-ae87-4b9d-a803-bddb4ffb716f",
      "organisation": "661e3f49-8b96-40af-b290-b9d7d0227bf7",
      "role": "MEMBER",
      "job_title": "Chef de projet",
      "created_at": "2025-01-17T10:06:00Z",
      "updated_at": "2025-01-17T10:06:00Z"
    }
  },
  {
    "model": "organisations.collaborator",
    "pk": "d096fa9c-020c-45dc-9c8d-f45c18f6637e",
    "fields": {
      "user": "9f8f3436-ea24-4b37-9dce-3d765bdb1b0b",
      "organisation": "661e3f49-8b96-40af-b290-b9d7d0227bf7",
      "role": "MEMBER",
      "job_title": "Analyste insights",
      "created_at": "2025-01-17T10:07:00Z",
      "updated_at": "2025-01-17T10:07:00Z"
    }
  },
  {
    "model": "organisations.organisation",
    "pk": "94b73c10-0173-4655-95b3-c80d5a3f5100",
    "fields": {
      "name": "GreenEnergy",
      "slug": "greenenergy",
      "owner": null,
      "type": "SME",
      "industry": "Communication",
      "logo": "",
      "banner_image": "",
      "description": "GreenEnergy recherche des opportunités de sponsoring ciblées.",
      "website_url": "https://greenenergy.example.com",
      "email_contact": "hello@greenenergy.example.com",
      "phone_contact": "+352 691 45 21 41",
      "address_city": "Lyon",
      "address_country": "France",
      "address_postal_code": "69002",
      "social_links": {
        "linkedin": "https://www.linkedin.com/company/greenenergy"
      },
      "founded_year": 2018,
      "employees_count": 25,
      "budget_range": "150k-300k€",
      "sponsoring_focus": [
        "Brand awareness",
        "Lancement produit"
      ],
      "created_at": "2025-01-17T10:09:00Z",
      "updated_at": "2025-01-17T10:09:00Z"
    }
  },
  {
    "model": "organisations.collaborator",
    "pk": "940a8c04-c3f9-4cdd-b284-92f77c6a25c7",
    "fields": {
      "user": "bd502515-115e-438e-9af2-dab6dcac5cf5",
      "organisation": "94b73c10-0173-4655-95b3-c80d5a3f5100",
      "role": "OWNER",
      "job_title": "Responsable sponsoring",
      "created_at": "2025-01-17T10:10:00Z",
      "updated_at": "2025-01-17T10:10:00Z"
    }
  },
  {
    "model": "organisations.collaborator",
    "pk": "a3f51722-e4eb-4b74-8387-b7261c1a1799",
    "fields": {
      "user": "270cf96e-f85b-4534-8700-0346ef1eafa4",
      "organisation": "94b73c10-0173-4655-95b3-c80d5a3f5100",
      "role": "MEMBER",
      "job_title": "Chef de projet",
      "created_at": "2025-01-17T10:11:00Z",
      "updated_at": "2025-01-17T10:11:00Z"
    }
  },
  {
    "model": "organisations.collaborator",
    "pk": "021c128a-f64a-475c-bd3f-367a5e1305cf",
    "fields": {
      "user": "2438b16f-e1d7-4b79-9df6-d654986ce6a0",
      "organisation": "94b73c10-0173-4655-95b3-c80d5a3f5100",
      "role": "MEMBER",
      "job_title": "Analyste insights",
      "created_at": "2025-01-17T10:12:00Z",
      "updated_at": "2025-01-17T10:12:00Z"
    }
  },
  {
    "model": "organisations.organisation",
    "pk": "e21ff8c7-9bc3-4eb7-a95e-f572c30c7dbb",
    "fields": {
      "name": "Alpes Aventures",
      "slug": "alpes-aventures",
      "owner": null,
      "type": "ASSOCIATION",
      "industry": "Communication",
      "logo": "",
      "banner_image": "",
      "description": "Alpes Aventures recherche des opportunités de sponsoring ciblées.",
      "website_url": "https://alpes-aventures.example.com",
      "email_contact": "hello@alpes-aventures.example.com",
      "phone_contact": "+39 347 518 46 23",
      "address_city": "Lyon",
      "address_country": "France",
      "address_postal_code": "69002",
      "social_links": {
        "linkedin": "https://www.linkedin.com/company/alpes-aventures"
      },
      "founded_year": 2018,
      "employees_count": 25,
      "budget_range": "150k-300k€",
      "sponsoring_focus": [
        "Brand awareness",
        "Lancement produit"
      ],
      "created_at": "2025-01-17T10:12:00Z",
      "updated_at": "2025-01-17T10:12:00Z"
    }
  },
  {
    "model": "organisations.collaborator",
    "pk": "d0dc2acd-764a-4304-a05c-1f012479fb48",
    "fields": {
      "user": "b323b9b6-3b6b-434e-8324-5250cd04ba19",
      "organisation": "e21ff8c7-9bc3-4eb7-a95e-f572c30c7dbb",
      "role": "OWNER",
      "job_title": "Responsable sponsoring",
      "created_at": "2025-01-17T10:15:00Z",
      "updated_at": "2025-01-17T10:15:00Z"
    }
  },
  {
    "model": "organisations.collaborator",
    "pk": "838d4451-6398-4126-b975-3c5d058cd3e1",
    "fields": {
      "user": "92ff38a5-5b54-4379-8db3-7513996d94f7",
      "organisation": "e21ff8c7-9bc3-4eb7-a95e-f572c30c7dbb",
      "role": "MEMBER",
      "job_title": "Chef de projet",
      "created_at": "2025-01-17T10:16:00Z",
      "updated_at": "2025-01-17T10:16:00Z"
    }
  },
  {
    "model": "organisations.collaborator",
    "pk": "345f53a0-c77f-43c5-b148-bbdddc27d11b",
    "fields": {
      "user": "f7273124-276d-409e-9580-646548206d12",
      "organisation": "e21ff8c7-9bc3-4eb7-a95e-f572c30c7dbb",
      "role": "MEMBER",
      "job_title": "Analyste insights",
      "created_at": "2025-01-17T10:17:00Z",
      "updated_at": "2025-01-17T10:17:00Z"
    }
  },
  {
    "model": "organisations.organisation",
    "pk": "d941c341-5080-4385-bc81-283fdc4d9dd2",
    "fields": {
      "name": "Digital Fans",
      "slug": "digital-fans",
      "owner": null,
      "type": "STARTUP",
      "industry": "Communication",
      "logo": "",
      "banner_image": "",
      "description": "Digital Fans recherche des opportunités de sponsoring ciblées.",
      "website_url": "https://digital-fans.example.com",
      "email_contact": "hello@digital-fans.example.com",
      "phone_contact": "+34 722 604 916",
      "address_city": "Lyon",
      "address_country": "France",
      "address_postal_code": "69002",
      "social_links": {
        "linkedin": "https://www.linkedin.com/company/digital-fans"
      },
      "founded_year": 2018,
      "employees_count": 25,
      "budget_range": "150k-300k€",
      "sponsoring_focus": [
        "Brand awareness",
        "Lancement produit"
      ],
      "created_at": "2025-01-17T10:15:00Z",
      "updated_at": "2025-01-17T10:15:00Z"
    }
  },
  {
    "model": "organisations.collaborator",
    "pk": "c4593e69-6d62-4bfc-be1e-4452762828be",
    "fields": {
      "user": "1970b447-dbd4-4a9c-98a6-a579aa85d43f",
      "organisation": "d941c341-5080-4385-bc81-283fdc4d9dd2",
      "role": "OWNER",
      "job_title": "Responsable sponsoring",
      "created_at": "2025-01-17T10:20:00Z",
      "updated_at": "2025-01-17T10:20:00Z"
    }
  },
  {
    "model": "organisations.collaborator",
    "pk": "a96c7884-b1bb-4be3-ac12-84e5288fbfd4",
    "fields": {
      "user": "38739959-d53e-439c-aeca-0daf4ceda033",
      "organisation": "d941c341-5080-4385-bc81-283fdc4d9dd2",
      "role": "MEMBER",
      "job_title": "Chef de projet",
      "created_at": "2025-01-17T10:21:00Z",
      "updated_at": "2025-01-17T10:21:00Z"
    }
  },
  {
    "model": "organisations.collaborator",
    "pk": "a448aa6f-d5fa-4e19-aae1-b45f8b96b605",
    "fields": {
      "user": "e9207e39-8cb2-448c-8ae1-c6fcf8e6cfa5",
      "organisation": "d941c341-5080-4385-bc81-283fdc4d9dd2",
      "role": "MEMBER",
      "job_title": "Analyste insights",
      "created_at": "2025-01-17T10:22:00Z",
      "updated_at": "2025-01-17T10:22:00Z"
    }
  },
  {
    "model": "organisations.organisation",
    "pk": "53025595-f323-4230-81c9-1465d0833bf3",
    "fields": {
      "name": "Atelier Gourmand",
      "slug": "atelier-gourmand",
      "owner": null,
      "type": "SME",
      "industry": "Artisanat",
      "logo": "",
      "banner_image": "",
      "description": "Atelier Gourmand explore les partenariats locaux.",
      "website_url": "https://atelier-gourmand.example.com",
      "email_contact": "contact@atelier-gourmand.example.com",
      "phone_contact": "+32 0466 90 52 24",
      "address_city": "Bordeaux",
      "address_country": "France",
      "address_postal_code": "33000",
      "social_links": {},
      "founded_year": 2020,
      "employees_count": 6,
      "budget_range": "20k-50k€",
      "sponsoring_focus": [
        "Visibilité locale"
      ],
      "created_at": "2025-01-18T10:24:00Z",
      "updated_at": "2025-01-18T10:24:00Z"
    }
  },
  {
    "model": "organisations.collaborator",
    "pk": "5158887d-bb65-402b-b434-457fc3faa73a",
    "fields": {
      "user": "c0ace607-a914-4a6e-8f31-d58630683323",
      "organisation": "53025595-f323-4230-81c9-1465d0833bf3",
      "role": "OWNER",
      "job_title": "Gérant",
      "created_at": "2025-01-18T10:00:00Z",
      "updated_at": "2025-01-18T10:00:00Z"
    }
  },
  {
    "model": "organisations.organisation",
    "pk": "14d3260a-dfdd-492b-a6d9-6d937cd9b731",
    "fields": {
      "name": "Studio Nova",
      "slug": "studio-nova",
      "owner": null,
      "type": "STARTUP",
      "industry": "Artisanat",
      "logo": "",
      "banner_image": "",
      "description": "Studio Nova explore les partenariats locaux.",
      "website_url": "https://studio-nova.example.com",
      "email_contact": "contact@studio-nova.example.com",
      "phone_contact": "+41 044 285 36 93",
      "address_city": "Bordeaux",
      "address_country": "France",
      "address_postal_code": "33000",
      "social_links": {},
      "founded_year": 2020,
      "employees_count": 6,
      "budget_range": "20k-50k€",
      "sponsoring_focus": [
        "Visibilité locale"
      ],
      "created_at": "2025-01-18T10:28:00Z",
      "updated_at": "2025-01-18T10:28:00Z"
    }
  },
  {
    "model": "organisations.collaborator",
    "pk": "279758aa-9c0d-40ac-be97-acc71a7a5c83",
    "fields": {
      "user": "b568b1e9-761d-44c7-a637-0603f3dd4a4d",
      "organisation": "14d3260a-dfdd-492b-a6d9-6d937cd9b731",
      "role": "OWNER",
      "job_title": "Gérant",
      "created_at": "2025-01-18T10:06:00Z",
      "updated_at": "2025-01-18T10:06:00Z"
    }
  },
  {
    "model": "organisations.organisation",
    "pk": "94587689-30af-4945-b83b-33a4fde2a5c5",
    "fields": {
      "name": "Club Urbain",
      "slug": "club-urbain",
      "owner": null,
      "type": "ASSOCIATION",
      "industry": "Artisanat",
      "logo": "",
      "banner_image": "",
      "description": "Club Urbain explore les partenariats locaux.",
      "website_url": "https://club-urbain.example.com",
      "email_contact": "contact@club-urbain.example.com",
      "phone_contact": "+352 278 90 65 44",
      "address_city": "Bordeaux",
      "address_country": "France",
      "address_postal_code": "33000",
      "social_links": {},
      "founded_year": 2020,
      "employees_count": 6,
      "budget_range": "20k-50k€",
      "sponsoring_focus": [
        "Visibilité locale"
      ],
      "created_at": "2025-01-18T10:32:00Z",
      "updated_at": "2025-01-18T10:32:00Z"
    }
  },
  {
    "model": "organisations.collaborator",
    "pk": "7c9dab37-42a6-4776-915e-aa5f3580a7bf",
    "fields": {
      "user": "97b9d374-da27-4b3d-8b79-88afd1f8a759",
      "organisation": "94587689-30af-4945-b83b-33a4fde2a5c5",
      "role": "OWNER",
      "job_title": "Gérant",
      "created_at": "2025-01-18T10:12:00Z",
      "updated_at": "2025-01-18T10:12:00Z"
    }
  },
  {
    "model": "organisations.organisation",
    "pk": "37dd8217-73c2-48af-aaee-845fac810553",
    "fields": {
      "name": "Maison Riviera",
      "slug": "maison-riviera",
      "owner": null,
      "type": "BRAND",
      "industry": "Artisanat",
      "logo": "",
      "banner_image": "",
      "description": "Maison Riviera explore les partenariats locaux.",
      "website_url": "https://maison-riviera.example.com",
      "email_contact": "contact@maison-riviera.example.com",
      "phone_contact": "+39 320 906 12 48",
      "address_city": "Bordeaux",
      "address_country": "France",
      "address_postal_code": "33000",
      "social_links": {},
      "founded_year": 2020,
      "employees_count": 6,
      "budget_range": "20k-50k€",
      "sponsoring_focus": [
        "Visibilité locale"
      ],
      "created_at": "2025-01-18T10:36:00Z",
      "updated_at": "2025-01-18T10:36:00Z"
    }
  },
  {
    "model": "organisations.collaborator",
    "pk": "f64f89b8-3c19-4aa2-b8d9-3602a6e39980",
    "fields": {
      "user": "f003c7aa-b939-4cd1-8899-7b60efd2697e",
      "organisation": "37dd8217-73c2-48af-aaee-845fac810553",
      "role": "OWNER",
      "job_title": "Gérant",
      "created_at": "2025-01-18T10:18:00Z",
      "updated_at": "2025-01-18T10:18:00Z"
    }
  },
  {
    "model": "organisations.organisation",
    "pk": "4ed1bbe5-920d-407c-b90a-4e12fa82201e",
    "fields": {
      "name": "MediaPulse",
      "slug": "mediapulse",
      "owner": null,
      "type": "OTHER",
      "industry": "Artisanat",
      "logo": "",
      "banner_image": "",
      "description": "MediaPulse explore les partenariats locaux.",
      "website_url": "https://mediapulse.example.com",
      "email_contact": "contact@mediapulse.example.com",
      "phone_contact": "+34 612 485 234",
      "address_city": "Bordeaux",
      "address_country": "France",
      "address_postal_code": "33000",
      "social_links": {},
      "founded_year": 2020,
      "employees_count": 6,
      "budget_range": "20k-50k€",
      "sponsoring_focus": [
        "Visibilité locale"
      ],
      "created_at": "2025-01-18T10:40:00Z",
      "updated_at": "2025-01-18T10:40:00Z"
    }
  },
  {
    "model": "organisations.collaborator",
    "pk": "0e9b6c34-c560-4151-8b69-c4808949ed3a",
    "fields": {
      "user": "af20fac5-d239-4a12-a0eb-d3399c021e56",
      "organisation": "4ed1bbe5-920d-407c-b90a-4e12fa82201e",
      "role": "OWNER",
      "job_title": "Gérant",
      "created_at": "2025-01-18T10:24:00Z",
      "updated_at": "2025-01-18T10:24:00Z"
    }
  },
  {
    "model": "payments.subscription",
    "pk": "f8e20e8a-d751-4146-960c-d7c23b8511b1",
    "fields": {
      "organisation": "cd8af614-5010-4d57-9930-bd5d7d6d8144",
      "agent": null,
      "plan": [
        "org-enterprise"
      ],
      "status": "active",
      "start_at": "2024-12-31T10:00:00Z",
      "current_period_end": "2025-01-30T10:00:00Z",
      "stripe_customer_id": "cus_cd8af614",
      "stripe_subscription_id": "sub_cd8af614",
      "created_at": "2024-12-31T09:55:00Z",
      "updated_at": "2025-01-16T10:00:00Z"
    }
  },
  {
    "model": "payments.subscription",
    "pk": "7569475c-32de-4941-be9e-e77013233768",
    "fields": {
      "organisation": "cbc3b129-af87-457f-932b-e330cbdbf218",
      "agent": null,
      "plan": [
        "org-pro"
      ],
      "status": "active",
      "start_at": "2024-12-31T10:00:00Z",
      "current_period_end": "2025-01-30T10:00:00Z",
      "stripe_customer_id": "cus_cbc3b129",
      "stripe_subscription_id": "sub_cbc3b129",
      "created_at": "2024-12-31T09:55:00Z",
      "updated_at": "2025-01-16T10:00:00Z"
    }
  },
  {
    "model": "payments.subscription",
    "pk": "0ac893ab-4c4e-4311-9b63-8e83940ad026",
    "fields": {
      "organisation": "661e3f49-8b96-40af-b290-b9d7d0227bf7",
      "agent": null,
      "plan": [
        "org-pro"
      ],
      "status": "active",
      "start_at": "2024-12-31T10:00:00Z",
      "current_period_end": "2025-01-30T10:00:00Z",
      "stripe_customer_id": "cus_661e3f49",
      "stripe_subscription_id": "sub_661e3f49",
      "created_at": "2024-12-31T09:55:00Z",
      "updated_at": "2025-01-16T10:00:00Z"
    }
  },
  {
    "model": "payments.subscription",
    "pk": "ac242725-8172-4bd3-817f-19bb61572445",
    "fields": {
      "organisation": "94b73c10-0173-4655-95b3-c80d5a3f5100",
      "agent": null,
      "plan": [
        "org-pro"
      ],
      "status": "active",
      "start_at": "2024-12-31T10:00:00Z",
      "current_period_end": "2025-01-30T10:00:00Z",
      "stripe_customer_id": "cus_94b73c10",
      "stripe_subscription_id": "sub_94b73c10",
      "created_at": "2024-12-31T09:55:00Z",
      "updated_at": "2025-01-16T10:00:00Z"
    }
  },
  {
    "model": "payments.subscription",
    "pk": "90bed87c-31fb-4c0c-a686-e04325760aaa",
    "fields": {
      "organisation": "e21ff8c7-9bc3-4eb7-a95e-f572c30c7dbb",
      "agent": null,
      "plan": [
        "org-pro"
      ],
      "status": "active",
      "start_at": "2024-12-31T10:00:00Z",
      "current_period_end": "2025-01-30T10:00:00Z",
      "stripe_customer_id": "cus_e21ff8c7",
      "stripe_subscription_id": "sub_e21ff8c7",
      "created_at": "2024-12-31T09:55:00Z",
      "updated_at": "2025-01-16T10:00:00Z"
    }
  },
  {
    "model": "payments.subscription",
    "pk": "134071e4-c07a-4aa6-93eb-6f2230ad5aba",
    "fields": {
      "organisation": "d941c341-5080-4385-bc81-283fdc4d9dd2",
      "agent": null,
      "plan": [
        "org-pro"
      ],
      "status": "active",
      "start_at": "2024-12-31T10:00:00Z",
      "current_period_end": "2025-01-30T10:00:00Z",
      "stripe_customer_id": "cus_d941c341",
      "stripe_subscription_id": "sub_d941c341",
      "created_at": "2024-12-31T09:55:00Z",
      "updated_at": "2025-01-16T10:00:00Z"
    }
  },
  {
    "model": "payments.subscription",
    "pk": "f1b93df2-2f18-499f-a72e-55cca5fa2355",
    "fields": {
      "organisation": null,
      "agent": "9a6970e1-45de-4078-803a-902639953069",
      "plan": [
        "agent-free"
      ],
      "status": "active",
      "start_at": "2025-01-05T10:00:00Z",
      "current_period_end": "2025-02-04T10:00:00Z",
      "stripe_customer_id": "cus_agent_00",
      "stripe_subscription_id": "sub_agent_00",
      "created_at": "2025-01-05T09:30:00Z",
      "updated_at": "2025-01-20T10:00:00Z"
    }
  },
  {
    "model": "payments.subscription",
    "pk": "cd3f4f9d-c323-4f65-85f2-bea9774ef282",
    "fields": {
      "organisation": null,
      "agent": "06ea05c6-aa8f-4a81-9fca-e82763b4d6d0",
      "plan": [
        "agent-free"
      ],
      "status": "active",
      "start_at": "2025-01-04T10:00:00Z",
      "current_period_end": "2025-02-03T10:00:00Z",
      "stripe_customer_id": "cus_agent_01",
      "stripe_subscription_id": "sub_agent_01",
      "created_at": "2025-01-04T09:30:00Z",
      "updated_at": "2025-01-20T10:01:00Z"
    }
  },
  {
    "model": "payments.subscription",
    "pk": "c4ee346f-7922-42ed-afd4-8f38b265d319",
    "fields": {
      "organisation": null,
      "agent": "4c50de0e-360d-41a9-aa54-d26b8d296a08",
      "plan": [
        "agent-free"
      ],
      "status": "active",
      "start_at": "2025-01-03T10:00:00Z",
      "current_period_end": "2025-02-02T10:00:00Z",
      "stripe_customer_id": "cus_agent_02",
      "stripe_subscription_id": "sub_agent_02",
      "created_at": "2025-01-03T09:30:00Z",
      "updated_at": "2025-01-20T10:02:00Z"
    }
  },
  {
    "model": "payments.subscription",
    "pk": "e8c7aa87-f351-4f49-9791-ef5c21fef9f6",
    "fields": {
      "organisation": null,
      "agent": "89f298b5-812d-4e9a-8073-b2c56a81f6ae",
      "plan": [
        "agent-free"
      ],
      "status": "active",
      "start_at": "2025-01-02T10:00:00Z",
      "current_period_end": "2025-02-01T10:00:00Z",
      "stripe_customer_id": "cus_agent_03",
      "stripe_subscription_id": "sub_agent_03",
      "created_at": "2025-01-02T09:30:00Z",
      "updated_at": "2025-01-20T10:03:00Z"
    }
  },
  {
    "model": "payments.subscription",
    "pk": "a16c688f-7f12-46e3-88e0-a79e6b9ba025",
    "fields": {
      "organisation": null,
      "agent": "c6a24848-8bc5-4d90-9c05-92da3830a9bb",
      "plan": [
        "agent-free"
      ],
      "status": "active",
      "start_at": "2025-01-01T10:00:00Z",
      "current_period_end": "2025-01-31T10:00:00Z",
      "stripe_customer_id": "cus_agent_04",
      "stripe_subscription_id": "sub_agent_04",
      "created_at": "2025-01-01T09:30:00Z",
      "updated_at": "2025-01-20T10:04:00Z"
    }
  },
  {
    "model": "payments.subscription",
    "pk": "3adb105d-ced2-4652-9eca-340293c4b490",
    "fields": {
      "organisation": null,
      "agent": "93190d39-770e-4d7c-8998-d39d3713606e",
      "plan": [
        "agent-free"
      ],
      "status": "active",
      "start_at": "2024-12-31T10:00:00Z",
      "current_period_end": "2025-01-30T10:00:00Z",
      "stripe_customer_id": "cus_agent_05",
      "stripe_subscription_id": "sub_agent_05",
      "created_at": "2024-12-31T09:30:00Z",
      "updated_at": "2025-01-20T10:05:00Z"
    }
  },
  {
    "model": "payments.subscription",
    "pk": "671e7bdd-98d4-415b-aa7d-31776412aa84",
    "fields": {
      "organisation": null,
      "agent": "5651f2bf-738f-477d-87e2-1fc20c24aca4",
      "plan": [
        "agent-free"
      ],
      "status": "active",
      "start_at": "2024-12-30T10:00:00Z",
      "current_period_end": "2025-01-29T10:00:00Z",
      "stripe_customer_id": "cus_agent_06",
      "stripe_subscription_id": "sub_agent_06",
      "created_at": "2024-12-30T09:30:00Z",
      "updated_at": "2025-01-20T10:06:00Z"
    }
  },
  {
    "model": "payments.subscription",
    "pk": "d699a383-8f7d-4ce0-9fb0-a96d7e8cd714",
    "fields": {
      "organisation": null,
      "agent": "6d14e419-dc80-47f3-a478-fb77a5c63c9f",
      "plan": [
        "agent-free"
      ],
      "status": "active",
      "start_at": "2024-12-29T10:00:00Z",
      "current_period_end": "2025-01-28T10:00:00Z",
      "stripe_customer_id": "cus_agent_07",
      "stripe_subscription_id": "sub_agent_07",
      "created_at": "2024-12-29T09:30:00Z",
      "updated_at": "2025-01-20T10:07:00Z"
    }
  },
  {
    "model": "payments.subscription",
    "pk": "861c74f3-4754-418f-be1c-1242749bb4bb",
    "fields": {
      "organisation": null,
      "agent": "4065662a-cc0b-4e12-8ba3-a58b473cf3cb",
      "plan": [
        "agent-free"
      ],
      "status": "active",
      "start_at": "2024-12-28T10:00:00Z",
      "current_period_end": "2025-01-27T10:00:00Z",
      "stripe_customer_id": "cus_agent_08",
      "stripe_subscription_id": "sub_agent_08",
      "created_at": "2024-12-28T09:30:00Z",
      "updated_at": "2025-01-20T10:08:00Z"
    }
  },
  {
    "model": "payments.subscription",
    "pk": "06bff37b-5968-445a-a0fd-7e2f956a1516",
    "fields": {
      "organisation": null,
      "agent": "711298f2-5a2b-49f1-a92e-8c054461eb7c",
      "plan": [
        "agent-free"
      ],
      "status": "active",
      "start_at": "2024-12-27T10:00:00Z",
      "current_period_end": "2025-01-26T10:00:00Z",
      "stripe_customer_id": "cus_agent_09",
      "stripe_subscription_id": "sub_agent_09",
      "created_at": "2024-12-27T09:30:00Z",
      "updated_at": "2025-01-20T10:09:00Z"
    }
  },
  {
    "model": "payments.subscription",
    "pk": "ae2f1ff9-2e2d-4b6b-afb3-b4da00328d32",
    "fields": {
      "organisation": null,
      "agent": "ae81e894-7bc2-4536-8b03-7007eda30e88",
      "plan": [
        "agent-free"
      ],
      "status": "active",
      "start_at": "2024-12-26T10:00:00Z",
      "current_period_end": "2025-01-25T10:00:00Z",
      "stripe_customer_id": "cus_agent_10",
      "stripe_subscription_id": "sub_agent_10",
      "created_at": "2024-12-26T09:30:00Z",
      "updated_at": "2025-01-20T10:10:00Z"
    }
  },
  {
    "model": "payments.subscription",
    "pk": "dc81d9eb-caa1-455e-bf94-3755de3afda1",
    "fields": {
      "organisation": null,
      "agent": "8ff063e4-9986-41e8-afce-4424f2fd6c5f",
      "plan": [
        "agent-free"
      ],
      "status": "active",
      "start_at": "2024-12-25T10:00:00Z",
      "current_period_end": "2025-01-24T10:00:00Z",
      "stripe_customer_id": "cus_agent_11",
      "stripe_subscription_id": "sub_agent_11",
      "created_at": "2024-12-25T09:30:00Z",
      "updated_at": "2025-01-20T10:11:00Z"
    }
  },
  {
    "model": "payments.subscription",
    "pk": "1f093be9-207d-4828-afd7-16a459160220",
    "fields": {
      "organisation": null,
      "agent": "37c17c87-9d03-462a-a0cb-4c44d2adadf9",
      "plan": [
        "agent-pro"
      ],
      "status": "active",
      "start_at": "2024-12-24T10:00:00Z",
      "current_period_end": "2025-01-23T10:00:00Z",
      "stripe_customer_id": "cus_agent_12",
      "stripe_subscription_id": "sub_agent_12",
      "created_at": "2024-12-24T09:30:00Z",
      "updated_at": "2025-01-20T10:12:00Z"
    }
  },
  {
    "model": "payments.subscription",
    "pk": "91a95aa1-4143-4aeb-8d7a-8a2854f56e28",
    "fields": {
      "organisation": null,
      "agent": "4dd41b7e-518a-4246-bc20-d703bdb9b79f",
      "plan": [
        "agent-pro"
      ],
      "status": "active",
      "start_at": "2024-12-23T10:00:00Z",
      "current_period_end": "2025-01-22T10:00:00Z",
      "stripe_customer_id": "cus_agent_13",
      "stripe_subscription_id": "sub_agent_13",
      "created_at": "2024-12-23T09:30:00Z",
      "updated_at": "2025-01-20T10:13:00Z"
    }
  },
  {
    "model": "payments.subscription",
    "pk": "7094adf0-aae6-49d4-bced-956b499461fc",
    "fields": {
      "organisation": null,
      "agent": "6beddb27-a210-4c30-85d3-d971d484e304",
      "plan": [
        "agent-pro"
      ],
      "status": "active",
      "start_at": "2024-12-22T10:00:00Z",
      "current_period_end": "2025-01-21T10:00:00Z",
      "stripe_customer_id": "cus_agent_14",
      "stripe_subscription_id": "sub_agent_14",
      "created_at": "2024-12-22T09:30:00Z",
      "updated_at": "2025-01-20T10:14:00Z"
    }
  },
  {
    "model": "payments.subscription",
    "pk": "61e16fb7-aefd-437b-9f4e-26cd90b5d2b3",
    "fields": {
      "organisation": null,
      "agent": "6739de21-a590-461d-8537-6cc6fc2cf929",
      "plan": [
        "agent-agency"
      ],
      "status": "active",
      "start_at": "2024-12-21T10:00:00Z",
      "current_period_end": "2025-01-20T10:00:00Z",
      "stripe_customer_id": "cus_agent_15",
      "stripe_subscription_id": "sub_agent_15",
      "created_at": "2024-12-21T09:30:00Z",
      "updated_at": "2025-01-20T10:15:00Z"
    }
  },
  {
    "model": "payments.subscription",
    "pk": "8581900c-8651-4bb5-b0e5-d73c50e10d77",
    "fields": {
      "organisation": null,
      "agent": "20262a02-dbff-4beb-8c8d-e0141070c73d",
      "plan": [
        "agent-pro"
      ],
      "status": "active",
      "start_at": "2024-12-20T10:00:00Z",
      "current_period_end": "2025-01-19T10:00:00Z",
      "stripe_customer_id": "cus_agent_16",
      "stripe_subscription_id": "sub_agent_16",
      "created_at": "2024-12-20T09:30:00Z",
      "updated_at": "2025-01-20T10:16:00Z"
    }
  },
  {
    "model": "payments.subscription",
    "pk": "e82ee3ff-f647-4cd6-bf68-b85fec6e46ad",
    "fields": {
      "organisation": null,
      "agent": "df25e9f8-b6e3-4ebf-ae01-44aaadf73e6b",
      "plan": [
        "agent-pro"
      ],
      "status": "active",
      "start_at": "2024-12-19T10:00:00Z",
      "current_period_end": "2025-01-18T10:00:00Z",
      "stripe_customer_id": "cus_agent_17",
      "stripe_subscription_id": "sub_agent_17",
      "created_at": "2024-12-19T09:30:00Z",
      "updated_at": "2025-01-20T10:17:00Z"
    }
  },
  {
    "model": "payments.subscription",
    "pk": "411029dc-686b-47c1-b9db-7e0238500bad",
    "fields": {
      "organisation": null,
      "agent": "f814e2f6-f68b-4d72-af36-43828a8af531",
      "plan": [
        "agent-free"
      ],
      "status": "active",
      "start_at": "2024-12-18T10:00:00Z",
      "current_period_end": "2025-01-17T10:00:00Z",
      "stripe_customer_id": "cus_agent_18",
      "stripe_subscription_id": "sub_agent_18",
      "created_at": "2024-12-18T09:30:00Z",
      "updated_at": "2025-01-20T10:18:00Z"
    }
  },
  {
    "model": "payments.subscription",
    "pk": "f7dcdfe3-23ed-4df8-b6d2-fe2bd27ba963",
    "fields": {
      "organisation": null,
      "agent": "d36a51a0-78a1-4a2c-b108-0287b1efb106",
      "plan": [
        "agent-free"
      ],
      "status": "active",
      "start_at": "2024-12-17T10:00:00Z",
      "current_period_end": "2025-01-16T10:00:00Z",
      "stripe_customer_id": "cus_agent_19",
      "stripe_subscription_id": "sub_agent_19",
      "created_at": "2024-12-17T09:30:00Z",
      "updated_at": "2025-01-20T10:19:00Z"
    }
  },
  {
    "model": "athletes.athlete",
    "pk": "0a41790b-b62b-42c9-9466-d95cdd4270c4",
    "fields": {
      "sport": "cadfecda-b5cb-40e9-8b69-be4c2d0bbc9c",
      "agent": "9a6970e1-45de-4078-803a-902639953069",
      "full_name": "Alice Dupont",
      "slug": "alice-dupont-0",
      "birth_date": "1990-01-15",
      "nationality": "France",
      "country": "France",
      "city": "Paris",
      "bio": "Athlète professionnel(le) avec un palmarès reconnu sur la scène internationale.",
      "social_links": {
        "instagram": "https://instagram.com/alicedupont",
        "twitter": "https://twitter.com/alice"
      },
      "followers_count_cached": 15000,
      "engagement_rate_cached": "3.00",
      "avatar": "",
      "created_at": "2025-01-20T10:00:00Z",
      "updated_at": "2025-01-20T10:00:00Z"
    }
  },
  {
    "model": "athletes.athlete",
    "pk": "6d0f6dc3-cbbc-43e8-ad65-1b9a31f65ed1",
    "fields": {
      "sport": "883696a4-2fa7-45fc-9e76-e731631e16d3",
      "agent": "06ea05c6-aa8f-4a81-9fca-e82763b4d6d0",
      "full_name": "Bruno Martin",
      "slug": "bruno-martin-1",
      "birth_date": "1991-02-15",
      "nationality": "Belgique",
      "country": "Belgique",
      "city": "Lyon",
      "bio": "Athlète professionnel(le) avec un palmarès reconnu sur la scène internationale.",
      "social_links": {
        "instagram": "https://instagram.com/brunomartin",
        "twitter": "https://twitter.com/bruno"
      },
      "followers_count_cached": 16200,
      "engagement_rate_cached": "3.01",
      "avatar": "",
      "created_at": "2025-01-20T10:01:00Z",
      "updated_at": "2025-01-20T10:01:00Z"
    }
  },
  {
    "model": "athletes.athlete",
    "pk": "b76a3b66-9323-44bf-a171-6d195af9f667",
    "fields": {
      "sport": "f95507d4-e27a-4424-b808-1993c1f79bac",
      "agent": "4c50de0e-360d-41a9-aa54-d26b8d296a08",
      "full_name": "Chloé Laurent",
      "slug": "chloé-laurent-2",
      "birth_date": "1992-03-15",
      "nationality": "Suisse",
      "country": "Suisse",
      "city": "Nice",
      "bio": "Athlète professionnel(le) avec un palmarès reconnu sur la scène internationale.",
      "social_links": {
        "instagram": "https://instagram.com/chloélaurent",
        "twitter": "https://twitter.com/chloé"
      },
      "followers_count_cached": 17400,
      "engagement_rate_cached": "3.02",
      "avatar": "",
      "created_at": "2025-01-20T10:02:00Z",
      "updated_at": "2025-01-20T10:02:00Z"
    }
  },
  {
    "model": "athletes.athlete",
    "pk": "6f10ce57-f5c5-41d4-ba24-ab07d6f979a3",
    "fields": {
      "sport": "3deea7dd-737e-4f42-a1d9-3c898b73622f",
      "agent": "89f298b5-812d-4e9a-8073-b2c56a81f6ae",
      "full_name": "David Bernard",
      "slug": "david-bernard-3",
      "birth_date": "1993-04-15",
      "nationality": "Espagne",
      "country": "Espagne",
      "city": "Toulouse",
      "bio": "Athlète professionnel(le) avec un palmarès reconnu sur la scène internationale.",
      "social_links": {
        "instagram": "https://instagram.com/davidbernard",
        "twitter": "https://twitter.com/david"
      },
      "followers_count_cached": 18600,
      "engagement_rate_cached": "3.03",
      "avatar": "",
      "created_at": "2025-01-20T10:03:00Z",
      "updated_at": "2025-01-20T10:03:00Z"
    }
  },
  {
    "model": "athletes.athlete",
    "pk": "3b889fae-0b05-4504-8ca0-c852799f7ef2",
    "fields": {
      "sport": "ef368f12-e7d0-4742-b19f-8d7bb23ff9ae",
      "agent": "c6a24848-8bc5-4d90-9c05-92da3830a9bb",
      "full_name": "Emma Girard",
      "slug": "emma-girard-4",
      "birth_date": "1994-05-15",
      "nationality": "Italie",
      "country": "Italie",
      "city": "Bordeaux",
      "bio": "Athlète professionnel(le) avec un palmarès reconnu sur la scène internationale.",
      "social_links": {
        "instagram": "https://instagram.com/emmagirard",
        "twitter": "https://twitter.com/emma"
      },
      "followers_count_cached": 19800,
      "engagement_rate_cached": "3.04",
      "avatar": "",
      "created_at": "2025-01-20T10:04:00Z",
      "updated_at": "2025-01-20T10:04:00Z"
    }
  },
  {
    "model": "athletes.athlete",
    "pk": "cf683026-f1c2-44bd-8c0a-f4e2f68607e4",
    "fields": {
      "sport": "5b221662-722c-4052-b14a-9ee795dacfdc",
      "agent": "93190d39-770e-4d7c-8998-d39d3713606e",
      "full_name": "Fabien Moreau",
      "slug": "fabien-moreau-5",
      "birth_date": "1995-06-15",
      "nationality": "Allemagne",
      "country": "Allemagne",
      "city": "Marseille",
      "bio": "Athlète professionnel(le) avec un palmarès reconnu sur la scène internationale.",
      "social_links": {
        "instagram": "https://instagram.com/fabienmoreau",
        "twitter": "https://twitter.com/fabien"
      },
      "followers_count_cached": 21000,
      "engagement_rate_cached": "3.05",
      "avatar": "",
      "created_at": "2025-01-20T10:05:00Z",
      "updated_at": "2025-01-20T10:05:00Z"
    }
  },
  {
    "model": "athletes.athlete",
    "pk": "a0f21f9d-85e8-4105-ada6-a67e2ad4055f",
    "fields": {
      "sport": "3a011508-cde4-4bbe-bedc-731b166f3a6f",
      "agent": "5651f2bf-738f-477d-87e2-1fc20c24aca4",
      "full_name": "Gaëlle Robert",
      "slug": "gaëlle-robert-6",
      "birth_date": "1996-07-15",
      "nationality": "France",
      "country": "France",
      "city": "Paris",
      "bio": "Athlète professionnel(le) avec un palmarès reconnu sur la scène internationale.",
      "social_links": {
        "instagram": "https://instagram.com/gaëllerobert",
        "twitter": "https://twitter.com/gaëlle"
      },
      "followers_count_cached": 22200,
      "engagement_rate_cached": "3.06",
      "avatar": "",
      "created_at": "2025-01-20T10:06:00Z",
      "updated_at": "2025-01-20T10:06:00Z"
    }
  },
  {
    "model": "athletes.athlete",
    "pk": "f73d0b5d-12be-4283-a28d-feb37e687919",
    "fields": {
      "sport": "0e4d1af4-58c5-417e-a8b6-0a358eea3945",
      "agent": "6d14e419-dc80-47f3-a478-fb77a5c63c9f",
      "full_name": "Milan Ortega",
      "slug": "milan-ortega-7",
      "birth_date": "1997-08-15",
      "nationality": "Belgique",
      "country": "Belgique",
      "city": "Lyon",
      "bio": "Athlète professionnel(le) avec un palmarès reconnu sur la scène internationale.",
      "social_links": {
        "instagram": "https://instagram.com/milanortega",
        "twitter": "https://twitter.com/milan"
      },
      "followers_count_cached": 23400,
      "engagement_rate_cached": "3.07",
      "avatar": "",
      "created_at": "2025-01-20T10:07:00Z",
      "updated_at": "2025-01-20T10:07:00Z"
    }
  },
  {
    "model": "athletes.athlete",
    "pk": "22ad74d0-4775-4e21-b48e-665ba3a0b6b8",
    "fields": {
      "sport": "2c41a7f6-11dc-408e-bffd-da10ad915d7b",
      "agent": "4065662a-cc0b-4e12-8ba3-a58b473cf3cb",
      "full_name": "Yara Benali",
      "slug": "yara-benali-8",
      "birth_date": "1998-09-15",
      "nationality": "Suisse",
      "country": "Suisse",
      "city": "Nice",
      "bio": "Athlète professionnel(le) avec un palmarès reconnu sur la scène internationale.",
      "social_links": {
        "instagram": "https://instagram.com/yarabenali",
        "twitter": "https://twitter.com/yara"
      },
      "followers_count_cached": 24600,
      "engagement_rate_cached": "3.08",
      "avatar": "",
      "created_at": "2025-01-20T10:08:00Z",
      "updated_at": "2025-01-20T10:08:00Z"
    }
  },
  {
    "model": "athletes.athlete",
    "pk": "e03cecdc-ba05-40eb-96eb-b98ba0970d17",
    "fields": {
      "sport": "bbac9c1a-1f87-41bc-859f-a35f1368cff1",
      "agent": "711298f2-5a2b-49f1-a92e-8c054461eb7c",
      "full_name": "Theo Ricard",
      "slug": "theo-ricard-9",
      "birth_date": "1999-01-15",
      "nationality": "Espagne",
      "country": "Espagne",
      "city": "Toulouse",
      "bio": "Athlète professionnel(le) avec un palmarès reconnu sur la scène internationale.",
      "social_links": {
        "instagram": "https://instagram.com/theoricard",
        "twitter": "https://twitter.com/theo"
      },
      "followers_count_cached": 25800,
      "engagement_rate_cached": "3.09",
      "avatar": "",
      "created_at": "2025-01-20T10:09:00Z",
      "updated_at": "2025-01-20T10:09:00Z"
    }
  },
  {
    "model": "athletes.athlete",
    "pk": "f6ea411d-a9ad-4fff-ba0e-db1786264852",
    "fields": {
      "sport": "cadfecda-b5cb-40e9-8b69-be4c2d0bbc9c",
      "agent": "ae81e894-7bc2-4536-8b03-7007eda30e88",
      "full_name": "Selena Kone",
      "slug": "selena-kone-10",
      "birth_date": "1990-02-15",
      "nationality": "Italie",
      "country": "Italie",
      "city": "Bordeaux",
      "bio": "Athlète professionnel(le) avec un palmarès reconnu sur la scène internationale.",
      "social_links": {
        "instagram": "https://instagram.com/selenakone",
        "twitter": "https://twitter.com/selena"
      },
      "followers_count_cached": 27000,
      "engagement_rate_cached": "3.10",
      "avatar": "",
      "created_at": "2025-01-20T10:10:00Z",
      "updated_at": "2025-01-20T10:10:00Z"
    }
  },
  {
    "model": "athletes.athlete",
    "pk": "70ff893a-585f-4e26-bddf-32a088a6d0c4",
    "fields": {
      "sport": "883696a4-2fa7-45fc-9e76-e731631e16d3",
      "agent": "8ff063e4-9986-41e8-afce-4424f2fd6c5f",
      "full_name": "Jonas Kramer",
      "slug": "jonas-kramer-11",
      "birth_date": "1991-03-15",
      "nationality": "Allemagne",
      "country": "Allemagne",
      "city": "Marseille",
      "bio": "Athlète professionnel(le) avec un palmarès reconnu sur la scène internationale.",
      "social_links": {
        "instagram": "https://instagram.com/jonaskramer",
        "twitter": "https://twitter.com/jonas"
      },
      "followers_count_cached": 28200,
      "engagement_rate_cached": "3.11",
      "avatar": "",
      "created_at": "2025-01-20T10:11:00Z",
      "updated_at": "2025-01-20T10:11:00Z"
    }
  },
  {
    "model": "athletes.athlete",
    "pk": "64dfe6ed-8406-4b3c-84a7-dc2620d5fde3",
    "fields": {
      "sport": "f95507d4-e27a-4424-b808-1993c1f79bac",
      "agent": "37c17c87-9d03-462a-a0cb-4c44d2adadf9",
      "full_name": "Ingrid Meyer",
      "slug": "ingrid-meyer-12",
      "birth_date": "1992-04-15",
      "nationality": "France",
      "country": "France",
      "city": "Paris",
      "bio": "Athlète professionnel(le) avec un palmarès reconnu sur la scène internationale.",
      "social_links": {
        "instagram": "https://instagram.com/ingridmeyer",
        "twitter": "https://twitter.com/ingrid"
      },
      "followers_count_cached": 29400,
      "engagement_rate_cached": "3.12",
      "avatar": "",
      "created_at": "2025-01-20T10:12:00Z",
      "updated_at": "2025-01-20T10:12:00Z"
    }
  },
  {
    "model": "athletes.athlete",
    "pk": "1f1a81f0-2eb9-4eff-a602-935659e41ff6",
    "fields": {
      "sport": "3deea7dd-737e-4f42-a1d9-3c898b73622f",
      "agent": "37c17c87-9d03-462a-a0cb-4c44d2adadf9",
      "full_name": "Lucas Vidal",
      "slug": "lucas-vidal-13",
      "birth_date": "1993-05-15",
      "nationality": "Belgique",
      "country": "Belgique",
      "city": "Lyon",
      "bio": "Athlète professionnel(le) avec un palmarès reconnu sur la scène internationale.",
      "social_links": {
        "instagram": "https://instagram.com/lucasvidal",
        "twitter": "https://twitter.com/lucas"
      },
      "followers_count_cached": 30600,
      "engagement_rate_cached": "3.13",
      "avatar": "",
      "created_at": "2025-01-20T10:13:00Z",
      "updated_at": "2025-01-20T10:13:00Z"
    }
  },
  {
    "model": "athletes.athlete",
    "pk": "310a0352-d1ba-4767-9b05-ad854bb55e98",
    "fields": {
      "sport": "ef368f12-e7d0-4742-b19f-8d7bb23ff9ae",
      "agent": "37c17c87-9d03-462a-a0cb-4c44d2adadf9",
      "full_name": "Maya Sato",
      "slug": "maya-sato-14",
      "birth_date": "1994-06-15",
      "nationality": "Suisse",
      "country": "Suisse",
      "city": "Nice",
      "bio": "Athlète professionnel(le) avec un palmarès reconnu sur la scène internationale.",
      "social_links": {
        "instagram": "https://instagram.com/mayasato",
        "twitter": "https://twitter.com/maya"
      },
      "followers_count_cached": 31800,
      "engagement_rate_cached": "3.14",
      "avatar": "",
      "created_at": "2025-01-20T10:14:00Z",
      "updated_at": "2025-01-20T10:14:00Z"
    }
  },
  {
    "model": "athletes.athlete",
    "pk": "a1d9aa47-ea2e-4989-ae44-784105cf51a0",
    "fields": {
      "sport": "5b221662-722c-4052-b14a-9ee795dacfdc",
      "agent": "37c17c87-9d03-462a-a0cb-4c44d2adadf9",
      "full_name": "Noah Fischer",
      "slug": "noah-fischer-15",
      "birth_date": "1995-07-15",
      "nationality": "Espagne",
      "country": "Espagne",
      "city": "Toulouse",
      "bio": "Athlète professionnel(le) avec un palmarès reconnu sur la scène internationale.",
      "social_links": {
        "instagram": "https://instagram.com/noahfischer",
        "twitter": "https://twitter.com/noah"
      },
      "followers_count_cached": 33000,
      "engagement_rate_cached": "3.15",
      "avatar": "",
      "created_at": "2025-01-20T10:15:00Z",
      "updated_at": "2025-01-20T10:15:00Z"
    }
  },
  {
    "model": "athletes.athlete",
    "pk": "e24f2b60-0883-4f61-83f6-7ab851491332",
    "fields": {
      "sport": "3a011508-cde4-4bbe-bedc-731b166f3a6f",
      "agent": "37c17c87-9d03-462a-a0cb-4c44d2adadf9",
      "full_name": "Clara Jensen",
      "slug": "clara-jensen-16",
      "birth_date": "1996-08-15",
      "nationality": "Italie",
      "country": "Italie",
      "city": "Bordeaux",
      "bio": "Athlète professionnel(le) avec un palmarès reconnu sur la scène internationale.",
      "social_links": {
        "instagram": "https://instagram.com/clarajensen",
        "twitter": "https://twitter.com/clara"
      },
      "followers_count_cached": 34200,
      "engagement_rate_cached": "3.16",
      "avatar": "",
      "created_at": "2025-01-20T10:16:00Z",
      "updated_at": "2025-01-20T10:16:00Z"
    }
  },
  {
    "model": "athletes.athlete",
    "pk": "e6b790fb-ede0-43f3-bb24-2d3bd4f36b22",
    "fields": {
      "sport": "0e4d1af4-58c5-417e-a8b6-0a358eea3945",
      "agent": "4dd41b7e-518a-4246-bc20-d703bdb9b79f",
      "full_name": "Rafael Costa",
      "slug": "rafael-costa-17",
      "birth_date": "1997-09-15",
      "nationality": "Allemagne",
      "country": "Allemagne",
      "city": "Marseille",
      "bio": "Athlète professionnel(le) avec un palmarès reconnu sur la scène internationale.",
      "social_links": {
        "instagram": "https://instagram.com/rafaelcosta",
        "twitter": "https://twitter.com/rafael"
      },
      "followers_count_cached": 35400,
      "engagement_rate_cached": "3.17",
      "avatar": "",
      "created_at": "2025-01-20T10:17:00Z",
      "updated_at": "2025-01-20T10:17:00Z"
    }
  },
  {
    "model": "athletes.athlete",
    "pk": "ddfa1b8c-4ed9-40a9-a7fe-256d2c7b2899",
    "fields": {
      "sport": "2c41a7f6-11dc-408e-bffd-da10ad915d7b",
      "agent": "4dd41b7e-518a-4246-bc20-d703bdb9b79f",
      "full_name": "Lucie Moretti",
      "slug": "lucie-moretti-18",
      "birth_date": "1998-01-15",
      "nationality": "France",
      "country": "France",
      "city": "Paris",
      "bio": "Athlète professionnel(le) avec un palmarès reconnu sur la scène internationale.",
      "social_links": {
        "instagram": "https://instagram.com/luciemoretti",
        "twitter": "https://twitter.com/lucie"
      },
      "followers_count_cached": 36600,
      "engagement_rate_cached": "3.18",
      "avatar": "",
      "created_at": "2025-01-20T10:18:00Z",
      "updated_at": "2025-01-20T10:18:00Z"
    }
  },
  {
    "model": "athletes.athlete",
    "pk": "b10ca908-88c7-42f6-a7ac-775ab81f0513",
    "fields": {
      "sport": "bbac9c1a-1f87-41bc-859f-a35f1368cff1",
      "agent": "4dd41b7e-518a-4246-bc20-d703bdb9b79f",
      "full_name": "Amira Idrissi",
      "slug": "amira-idrissi-19",
      "birth_date": "1999-02-15",
      "nationality": "Belgique",
      "country": "Belgique",
      "city": "Lyon",
      "bio": "Athlète professionnel(le) avec un palmarès reconnu sur la scène internationale.",
      "social_links": {
        "instagram": "https://instagram.com/amiraidrissi",
        "twitter": "https://twitter.com/amira"
      },
      "followers_count_cached": 37800,
      "engagement_rate_cached": "3.19",
      "avatar": "",
      "created_at": "2025-01-20T10:19:00Z",
      "updated_at": "2025-01-20T10:19:00Z"
    }
  },
  {
    "model": "athletes.athlete",
    "pk": "5c9abcc7-1ad3-46d4-987e-c97a79a61d1f",
    "fields": {
      "sport": "cadfecda-b5cb-40e9-8b69-be4c2d0bbc9c",
      "agent": "4dd41b7e-518a-4246-bc20-d703bdb9b79f",
      "full_name": "Victor Da Silva",
      "slug": "victor-da-silva-20",
      "birth_date": "1990-03-15",
      "nationality": "Suisse",
      "country": "Suisse",
      "city": "Nice",
      "bio": "Athlète professionnel(le) avec un palmarès reconnu sur la scène internationale.",
      "social_links": {
        "instagram": "https://instagram.com/victordasilva",
        "twitter": "https://twitter.com/victor"
      },
      "followers_count_cached": 39000,
      "engagement_rate_cached": "3.20",
      "avatar": "",
      "created_at": "2025-01-20T10:20:00Z",
      "updated_at": "2025-01-20T10:20:00Z"
    }
  },
  {
    "model": "athletes.athlete",
    "pk": "bbb50174-1615-4c38-9d66-85ab05022198",
    "fields": {
      "sport": "883696a4-2fa7-45fc-9e76-e731631e16d3",
      "agent": "4dd41b7e-518a-4246-bc20-d703bdb9b79f",
      "full_name": "Elena Popov",
      "slug": "elena-popov-21",
      "birth_date": "1991-04-15",
      "nationality": "Espagne",
      "country": "Espagne",
      "city": "Toulouse",
      "bio": "Athlète professionnel(le) avec un palmarès reconnu sur la scène internationale.",
      "social_links": {
        "instagram": "https://instagram.com/elenapopov",
        "twitter": "https://twitter.com/elena"
      },
      "followers_count_cached": 40200,
      "engagement_rate_cached": "3.21",
      "avatar": "",
      "created_at": "2025-01-20T10:21:00Z",
      "updated_at": "2025-01-20T10:21:00Z"
    }
  },
  {
    "model": "athletes.athlete",
    "pk": "1a3f8bad-e63a-493e-8667-3b87c47e2278",
    "fields": {
      "sport": "f95507d4-e27a-4424-b808-1993c1f79bac",
      "agent": "6beddb27-a210-4c30-85d3-d971d484e304",
      "full_name": "Jules Lambert",
      "slug": "jules-lambert-22",
      "birth_date": "1992-05-15",
      "nationality": "Italie",
      "country": "Italie",
      "city": "Bordeaux",
      "bio": "Athlète professionnel(le) avec un palmarès reconnu sur la scène internationale.",
      "social_links": {
        "instagram": "https://instagram.com/juleslambert",
        "twitter": "https://twitter.com/jules"
      },
      "followers_count_cached": 41400,
      "engagement_rate_cached": "3.22",
      "avatar": "",
      "created_at": "2025-01-20T10:22:00Z",
      "updated_at": "2025-01-20T10:22:00Z"
    }
  },
  {
    "model": "athletes.athlete",
    "pk": "22b469bd-5687-4a3b-b140-287a25c6f996",
    "fields": {
      "sport": "3deea7dd-737e-4f42-a1d9-3c898b73622f",
      "agent": "6beddb27-a210-4c30-85d3-d971d484e304",
      "full_name": "Sofia Romano",
      "slug": "sofia-romano-23",
      "birth_date": "1993-06-15",
      "nationality": "Allemagne",
      "country": "Allemagne",
      "city": "Marseille",
      "bio": "Athlète professionnel(le) avec un palmarès reconnu sur la scène internationale.",
      "social_links": {
        "instagram": "https://instagram.com/sofiaromano",
        "twitter": "https://twitter.com/sofia"
      },
      "followers_count_cached": 42600,
      "engagement_rate_cached": "3.23",
      "avatar": "",
      "created_at": "2025-01-20T10:23:00Z",
      "updated_at": "2025-01-20T10:23:00Z"
    }
  },
  {
    "model": "athletes.athlete",
    "pk": "e8a9a444-61aa-49c1-8e22-06717ac500d1",
    "fields": {
      "sport": "ef368f12-e7d0-4742-b19f-8d7bb23ff9ae",
      "agent": "6beddb27-a210-4c30-85d3-d971d484e304",
      "full_name": "Tobias Keller",
      "slug": "tobias-keller-24",
      "birth_date": "1994-07-15",
      "nationality": "France",
      "country": "France",
      "city": "Paris",
      "bio": "Athlète professionnel(le) avec un palmarès reconnu sur la scène internationale.",
      "social_links": {
        "instagram": "https://instagram.com/tobiaskeller",
        "twitter": "https://twitter.com/tobias"
      },
      "followers_count_cached": 43800,
      "engagement_rate_cached": "3.24",
      "avatar": "",
      "created_at": "2025-01-20T10:24:00Z",
      "updated_at": "2025-01-20T10:24:00Z"
    }
  },
  {
    "model": "athletes.athlete",
    "pk": "df2f4097-4ce2-4788-a6d2-ceae3fb93fc2",
    "fields": {
      "sport": "5b221662-722c-4052-b14a-9ee795dacfdc",
      "agent": "6beddb27-a210-4c30-85d3-d971d484e304",
      "full_name": "Hanna Schultz",
      "slug": "hanna-schultz-25",
      "birth_date": "1995-08-15",
      "nationality": "Belgique",
      "country": "Belgique",
      "city": "Lyon",
      "bio": "Athlète professionnel(le) avec un palmarès reconnu sur la scène internationale.",
      "social_links": {
        "instagram": "https://instagram.com/hannaschultz",
        "twitter": "https://twitter.com/hanna"
      },
      "followers_count_cached": 45000,
      "engagement_rate_cached": "3.25",
      "avatar": "",
      "created_at": "2025-01-20T10:25:00Z",
      "updated_at": "2025-01-20T10:25:00Z"
    }
  },
  {
    "model": "athletes.athlete",
    "pk": "dbba7936-7414-49cc-8cf5-64b016344728",
    "fields": {
      "sport": "3a011508-cde4-4bbe-bedc-731b166f3a6f",
      "agent": "6beddb27-a210-4c30-85d3-d971d484e304",
      "full_name": "Ivy McKenna",
      "slug": "ivy-mckenna-26",
      "birth_date": "1996-09-15",
      "nationality": "Suisse",
      "country": "Suisse",
      "city": "Nice",
      "bio": "Athlète professionnel(le) avec un palmarès reconnu sur la scène internationale.",
      "social_links": {
        "instagram": "https://instagram.com/ivymckenna",
        "twitter": "https://twitter.com/ivy"
      },
      "followers_count_cached": 46200,
      "engagement_rate_cached": "3.26",
      "avatar": "",
      "created_at": "2025-01-20T10:26:00Z",
      "updated_at": "2025-01-20T10:26:00Z"
    }
  },
  {
    "model": "athletes.athlete",
    "pk": "5fc3b71f-33de-45eb-92f6-fd4264ae62e5",
    "fields": {
      "sport": "0e4d1af4-58c5-417e-a8b6-0a358eea3945",
      "agent": "6739de21-a590-461d-8537-6cc6fc2cf929",
      "full_name": "Leo Andersson",
      "slug": "leo-andersson-27",
      "birth_date": "1997-01-15",
      "nationality": "Espagne",
      "country": "Espagne",
      "city": "Toulouse",
      "bio": "Athlète professionnel(le) avec un palmarès reconnu sur la scène internationale.",
      "social_links": {
        "instagram": "https://instagram.com/leoandersson",
        "twitter": "https://twitter.com/leo"
      },
      "followers_count_cached": 47400,
      "engagement_rate_cached": "3.27",
      "avatar": "",
      "created_at": "2025-01-20T10:27:00Z",
      "updated_at": "2025-01-20T10:27:00Z"
    }
  },
  {
    "model": "athletes.athlete",
    "pk": "7c21d028-1082-468b-9dc6-500dadea1df4",
    "fields": {
      "sport": "2c41a7f6-11dc-408e-bffd-da10ad915d7b",
      "agent": "6739de21-a590-461d-8537-6cc6fc2cf929",
      "full_name": "Aisha Diallo",
      "slug": "aisha-diallo-28",
      "birth_date": "1998-02-15",
      "nationality": "Italie",
      "country": "Italie",
      "city": "Bordeaux",
      "bio": "Athlète professionnel(le) avec un palmarès reconnu sur la scène internationale.",
      "social_links": {
        "instagram": "https://instagram.com/aishadiallo",
        "twitter": "https://twitter.com/aisha"
      },
      "followers_count_cached": 48600,
      "engagement_rate_cached": "3.28",
      "avatar": "",
      "created_at": "2025-01-20T10:28:00Z",
      "updated_at": "2025-01-20T10:28:00Z"
    }
  },
  {
    "model": "athletes.athlete",
    "pk": "5c619b56-925a-401c-92a8-961c76545436",
    "fields": {
      "sport": "bbac9c1a-1f87-41bc-859f-a35f1368cff1",
      "agent": "6739de21-a590-461d-8537-6cc6fc2cf929",
      "full_name": "Jonah Clarke",
      "slug": "jonah-clarke-29",
      "birth_date": "1999-03-15",
      "nationality": "Allemagne",
      "country": "Allemagne",
      "city": "Marseille",
      "bio": "Athlète professionnel(le) avec un palmarès reconnu sur la scène internationale.",
      "social_links": {
        "instagram": "https://instagram.com/jonahclarke",
        "twitter": "https://twitter.com/jonah"
      },
      "followers_count_cached": 49800,
      "engagement_rate_cached": "3.29",
      "avatar": "",
      "created_at": "2025-01-20T10:29:00Z",
      "updated_at": "2025-01-20T10:29:00Z"
    }
  },
  {
    "model": "athletes.athlete",
    "pk": "7ab77291-20f4-4d93-b6db-a1f896dcc6a7",
    "fields": {
      "sport": "cadfecda-b5cb-40e9-8b69-be4c2d0bbc9c",
      "agent": "6739de21-a590-461d-8537-6cc6fc2cf929",
      "full_name": "Mira Novak",
      "slug": "mira-novak-30",
      "birth_date": "1990-04-15",
      "nationality": "France",
      "country": "France",
      "city": "Paris",
      "bio": "Athlète professionnel(le) avec un palmarès reconnu sur la scène internationale.",
      "social_links": {
        "instagram": "https://instagram.com/miranovak",
        "twitter": "https://twitter.com/mira"
      },
      "followers_count_cached": 51000,
      "engagement_rate_cached": "3.30",
      "avatar": "",
      "created_at": "2025-01-20T10:30:00Z",
      "updated_at": "2025-01-20T10:30:00Z"
    }
  },
  {
    "model": "athletes.athlete",
    "pk": "406b2629-5132-4e22-9945-87df9f589f4c",
    "fields": {
      "sport": "883696a4-2fa7-45fc-9e76-e731631e16d3",
      "agent": "6739de21-a590-461d-8537-6cc6fc2cf929",
      "full_name": "Pavel Horvat",
      "slug": "pavel-horvat-31",
      "birth_date": "1991-05-15",
      "nationality": "Belgique",
      "country": "Belgique",
      "city": "Lyon",
      "bio": "Athlète professionnel(le) avec un palmarès reconnu sur la scène internationale.",
      "social_links": {
        "instagram": "https://instagram.com/pavelhorvat",
        "twitter": "https://twitter.com/pavel"
      },
      "followers_count_cached": 52200,
      "engagement_rate_cached": "3.31",
      "avatar": "",
      "created_at": "2025-01-20T10:31:00Z",
      "updated_at": "2025-01-20T10:31:00Z"
    }
  },
  {
    "model": "athletes.athlete",
    "pk": "be98fde7-abf5-41fb-af57-10a3cd56474c",
    "fields": {
      "sport": "f95507d4-e27a-4424-b808-1993c1f79bac",
      "agent": "6739de21-a590-461d-8537-6cc6fc2cf929",
      "full_name": "Sara Nordin",
      "slug": "sara-nordin-32",
      "birth_date": "1992-06-15",
      "nationality": "Suisse",
      "country": "Suisse",
      "city": "Nice",
      "bio": "Athlète professionnel(le) avec un palmarès reconnu sur la scène internationale.",
      "social_links": {
        "instagram": "https://instagram.com/saranordin",
        "twitter": "https://twitter.com/sara"
      },
      "followers_count_cached": 53400,
      "engagement_rate_cached": "3.32",
      "avatar": "",
      "created_at": "2025-01-20T10:32:00Z",
      "updated_at": "2025-01-20T10:32:00Z"
    }
  },
  {
    "model": "athletes.athlete",
    "pk": "9f4ca72f-e942-452a-86a7-f6fd6fa58111",
    "fields": {
      "sport": "3deea7dd-737e-4f42-a1d9-3c898b73622f",
      "agent": "6739de21-a590-461d-8537-6cc6fc2cf929",
      "full_name": "Elodie Marchal",
      "slug": "elodie-marchal-33",
      "birth_date": "1993-07-15",
      "nationality": "Espagne",
      "country": "Espagne",
      "city": "Toulouse",
      "bio": "Athlète professionnel(le) avec un palmarès reconnu sur la scène internationale.",
      "social_links": {
        "instagram": "https://instagram.com/elodiemarchal",
        "twitter": "https://twitter.com/elodie"
      },
      "followers_count_cached": 54600,
      "engagement_rate_cached": "3.33",
      "avatar": "",
      "created_at": "2025-01-20T10:33:00Z",
      "updated_at": "2025-01-20T10:33:00Z"
    }
  },
  {
    "model": "athletes.athlete",
    "pk": "20226abe-be62-4c85-8654-865a46bf1e03",
    "fields": {
      "sport": "ef368f12-e7d0-4742-b19f-8d7bb23ff9ae",
      "agent": "6739de21-a590-461d-8537-6cc6fc2cf929",
      "full_name": "Kenji Watanabe",
      "slug": "kenji-watanabe-34",
      "birth_date": "1994-08-15",
      "nationality": "Italie",
      "country": "Italie",
      "city": "Bordeaux",
      "bio": "Athlète professionnel(le) avec un palmarès reconnu sur la scène internationale.",
      "social_links": {
        "instagram": "https://instagram.com/kenjiwatanabe",
        "twitter": "https://twitter.com/kenji"
      },
      "followers_count_cached": 55800,
      "engagement_rate_cached": "3.34",
      "avatar": "",
      "created_at": "2025-01-20T10:34:00Z",
      "updated_at": "2025-01-20T10:34:00Z"
    }
  },
  {
    "model": "athletes.athlete",
    "pk": "de480e87-c868-4f88-9501-ebcd51e747eb",
    "fields": {
      "sport": "5b221662-722c-4052-b14a-9ee795dacfdc",
      "agent": "6739de21-a590-461d-8537-6cc6fc2cf929",
      "full_name": "Camila Torres",
      "slug": "camila-torres-35",
      "birth_date": "1995-09-15",
      "nationality": "Allemagne",
      "country": "Allemagne",
      "city": "Marseille",
      "bio": "Athlète professionnel(le) avec un palmarès reconnu sur la scène internationale.",
      "social_links": {
        "instagram": "https://instagram.com/camilatorres",
        "twitter": "https://twitter.com/camila"
      },
      "followers_count_cached": 57000,
      "engagement_rate_cached": "3.35",
      "avatar": "",
      "created_at": "2025-01-20T10:35:00Z",
      "updated_at": "2025-01-20T10:35:00Z"
    }
  },
  {
    "model": "athletes.athlete",
    "pk": "ff13ec39-caa2-49c0-90a0-023d5a2e2064",
    "fields": {
      "sport": "3a011508-cde4-4bbe-bedc-731b166f3a6f",
      "agent": "6739de21-a590-461d-8537-6cc6fc2cf929",
      "full_name": "Nikolai Petrov",
      "slug": "nikolai-petrov-36",
      "birth_date": "1996-01-15",
      "nationality": "France",
      "country": "France",
      "city": "Paris",
      "bio": "Athlète professionnel(le) avec un palmarès reconnu sur la scène internationale.",
      "social_links": {
        "instagram": "https://instagram.com/nikolaipetrov",
        "twitter": "https://twitter.com/nikolai"
      },
      "followers_count_cached": 58200,
      "engagement_rate_cached": "3.36",
      "avatar": "",
      "created_at": "2025-01-20T10:36:00Z",
      "updated_at": "2025-01-20T10:36:00Z"
    }
  },
  {
    "model": "athletes.athletediscipline",
    "pk": "2392e6a3-8b7c-448a-b4de-9e0b65493af3",
    "fields": {
      "athlete": "0a41790b-b62b-42c9-9466-d95cdd4270c4",
      "discipline": "42665846-b0c6-40e6-b669-8c0ee1adea15",
      "created_at": "2025-01-20T10:00:10Z",
      "updated_at": "2025-01-20T10:00:10Z"
    }
  },
  {
    "model": "athletes.athletediscipline",
    "pk": "8d04ddbe-37c9-40db-a88f-8d5ea898785d",
    "fields": {
      "athlete": "6d0f6dc3-cbbc-43e8-ad65-1b9a31f65ed1",
      "discipline": "82bc72ff-bdd0-4550-b87a-f40282bd8f5f",
      "created_at": "2025-01-20T10:01:10Z",
      "updated_at": "2025-01-20T10:01:10Z"
    }
  },
  {
    "model": "athletes.athletediscipline",
    "pk": "91758275-244f-4743-b27c-20974e36347d",
    "fields": {
      "athlete": "6d0f6dc3-cbbc-43e8-ad65-1b9a31f65ed1",
      "discipline": "09d6a93c-de89-4d91-b48a-257da9adf9ca",
      "created_at": "2025-01-20T10:02:10Z",
      "updated_at": "2025-01-20T10:02:10Z"
    }
  },
  {
    "model": "athletes.athletediscipline",
    "pk": "dae6b804-d43e-47f9-bb4e-905e18106439",
    "fields": {
      "athlete": "b76a3b66-9323-44bf-a171-6d195af9f667",
      "discipline": "511497bd-5a64-4ec3-a143-f9f4fef7c47c",
      "created_at": "2025-01-20T10:03:10Z",
      "updated_at": "2025-01-20T10:03:10Z"
    }
  },
  {
    "model": "athletes.athletediscipline",
    "pk": "a9ed568b-0cca-44e1-937c-e744373d18bc",
    "fields": {
      "athlete": "b76a3b66-9323-44bf-a171-6d195af9f667",
      "discipline": "11b50184-1525-44c9-a614-fde509bfef7b",
      "created_at": "2025-01-20T10:04:10Z",
      "updated_at": "2025-01-20T10:04:10Z"
    }
  },
  {
    "model": "athletes.athletediscipline",
    "pk": "3ec72fa2-dc67-48a3-80c4-086f166b7890",
    "fields": {
      "athlete": "6f10ce57-f5c5-41d4-ba24-ab07d6f979a3",
      "discipline": "09d6a93c-de89-4d91-b48a-257da9adf9ca",
      "created_at": "2025-01-20T10:05:10Z",
      "updated_at": "2025-01-20T10:05:10Z"
    }
  },
  {
    "model": "athletes.athletediscipline",
    "pk": "1d3458be-3dbb-475a-814f-098b1c7ebd27",
    "fields": {
      "athlete": "6f10ce57-f5c5-41d4-ba24-ab07d6f979a3",
      "discipline": "d15accc2-3383-45d8-a3e3-51cd7c173d29",
      "created_at": "2025-01-20T10:06:10Z",
      "updated_at": "2025-01-20T10:06:10Z"
    }
  },
  {
    "model": "athletes.athletediscipline",
    "pk": "4e9a19c8-31e7-4e82-9852-9f3c3a55a389",
    "fields": {
      "athlete": "3b889fae-0b05-4504-8ca0-c852799f7ef2",
      "discipline": "f9ad995f-6226-4b42-bd6d-e0715a0b995c",
      "created_at": "2025-01-20T10:07:10Z",
      "updated_at": "2025-01-20T10:07:10Z"
    }
  },
  {
    "model": "athletes.athletediscipline",
    "pk": "ba396511-63dd-4ca7-8554-8733b55db131",
    "fields": {
      "athlete": "3b889fae-0b05-4504-8ca0-c852799f7ef2",
      "discipline": "d10168db-7131-4ba6-bf7b-7efa7ff0f866",
      "created_at": "2025-01-20T10:08:10Z",
      "updated_at": "2025-01-20T10:08:10Z"
    }
  },
  {
    "model": "athletes.athletediscipline",
    "pk": "2654e434-5dc4-4647-a2cd-e7a0eb5ff794",
    "fields": {
      "athlete": "cf683026-f1c2-44bd-8c0a-f4e2f68607e4",
      "discipline": "b5728d82-5b93-48cc-99d1-4f1c18997ac2",
      "created_at": "2025-01-20T10:09:10Z",
      "updated_at": "2025-01-20T10:09:10Z"
    }
  },
  {
    "model": "athletes.athletediscipline",
    "pk": "295ba926-a244-41d7-b461-d0a68624bef9",
    "fields": {
      "athlete": "cf683026-f1c2-44bd-8c0a-f4e2f68607e4",
      "discipline": "10ce91e8-4959-4fab-a0a1-690ca1cf387f",
      "created_at": "2025-01-20T10:10:10Z",
      "updated_at": "2025-01-20T10:10:10Z"
    }
  },
  {
    "model": "athletes.athletediscipline",
    "pk": "e100e824-d6a6-4360-9c84-50297ae37d0c",
    "fields": {
      "athlete": "a0f21f9d-85e8-4105-ada6-a67e2ad4055f",
      "discipline": "11b50184-1525-44c9-a614-fde509bfef7b",
      "created_at": "2025-01-20T10:11:10Z",
      "updated_at": "2025-01-20T10:11:10Z"
    }
  },
  {
    "model": "athletes.athletediscipline",
    "pk": "63197603-dda7-453c-99be-b76bb123b9c1",
    "fields": {
      "athlete": "a0f21f9d-85e8-4105-ada6-a67e2ad4055f",
      "discipline": "f6c9201c-e8c7-4369-9938-ab3c6918955d",
      "created_at": "2025-01-20T10:12:10Z",
      "updated_at": "2025-01-20T10:12:10Z"
    }
  },
  {
    "model": "athletes.athletediscipline",
    "pk": "9897bde7-c254-4c14-b50e-fe4ecddc91d6",
    "fields": {
      "athlete": "f73d0b5d-12be-4283-a28d-feb37e687919",
      "discipline": "69222b8c-3b4f-445d-b6d2-2d471740bae4",
      "created_at": "2025-01-20T10:13:10Z",
      "updated_at": "2025-01-20T10:13:10Z"
    }
  },
  {
    "model": "athletes.athletediscipline",
    "pk": "659d91eb-4f2f-4ced-bf8c-5e024cf3bb83",
    "fields": {
      "athlete": "f73d0b5d-12be-4283-a28d-feb37e687919",
      "discipline": "5b9f1ece-0184-4aa4-80cd-f19e2561030c",
      "created_at": "2025-01-20T10:14:10Z",
      "updated_at": "2025-01-20T10:14:10Z"
    }
  },
  {
    "model": "athletes.athletediscipline",
    "pk": "fb7f8b0c-99bb-4768-99bd-814439c2090e",
    "fields": {
      "athlete": "22ad74d0-4775-4e21-b48e-665ba3a0b6b8",
      "discipline": "c7c54aa1-e08e-402c-8004-598b5e4ff84e",
      "created_at": "2025-01-20T10:15:10Z",
      "updated_at": "2025-01-20T10:15:10Z"
    }
  },
  {
    "model": "athletes.athletediscipline",
    "pk": "1df9d97b-021f-4bd7-b79e-7dda18bd84e0",
    "fields": {
      "athlete": "22ad74d0-4775-4e21-b48e-665ba3a0b6b8",
      "discipline": "4055fdd1-e8af-4c4d-ad49-36d60d4b8d8c",
      "created_at": "2025-01-20T10:16:10Z",
      "updated_at": "2025-01-20T10:16:10Z"
    }
  },
  {
    "model": "athletes.athletediscipline",
    "pk": "7ff3a870-8b99-4b05-94ae-155031598ff2",
    "fields": {
      "athlete": "e03cecdc-ba05-40eb-96eb-b98ba0970d17",
      "discipline": "d15accc2-3383-45d8-a3e3-51cd7c173d29",
      "created_at": "2025-01-20T10:17:10Z",
      "updated_at": "2025-01-20T10:17:10Z"
    }
  },
  {
    "model": "athletes.athletediscipline",
    "pk": "51047fc1-9258-4d7f-b355-73fc540846b0",
    "fields": {
      "athlete": "e03cecdc-ba05-40eb-96eb-b98ba0970d17",
      "discipline": "8fb35128-1b2b-44a1-a65b-8b633c06d482",
      "created_at": "2025-01-20T10:18:10Z",
      "updated_at": "2025-01-20T10:18:10Z"
    }
  },
  {
    "model": "athletes.athletediscipline",
    "pk": "fe0bd664-06f9-4c0d-81ee-8e360b6d6151",
    "fields": {
      "athlete": "f6ea411d-a9ad-4fff-ba0e-db1786264852",
      "discipline": "aefe9ea1-4caa-4c8a-9f47-e646b2cf7901",
      "created_at": "2025-01-20T10:19:10Z",
      "updated_at": "2025-01-20T10:19:10Z"
    }
  },
  {
    "model": "athletes.athletediscipline",
    "pk": "a8bb0525-77c5-4903-b83d-ff0cf0d485bf",
    "fields": {
      "athlete": "f6ea411d-a9ad-4fff-ba0e-db1786264852",
      "discipline": "42665846-b0c6-40e6-b669-8c0ee1adea15",
      "created_at": "2025-01-20T10:20:10Z",
      "updated_at": "2025-01-20T10:20:10Z"
    }
  },
  {
    "model": "athletes.athletediscipline",
    "pk": "1719c001-e3de-409a-916c-c005ec29e05a",
    "fields": {
      "athlete": "70ff893a-585f-4e26-bddf-32a088a6d0c4",
      "discipline": "ee4f1b10-f3d7-4972-893e-93408aaa474d",
      "created_at": "2025-01-20T10:21:10Z",
      "updated_at": "2025-01-20T10:21:10Z"
    }
  },
  {
    "model": "athletes.athletediscipline",
    "pk": "67640c3b-af4b-4d98-a57c-cac386721cd4",
    "fields": {
      "athlete": "70ff893a-585f-4e26-bddf-32a088a6d0c4",
      "discipline": "09d6a93c-de89-4d91-b48a-257da9adf9ca",
      "created_at": "2025-01-20T10:22:10Z",
      "updated_at": "2025-01-20T10:22:10Z"
    }
  },
  {
    "model": "athletes.athletediscipline",
    "pk": "d5c9bbde-48ca-4662-bc20-edec3074044f",
    "fields": {
      "athlete": "64dfe6ed-8406-4b3c-84a7-dc2620d5fde3",
      "discipline": "d10168db-7131-4ba6-bf7b-7efa7ff0f866",
      "created_at": "2025-01-20T10:23:10Z",
      "updated_at": "2025-01-20T10:23:10Z"
    }
  },
  {
    "model": "athletes.athletediscipline",
    "pk": "a79b4dd9-dd57-431e-9443-8bf5850ae4b2",
    "fields": {
      "athlete": "64dfe6ed-8406-4b3c-84a7-dc2620d5fde3",
      "discipline": "11b50184-1525-44c9-a614-fde509bfef7b",
      "created_at": "2025-01-20T10:24:10Z",
      "updated_at": "2025-01-20T10:24:10Z"
    }
  },
  {
    "model": "athletes.athletediscipline",
    "pk": "8e4f3727-fa61-4d34-a8ea-8d355851db51",
    "fields": {
      "athlete": "1f1a81f0-2eb9-4eff-a602-935659e41ff6",
      "discipline": "42aba686-d0e7-43dd-9396-b92f4a1c0056",
      "created_at": "2025-01-20T10:25:10Z",
      "updated_at": "2025-01-20T10:25:10Z"
    }
  },
  {
    "model": "athletes.athletediscipline",
    "pk": "16fae54b-3393-4f0f-88d9-c81fa9faaa5b",
    "fields": {
      "athlete": "1f1a81f0-2eb9-4eff-a602-935659e41ff6",
      "discipline": "d15accc2-3383-45d8-a3e3-51cd7c173d29",
      "created_at": "2025-01-20T10:26:10Z",
      "updated_at": "2025-01-20T10:26:10Z"
    }
  },
  {
    "model": "athletes.athletediscipline",
    "pk": "8aa14077-7764-41ef-9eee-5746d02c9be5",
    "fields": {
      "athlete": "310a0352-d1ba-4767-9b05-ad854bb55e98",
      "discipline": "07f73ac4-5e1b-4758-b844-543f77953945",
      "created_at": "2025-01-20T10:27:10Z",
      "updated_at": "2025-01-20T10:27:10Z"
    }
  },
  {
    "model": "athletes.athletediscipline",
    "pk": "e38c404b-8076-44f1-88ca-1d2e2dc147a8",
    "fields": {
      "athlete": "310a0352-d1ba-4767-9b05-ad854bb55e98",
      "discipline": "d10168db-7131-4ba6-bf7b-7efa7ff0f866",
      "created_at": "2025-01-20T10:28:10Z",
      "updated_at": "2025-01-20T10:28:10Z"
    }
  },
  {
    "model": "athletes.athletediscipline",
    "pk": "572c7b1d-2e39-4887-a7e4-26f00b95740b",
    "fields": {
      "athlete": "a1d9aa47-ea2e-4989-ae44-784105cf51a0",
      "discipline": "10ce91e8-4959-4fab-a0a1-690ca1cf387f",
      "created_at": "2025-01-20T10:29:10Z",
      "updated_at": "2025-01-20T10:29:10Z"
    }
  },
  {
    "model": "athletes.athletediscipline",
    "pk": "5a08c7d7-f8f6-4b0d-bde0-6125fbc70e58",
    "fields": {
      "athlete": "e24f2b60-0883-4f61-83f6-7ab851491332",
      "discipline": "ecb69108-f9ff-4e35-96b7-cc95301586fb",
      "created_at": "2025-01-20T10:30:10Z",
      "updated_at": "2025-01-20T10:30:10Z"
    }
  },
  {
    "model": "athletes.athletediscipline",
    "pk": "65c25766-b2ef-4d3c-b2b6-34cf65edb1cb",
    "fields": {
      "athlete": "e24f2b60-0883-4f61-83f6-7ab851491332",
      "discipline": "f6c9201c-e8c7-4369-9938-ab3c6918955d",
      "created_at": "2025-01-20T10:31:10Z",
      "updated_at": "2025-01-20T10:31:10Z"
    }
  },
  {
    "model": "athletes.athletediscipline",
    "pk": "a02780e6-0696-46d7-8c61-887fb6567149",
    "fields": {
      "athlete": "e6b790fb-ede0-43f3-bb24-2d3bd4f36b22",
      "discipline": "27cf6e33-6cfe-4391-8519-61e8912ee76e",
      "created_at": "2025-01-20T10:32:10Z",
      "updated_at": "2025-01-20T10:32:10Z"
    }
  },
  {
    "model": "athletes.athletediscipline",
    "pk": "a9dfec17-b851-4e6a-8557-ea9c0e7244ef",
    "fields": {
      "athlete": "e6b790fb-ede0-43f3-bb24-2d3bd4f36b22",
      "discipline": "5b9f1ece-0184-4aa4-80cd-f19e2561030c",
      "created_at": "2025-01-20T10:33:10Z",
      "updated_at": "2025-01-20T10:33:10Z"
    }
  },
  {
    "model": "athletes.athletediscipline",
    "pk": "a18fb5e7-1e25-41b3-9fa9-1e88a2db645e",
    "fields": {
      "athlete": "ddfa1b8c-4ed9-40a9-a7fe-256d2c7b2899",
      "discipline": "f6c9201c-e8c7-4369-9938-ab3c6918955d",
      "created_at": "2025-01-20T10:34:10Z",
      "updated_at": "2025-01-20T10:34:10Z"
    }
  },
  {
    "model": "athletes.athletediscipline",
    "pk": "1c2e1d83-fb23-4f77-892c-34fe235c01d8",
    "fields": {
      "athlete": "ddfa1b8c-4ed9-40a9-a7fe-256d2c7b2899",
      "discipline": "4055fdd1-e8af-4c4d-ad49-36d60d4b8d8c",
      "created_at": "2025-01-20T10:35:10Z",
      "updated_at": "2025-01-20T10:35:10Z"
    }
  },
  {
    "model": "athletes.athletediscipline",
    "pk": "0e9a2945-64f0-46d6-a660-1034d4d0fa25",
    "fields": {
      "athlete": "b10ca908-88c7-42f6-a7ac-775ab81f0513",
      "discipline": "7f27dc13-859e-42d9-ba37-a83e77f8370d",
      "created_at": "2025-01-20T10:36:10Z",
      "updated_at": "2025-01-20T10:36:10Z"
    }
  },
  {
    "model": "athletes.athletediscipline",
    "pk": "25b62408-15fd-4f19-9529-740a2e519876",
    "fields": {
      "athlete": "b10ca908-88c7-42f6-a7ac-775ab81f0513",
      "discipline": "8fb35128-1b2b-44a1-a65b-8b633c06d482",
      "created_at": "2025-01-20T10:37:10Z",
      "updated_at": "2025-01-20T10:37:10Z"
    }
  },
  {
    "model": "athletes.athletediscipline",
    "pk": "1f9a7070-73af-43ed-8618-496c9a9e5d52",
    "fields": {
      "athlete": "5c9abcc7-1ad3-46d4-987e-c97a79a61d1f",
      "discipline": "29577338-6e48-4684-b7ae-57013ecec9f5",
      "created_at": "2025-01-20T10:38:10Z",
      "updated_at": "2025-01-20T10:38:10Z"
    }
  },
  {
    "model": "athletes.athletediscipline",
    "pk": "9465642c-ef0c-48ad-a09c-ad66041f9313",
    "fields": {
      "athlete": "5c9abcc7-1ad3-46d4-987e-c97a79a61d1f",
      "discipline": "42665846-b0c6-40e6-b669-8c0ee1adea15",
      "created_at": "2025-01-20T10:39:10Z",
      "updated_at": "2025-01-20T10:39:10Z"
    }
  },
  {
    "model": "athletes.athletediscipline",
    "pk": "df9f4996-b960-4973-af3f-2a58fe82b3ac",
    "fields": {
      "athlete": "bbb50174-1615-4c38-9d66-85ab05022198",
      "discipline": "5b9f1ece-0184-4aa4-80cd-f19e2561030c",
      "created_at": "2025-01-20T10:40:10Z",
      "updated_at": "2025-01-20T10:40:10Z"
    }
  },
  {
    "model": "athletes.athletediscipline",
    "pk": "ccbbf4b9-c456-4203-8f2f-e6dc8b0fff04",
    "fields": {
      "athlete": "bbb50174-1615-4c38-9d66-85ab05022198",
      "discipline": "09d6a93c-de89-4d91-b48a-257da9adf9ca",
      "created_at": "2025-01-20T10:41:10Z",
      "updated_at": "2025-01-20T10:41:10Z"
    }
  },
  {
    "model": "athletes.athletediscipline",
    "pk": "0935e70c-9686-440f-94b8-e7a26cda9a6b",
    "fields": {
      "athlete": "1a3f8bad-e63a-493e-8667-3b87c47e2278",
      "discipline": "f20559f6-a7de-410e-9ad2-47e373980626",
      "created_at": "2025-01-20T10:42:10Z",
      "updated_at": "2025-01-20T10:42:10Z"
    }
  },
  {
    "model": "athletes.athletediscipline",
    "pk": "5a380665-8669-4b53-bb0e-284e7834c853",
    "fields": {
      "athlete": "1a3f8bad-e63a-493e-8667-3b87c47e2278",
      "discipline": "11b50184-1525-44c9-a614-fde509bfef7b",
      "created_at": "2025-01-20T10:43:10Z",
      "updated_at": "2025-01-20T10:43:10Z"
    }
  },
  {
    "model": "athletes.athletediscipline",
    "pk": "9cfcff7c-7ec2-4a89-a44e-e24e93af3db7",
    "fields": {
      "athlete": "22b469bd-5687-4a3b-b140-287a25c6f996",
      "discipline": "6ea72770-c90c-46bb-bd14-38812feb42c3",
      "created_at": "2025-01-20T10:44:10Z",
      "updated_at": "2025-01-20T10:44:10Z"
    }
  },
  {
    "model": "athletes.athletediscipline",
    "pk": "47deac84-9211-4dfd-8bc1-685c0bcd2731",
    "fields": {
      "athlete": "22b469bd-5687-4a3b-b140-287a25c6f996",
      "discipline": "d15accc2-3383-45d8-a3e3-51cd7c173d29",
      "created_at": "2025-01-20T10:45:10Z",
      "updated_at": "2025-01-20T10:45:10Z"
    }
  },
  {
    "model": "athletes.athletediscipline",
    "pk": "2930e522-1df1-44a2-8fc9-6e7aec081b5b",
    "fields": {
      "athlete": "e8a9a444-61aa-49c1-8e22-06717ac500d1",
      "discipline": "4055fdd1-e8af-4c4d-ad49-36d60d4b8d8c",
      "created_at": "2025-01-20T10:46:10Z",
      "updated_at": "2025-01-20T10:46:10Z"
    }
  },
  {
    "model": "athletes.athletediscipline",
    "pk": "4c936e98-8d0e-4d12-9194-fc01c29b58c8",
    "fields": {
      "athlete": "e8a9a444-61aa-49c1-8e22-06717ac500d1",
      "discipline": "d10168db-7131-4ba6-bf7b-7efa7ff0f866",
      "created_at": "2025-01-20T10:47:10Z",
      "updated_at": "2025-01-20T10:47:10Z"
    }
  },
  {
    "model": "athletes.athletediscipline",
    "pk": "d64a53d1-ed0f-4bc1-9d92-671e4748e7ce",
    "fields": {
      "athlete": "df2f4097-4ce2-4788-a6d2-ceae3fb93fc2",
      "discipline": "8ae829c9-014a-4423-85de-b2381a74215c",
      "created_at": "2025-01-20T10:48:10Z",
      "updated_at": "2025-01-20T10:48:10Z"
    }
  },
  {
    "model": "athletes.athletediscipline",
    "pk": "81bc8ade-5bed-455c-b409-534b6b56af40",
    "fields": {
      "athlete": "df2f4097-4ce2-4788-a6d2-ceae3fb93fc2",
      "discipline": "10ce91e8-4959-4fab-a0a1-690ca1cf387f",
      "created_at": "2025-01-20T10:49:10Z",
      "updated_at": "2025-01-20T10:49:10Z"
    }
  },
  {
    "model": "athletes.athletediscipline",
    "pk": "dbae72db-49c1-4794-a77a-4163b74fbb2e",
    "fields": {
      "athlete": "dbba7936-7414-49cc-8cf5-64b016344728",
      "discipline": "d867feae-d15a-438e-a55c-2a6d58587f57",
      "created_at": "2025-01-20T10:50:10Z",
      "updated_at": "2025-01-20T10:50:10Z"
    }
  },
  {
    "model": "athletes.athletediscipline",
    "pk": "09b33252-1fa7-4bcf-a811-ef82e18796ff",
    "fields": {
      "athlete": "dbba7936-7414-49cc-8cf5-64b016344728",
      "discipline": "f6c9201c-e8c7-4369-9938-ab3c6918955d",
      "created_at": "2025-01-20T10:51:10Z",
      "updated_at": "2025-01-20T10:51:10Z"
    }
  },
  {
    "model": "athletes.athletediscipline",
    "pk": "f1530a69-5181-4599-aebe-3dacf3f343c8",
    "fields": {
      "athlete": "5fc3b71f-33de-45eb-92f6-fd4264ae62e5",
      "discipline": "8fb35128-1b2b-44a1-a65b-8b633c06d482",
      "created_at": "2025-01-20T10:52:10Z",
      "updated_at": "2025-01-20T10:52:10Z"
    }
  },
  {
    "model": "athletes.athletediscipline",
    "pk": "3b84519d-dfbf-4be2-9c18-8219b34a71a0",
    "fields": {
      "athlete": "5fc3b71f-33de-45eb-92f6-fd4264ae62e5",
      "discipline": "5b9f1ece-0184-4aa4-80cd-f19e2561030c",
      "created_at": "2025-01-20T10:53:10Z",
      "updated_at": "2025-01-20T10:53:10Z"
    }
  },
  {
    "model": "athletes.athletediscipline",
    "pk": "4811e93c-e9e3-409f-92c4-d1cf4e48cccc",
    "fields": {
      "athlete": "7c21d028-1082-468b-9dc6-500dadea1df4",
      "discipline": "53f4a72e-9b62-4ea0-aa42-86b7a9ccc8a7",
      "created_at": "2025-01-20T10:54:10Z",
      "updated_at": "2025-01-20T10:54:10Z"
    }
  },
  {
    "model": "athletes.athletediscipline",
    "pk": "0824df00-d1d5-46d0-bfda-33f94be603c2",
    "fields": {
      "athlete": "7c21d028-1082-468b-9dc6-500dadea1df4",
      "discipline": "4055fdd1-e8af-4c4d-ad49-36d60d4b8d8c",
      "created_at": "2025-01-20T10:55:10Z",
      "updated_at": "2025-01-20T10:55:10Z"
    }
  },
  {
    "model": "athletes.athletediscipline",
    "pk": "241d548a-556c-4418-8417-55a484566d3d",
    "fields": {
      "athlete": "5c619b56-925a-401c-92a8-961c76545436",
      "discipline": "224a394f-b9c2-405d-9f5a-b54ee4f96d1d",
      "created_at": "2025-01-20T10:56:10Z",
      "updated_at": "2025-01-20T10:56:10Z"
    }
  },
  {
    "model": "athletes.athletediscipline",
    "pk": "95b4f646-b1ac-4e1c-934f-be5ebf08ac60",
    "fields": {
      "athlete": "5c619b56-925a-401c-92a8-961c76545436",
      "discipline": "8fb35128-1b2b-44a1-a65b-8b633c06d482",
      "created_at": "2025-01-20T10:57:10Z",
      "updated_at": "2025-01-20T10:57:10Z"
    }
  },
  {
    "model": "athletes.athletediscipline",
    "pk": "a1988ff4-28fc-496c-a842-1e10f693b249",
    "fields": {
      "athlete": "7ab77291-20f4-4d93-b6db-a1f896dcc6a7",
      "discipline": "42665846-b0c6-40e6-b669-8c0ee1adea15",
      "created_at": "2025-01-20T10:58:10Z",
      "updated_at": "2025-01-20T10:58:10Z"
    }
  },
  {
    "model": "athletes.athletediscipline",
    "pk": "d29b4366-63ae-4f87-8022-41d1da84132f",
    "fields": {
      "athlete": "406b2629-5132-4e22-9945-87df9f589f4c",
      "discipline": "82bc72ff-bdd0-4550-b87a-f40282bd8f5f",
      "created_at": "2025-01-20T10:59:10Z",
      "updated_at": "2025-01-20T10:59:10Z"
    }
  },
  {
    "model": "athletes.athletediscipline",
    "pk": "f19d95a4-1d9b-4dc4-a63b-b36bf6a80c05",
    "fields": {
      "athlete": "406b2629-5132-4e22-9945-87df9f589f4c",
      "discipline": "09d6a93c-de89-4d91-b48a-257da9adf9ca",
      "created_at": "2025-01-20T11:00:10Z",
      "updated_at": "2025-01-20T11:00:10Z"
    }
  },
  {
    "model": "athletes.athletediscipline",
    "pk": "aab99b01-930a-432d-a840-3cc7e6aa91bc",
    "fields": {
      "athlete": "be98fde7-abf5-41fb-af57-10a3cd56474c",
      "discipline": "511497bd-5a64-4ec3-a143-f9f4fef7c47c",
      "created_at": "2025-01-20T11:01:10Z",
      "updated_at": "2025-01-20T11:01:10Z"
    }
  },
  {
    "model": "athletes.athletediscipline",
    "pk": "fe6e4fdf-ca97-4512-8a3f-e51a7d0ca99c",
    "fields": {
      "athlete": "be98fde7-abf5-41fb-af57-10a3cd56474c",
      "discipline": "11b50184-1525-44c9-a614-fde509bfef7b",
      "created_at": "2025-01-20T11:02:10Z",
      "updated_at": "2025-01-20T11:02:10Z"
    }
  },
  {
    "model": "athletes.athletediscipline",
    "pk": "f63e0a59-2467-4fc0-a03f-c9726a29e230",
    "fields": {
      "athlete": "9f4ca72f-e942-452a-86a7-f6fd6fa58111",
      "discipline": "09d6a93c-de89-4d91-b48a-257da9adf9ca",
      "created_at": "2025-01-20T11:03:10Z",
      "updated_at": "2025-01-20T11:03:10Z"
    }
  },
  {
    "model": "athletes.athletediscipline",
    "pk": "df551f54-a4f7-4c8b-b45a-0d7ee93f5c69",
    "fields": {
      "athlete": "9f4ca72f-e942-452a-86a7-f6fd6fa58111",
      "discipline": "d15accc2-3383-45d8-a3e3-51cd7c173d29",
      "created_at": "2025-01-20T11:04:10Z",
      "updated_at": "2025-01-20T11:04:10Z"
    }
  },
  {
    "model": "athletes.athletediscipline",
    "pk": "4d4b311c-c131-41f9-9250-ceddbf0003e5",
    "fields": {
      "athlete": "20226abe-be62-4c85-8654-865a46bf1e03",
      "discipline": "f9ad995f-6226-4b42-bd6d-e0715a0b995c",
      "created_at": "2025-01-20T11:05:10Z",
      "updated_at": "2025-01-20T11:05:10Z"
    }
  },
  {
    "model": "athletes.athletediscipline",
    "pk": "9aba41a9-b068-42e0-9c1a-4d406066ff11",
    "fields": {
      "athlete": "20226abe-be62-4c85-8654-865a46bf1e03",
      "discipline": "d10168db-7131-4ba6-bf7b-7efa7ff0f866",
      "created_at": "2025-01-20T11:06:10Z",
      "updated_at": "2025-01-20T11:06:10Z"
    }
  },
  {
    "model": "athletes.athletediscipline",
    "pk": "735e9441-f8db-4f08-9144-4cfc7947b9cd",
    "fields": {
      "athlete": "de480e87-c868-4f88-9501-ebcd51e747eb",
      "discipline": "b5728d82-5b93-48cc-99d1-4f1c18997ac2",
      "created_at": "2025-01-20T11:07:10Z",
      "updated_at": "2025-01-20T11:07:10Z"
    }
  },
  {
    "model": "athletes.athletediscipline",
    "pk": "00df659e-dc6e-421a-a530-272190f4a13a",
    "fields": {
      "athlete": "de480e87-c868-4f88-9501-ebcd51e747eb",
      "discipline": "10ce91e8-4959-4fab-a0a1-690ca1cf387f",
      "created_at": "2025-01-20T11:08:10Z",
      "updated_at": "2025-01-20T11:08:10Z"
    }
  },
  {
    "model": "athletes.athletediscipline",
    "pk": "ade97718-0555-40a8-ad6d-7dcdd5f1d2c1",
    "fields": {
      "athlete": "ff13ec39-caa2-49c0-90a0-023d5a2e2064",
      "discipline": "11b50184-1525-44c9-a614-fde509bfef7b",
      "created_at": "2025-01-20T11:09:10Z",
      "updated_at": "2025-01-20T11:09:10Z"
    }
  },
  {
    "model": "athletes.athletediscipline",
    "pk": "71bb963f-c7cb-4d52-882a-8cd59d38e10d",
    "fields": {
      "athlete": "ff13ec39-caa2-49c0-90a0-023d5a2e2064",
      "discipline": "f6c9201c-e8c7-4369-9938-ab3c6918955d",
      "created_at": "2025-01-20T11:10:10Z",
      "updated_at": "2025-01-20T11:10:10Z"
    }
  },
  {
    "model": "athletes.athletephoto",
    "pk": "09a174db-ff2c-4b65-a619-fe7ac6369cd3",
    "fields": {
      "athlete": "0a41790b-b62b-42c9-9466-d95cdd4270c4",
      "image": "athlete_gallery/0a41790b_training.jpg",
      "caption": "Séance d'entraînement",
      "created_at": "2025-01-21T10:00:00Z",
      "updated_at": "2025-01-21T10:00:00Z"
    }
  },
  {
    "model": "athletes.athletephoto",
    "pk": "59013b81-431b-408d-9cbb-bfcb59a0ac1f",
    "fields": {
      "athlete": "6d0f6dc3-cbbc-43e8-ad65-1b9a31f65ed1",
      "image": "athlete_gallery/6d0f6dc3_training.jpg",
      "caption": "Séance d'entraînement",
      "created_at": "2025-01-21T10:01:00Z",
      "updated_at": "2025-01-21T10:01:00Z"
    }
  },
  {
    "model": "athletes.athletephoto",
    "pk": "bb576ed2-b3a6-4423-8fcc-9fe8462a4de4",
    "fields": {
      "athlete": "b76a3b66-9323-44bf-a171-6d195af9f667",
      "image": "athlete_gallery/b76a3b66_training.jpg",
      "caption": "Séance d'entraînement",
      "created_at": "2025-01-21T10:02:00Z",
      "updated_at": "2025-01-21T10:02:00Z"
    }
  },
  {
    "model": "athletes.athletephoto",
    "pk": "7ae4b886-92ed-4234-bb6e-b87002e663f0",
    "fields": {
      "athlete": "6f10ce57-f5c5-41d4-ba24-ab07d6f979a3",
      "image": "athlete_gallery/6f10ce57_training.jpg",
      "caption": "Séance d'entraînement",
      "created_at": "2025-01-21T10:03:00Z",
      "updated_at": "2025-01-21T10:03:00Z"
    }
  },
  {
    "model": "athletes.athletephoto",
    "pk": "6f9aae8e-dc0c-4638-a6d0-018bd88c9dfe",
    "fields": {
      "athlete": "3b889fae-0b05-4504-8ca0-c852799f7ef2",
      "image": "athlete_gallery/3b889fae_training.jpg",
      "caption": "Séance d'entraînement",
      "created_at": "2025-01-21T10:04:00Z",
      "updated_at": "2025-01-21T10:04:00Z"
    }
  },
  {
    "model": "follows.follow",
    "pk": "933bf6ac-ead1-47ba-ab96-3b3d577b5726",
    "fields": {
      "collaborator": "f4c67d33-ef1a-4fc5-8c25-046bc8616ebc",
      "athlete": "0a41790b-b62b-42c9-9466-d95cdd4270c4",
      "notify_news": true,
      "notify_stats": true,
      "notify_contracts": true,
      "created_at": "2025-01-22T10:00:00Z",
      "updated_at": "2025-01-22T10:00:00Z"
    }
  },
  {
    "model": "follows.follow",
    "pk": "4afadf6e-dc97-4ce5-b9b9-cac901b15d86",
    "fields": {
      "collaborator": "f4c67d33-ef1a-4fc5-8c25-046bc8616ebc",
      "athlete": "6d0f6dc3-cbbc-43e8-ad65-1b9a31f65ed1",
      "notify_news": true,
      "notify_stats": false,
      "notify_contracts": true,
      "created_at": "2025-01-22T10:01:00Z",
      "updated_at": "2025-01-22T10:01:00Z"
    }
  },
  {
    "model": "follows.follow",
    "pk": "067fde89-5a2b-4a17-b492-95c0f808714b",
    "fields": {
      "collaborator": "f4c67d33-ef1a-4fc5-8c25-046bc8616ebc",
      "athlete": "b76a3b66-9323-44bf-a171-6d195af9f667",
      "notify_news": true,
      "notify_stats": true,
      "notify_contracts": true,
      "created_at": "2025-01-22T10:02:00Z",
      "updated_at": "2025-01-22T10:02:00Z"
    }
  },
  {
    "model": "follows.follow",
    "pk": "afcc6bd8-aa20-4173-b991-1a97c5b854ea",
    "fields": {
      "collaborator": "f08659c8-6159-4a69-b345-a55ecffe62fe",
      "athlete": "0a41790b-b62b-42c9-9466-d95cdd4270c4",
      "notify_news": true,
      "notify_stats": false,
      "notify_contracts": true,
      "created_at": "2025-01-22T10:03:00Z",
      "updated_at": "2025-01-22T10:03:00Z"
    }
  },
  {
    "model": "follows.follow",
    "pk": "9d31ee79-cc55-449d-8f16-89142f0220a2",
    "fields": {
      "collaborator": "f08659c8-6159-4a69-b345-a55ecffe62fe",
      "athlete": "6d0f6dc3-cbbc-43e8-ad65-1b9a31f65ed1",
      "notify_news": true,
      "notify_stats": true,
      "notify_contracts": true,
      "created_at": "2025-01-22T10:04:00Z",
      "updated_at": "2025-01-22T10:04:00Z"
    }
  },
  {
    "model": "follows.follow",
    "pk": "6d84d884-f67b-4379-9b61-7b8aba47465d",
    "fields": {
      "collaborator": "f08659c8-6159-4a69-b345-a55ecffe62fe",
      "athlete": "b76a3b66-9323-44bf-a171-6d195af9f667",
      "notify_news": true,
      "notify_stats": false,
      "notify_contracts": true,
      "created_at": "2025-01-22T10:05:00Z",
      "updated_at": "2025-01-22T10:05:00Z"
    }
  },
  {
    "model": "follows.follow",
    "pk": "8410c236-6953-4933-9676-ef1ce0c7c960",
    "fields": {
      "collaborator": "aebc999e-ad09-4c6f-8d1a-fe20b52d04b6",
      "athlete": "0a41790b-b62b-42c9-9466-d95cdd4270c4",
      "notify_news": true,
      "notify_stats": true,
      "notify_contracts": true,
      "created_at": "2025-01-22T10:06:00Z",
      "updated_at": "2025-01-22T10:06:00Z"
    }
  },
  {
    "model": "follows.follow",
    "pk": "b7ccf3da-fc30-4b17-8ad5-3e7e581a12d9",
    "fields": {
      "collaborator": "aebc999e-ad09-4c6f-8d1a-fe20b52d04b6",
      "athlete": "6d0f6dc3-cbbc-43e8-ad65-1b9a31f65ed1",
      "notify_news": true,
      "notify_stats": false,
      "notify_contracts": true,
      "created_at": "2025-01-22T10:07:00Z",
      "updated_at": "2025-01-22T10:07:00Z"
    }
  },
  {
    "model": "follows.follow",
    "pk": "2c7f596c-2874-4a5c-9607-717f1cb0b761",
    "fields": {
      "collaborator": "aebc999e-ad09-4c6f-8d1a-fe20b52d04b6",
      "athlete": "b76a3b66-9323-44bf-a171-6d195af9f667",
      "notify_news": true,
      "notify_stats": true,
      "notify_contracts": true,
      "created_at": "2025-01-22T10:08:00Z",
      "updated_at": "2025-01-22T10:08:00Z"
    }
  },
  {
    "model": "follows.follow",
    "pk": "1d55a169-4176-401a-9631-55a0336dda45",
    "fields": {
      "collaborator": "4f260237-69d5-4db0-8888-7a9efb3dc62d",
      "athlete": "0a41790b-b62b-42c9-9466-d95cdd4270c4",
      "notify_news": true,
      "notify_stats": false,
      "notify_contracts": true,
      "created_at": "2025-01-22T10:09:00Z",
      "updated_at": "2025-01-22T10:09:00Z"
    }
  },
  {
    "model": "follows.follow",
    "pk": "9613f380-882c-49ac-b2ca-f9d1e31862bf",
    "fields": {
      "collaborator": "4f260237-69d5-4db0-8888-7a9efb3dc62d",
      "athlete": "6d0f6dc3-cbbc-43e8-ad65-1b9a31f65ed1",
      "notify_news": true,
      "notify_stats": true,
      "notify_contracts": true,
      "created_at": "2025-01-22T10:10:00Z",
      "updated_at": "2025-01-22T10:10:00Z"
    }
  },
  {
    "model": "follows.follow",
    "pk": "20d29295-6ea9-4be5-86e7-dd6f1f71bbaf",
    "fields": {
      "collaborator": "4f260237-69d5-4db0-8888-7a9efb3dc62d",
      "athlete": "b76a3b66-9323-44bf-a171-6d195af9f667",
      "notify_news": true,
      "notify_stats": false,
      "notify_contracts": true,
      "created_at": "2025-01-22T10:11:00Z",
      "updated_at": "2025-01-22T10:11:00Z"
    }
  },
  {
    "model": "follows.follow",
    "pk": "90d5a7e4-223b-4d83-bc5d-bb41df659bdd",
    "fields": {
      "collaborator": "b2d4745f-e15d-4c15-860e-471a29c3a288",
      "athlete": "0a41790b-b62b-42c9-9466-d95cdd4270c4",
      "notify_news": true,
      "notify_stats": true,
      "notify_contracts": true,
      "created_at": "2025-01-22T10:12:00Z",
      "updated_at": "2025-01-22T10:12:00Z"
    }
  },
  {
    "model": "follows.follow",
    "pk": "bff7389a-b60f-4226-a4c8-182c8257d0da",
    "fields": {
      "collaborator": "b2d4745f-e15d-4c15-860e-471a29c3a288",
      "athlete": "6d0f6dc3-cbbc-43e8-ad65-1b9a31f65ed1",
      "notify_news": true,
      "notify_stats": false,
      "notify_contracts": true,
      "created_at": "2025-01-22T10:13:00Z",
      "updated_at": "2025-01-22T10:13:00Z"
    }
  },
  {
    "model": "follows.follow",
    "pk": "f9f3452e-ad9a-4917-9235-1c080cdcfd96",
    "fields": {
      "collaborator": "b2d4745f-e15d-4c15-860e-471a29c3a288",
      "athlete": "b76a3b66-9323-44bf-a171-6d195af9f667",
      "notify_news": true,
      "notify_stats": true,
      "notify_contracts": true,
      "created_at": "2025-01-22T10:14:00Z",
      "updated_at": "2025-01-22T10:14:00Z"
    }
  },
  {
    "model": "follows.follow",
    "pk": "d5b94ee8-a53d-4bc4-8c86-b8c6ff2ce8d9",
    "fields": {
      "collaborator": "2f0a640c-bea3-45ac-9a99-6e93dd6ce5ac",
      "athlete": "cf683026-f1c2-44bd-8c0a-f4e2f68607e4",
      "notify_news": true,
      "notify_stats": false,
      "notify_contracts": true,
      "created_at": "2025-01-22T10:15:00Z",
      "updated_at": "2025-01-22T10:15:00Z"
    }
  },
  {
    "model": "follows.follow",
    "pk": "9e602f7b-ca43-4ac1-8270-da0c7326689c",
    "fields": {
      "collaborator": "2f0a640c-bea3-45ac-9a99-6e93dd6ce5ac",
      "athlete": "a0f21f9d-85e8-4105-ada6-a67e2ad4055f",
      "notify_news": true,
      "notify_stats": true,
      "notify_contracts": true,
      "created_at": "2025-01-22T10:16:00Z",
      "updated_at": "2025-01-22T10:16:00Z"
    }
  },
  {
    "model": "follows.follow",
    "pk": "f9f79299-1cd8-4592-b549-7ec2cd93d221",
    "fields": {
      "collaborator": "2f0a640c-bea3-45ac-9a99-6e93dd6ce5ac",
      "athlete": "f73d0b5d-12be-4283-a28d-feb37e687919",
      "notify_news": true,
      "notify_stats": false,
      "notify_contracts": true,
      "created_at": "2025-01-22T10:17:00Z",
      "updated_at": "2025-01-22T10:17:00Z"
    }
  },
  {
    "model": "follows.follow",
    "pk": "5f1700ff-9986-4797-9285-7bf33ed9001b",
    "fields": {
      "collaborator": "2f0a640c-bea3-45ac-9a99-6e93dd6ce5ac",
      "athlete": "22ad74d0-4775-4e21-b48e-665ba3a0b6b8",
      "notify_news": true,
      "notify_stats": true,
      "notify_contracts": true,
      "created_at": "2025-01-22T10:18:00Z",
      "updated_at": "2025-01-22T10:18:00Z"
    }
  },
  {
    "model": "follows.follow",
    "pk": "8d1dcf78-9af0-442d-8df8-b92f8e6ab141",
    "fields": {
      "collaborator": "2f0a640c-bea3-45ac-9a99-6e93dd6ce5ac",
      "athlete": "e03cecdc-ba05-40eb-96eb-b98ba0970d17",
      "notify_news": true,
      "notify_stats": false,
      "notify_contracts": true,
      "created_at": "2025-01-22T10:19:00Z",
      "updated_at": "2025-01-22T10:19:00Z"
    }
  },
  {
    "model": "follows.follow",
    "pk": "9e7c59f6-e558-4275-8cba-f1149acaa79b",
    "fields": {
      "collaborator": "037fdf65-bd22-44e4-bd48-3e3d416b24fe",
      "athlete": "cf683026-f1c2-44bd-8c0a-f4e2f68607e4",
      "notify_news": true,
      "notify_stats": true,
      "notify_contracts": true,
      "created_at": "2025-01-22T10:20:00Z",
      "updated_at": "2025-01-22T10:20:00Z"
    }
  },
  {
    "model": "follows.follow",
    "pk": "591c1c10-f60a-4bcb-909b-c22fb25e6823",
    "fields": {
      "collaborator": "037fdf65-bd22-44e4-bd48-3e3d416b24fe",
      "athlete": "a0f21f9d-85e8-4105-ada6-a67e2ad4055f",
      "notify_news": true,
      "notify_stats": false,
      "notify_contracts": true,
      "created_at": "2025-01-22T10:21:00Z",
      "updated_at": "2025-01-22T10:21:00Z"
    }
  },
  {
    "model": "follows.follow",
    "pk": "fd5761aa-3d34-4851-83d3-e09468550a81",
    "fields": {
      "collaborator": "037fdf65-bd22-44e4-bd48-3e3d416b24fe",
      "athlete": "f73d0b5d-12be-4283-a28d-feb37e687919",
      "notify_news": true,
      "notify_stats": true,
      "notify_contracts": true,
      "created_at": "2025-01-22T10:22:00Z",
      "updated_at": "2025-01-22T10:22:00Z"
    }
  },
  {
    "model": "follows.follow",
    "pk": "e9f693f1-9895-41b2-9be5-15cb0a2e3b04",
    "fields": {
      "collaborator": "037fdf65-bd22-44e4-bd48-3e3d416b24fe",
      "athlete": "22ad74d0-4775-4e21-b48e-665ba3a0b6b8",
      "notify_news": true,
      "notify_stats": false,
      "notify_contracts": true,
      "created_at": "2025-01-22T10:23:00Z",
      "updated_at": "2025-01-22T10:23:00Z"
    }
  },
  {
    "model": "follows.follow",
    "pk": "e6bbb4d8-db56-4f21-a736-05aa30798056",
    "fields": {
      "collaborator": "037fdf65-bd22-44e4-bd48-3e3d416b24fe",
      "athlete": "e03cecdc-ba05-40eb-96eb-b98ba0970d17",
      "notify_news": true,
      "notify_stats": true,
      "notify_contracts": true,
      "created_at": "2025-01-22T10:24:00Z",
      "updated_at": "2025-01-22T10:24:00Z"
    }
  },
  {
    "model": "follows.follow",
    "pk": "5ba111ed-8636-4be4-8bf5-f6ea711e28f1",
    "fields": {
      "collaborator": "940a8c04-c3f9-4cdd-b284-92f77c6a25c7",
      "athlete": "cf683026-f1c2-44bd-8c0a-f4e2f68607e4",
      "notify_news": true,
      "notify_stats": false,
      "notify_contracts": true,
      "created_at": "2025-01-22T10:25:00Z",
      "updated_at": "2025-01-22T10:25:00Z"
    }
  },
  {
    "model": "follows.follow",
    "pk": "7f3c7b8a-9e81-4ca1-96c2-d93ffdc56534",
    "fields": {
      "collaborator": "940a8c04-c3f9-4cdd-b284-92f77c6a25c7",
      "athlete": "a0f21f9d-85e8-4105-ada6-a67e2ad4055f",
      "notify_news": true,
      "notify_stats": true,
      "notify_contracts": true,
      "created_at": "2025-01-22T10:26:00Z",
      "updated_at": "2025-01-22T10:26:00Z"
    }
  },
  {
    "model": "follows.follow",
    "pk": "94308f89-6160-4163-9956-d4e2c5a6392e",
    "fields": {
      "collaborator": "940a8c04-c3f9-4cdd-b284-92f77c6a25c7",
      "athlete": "f73d0b5d-12be-4283-a28d-feb37e687919",
      "notify_news": true,
      "notify_stats": false,
      "notify_contracts": true,
      "created_at": "2025-01-22T10:27:00Z",
      "updated_at": "2025-01-22T10:27:00Z"
    }
  },
  {
    "model": "follows.follow",
    "pk": "09d058a8-1dbc-43a7-a3ad-f27eeb1515c8",
    "fields": {
      "collaborator": "940a8c04-c3f9-4cdd-b284-92f77c6a25c7",
      "athlete": "22ad74d0-4775-4e21-b48e-665ba3a0b6b8",
      "notify_news": true,
      "notify_stats": true,
      "notify_contracts": true,
      "created_at": "2025-01-22T10:28:00Z",
      "updated_at": "2025-01-22T10:28:00Z"
    }
  },
  {
    "model": "follows.follow",
    "pk": "1a794813-db54-479c-b301-dd9f00548234",
    "fields": {
      "collaborator": "940a8c04-c3f9-4cdd-b284-92f77c6a25c7",
      "athlete": "e03cecdc-ba05-40eb-96eb-b98ba0970d17",
      "notify_news": true,
      "notify_stats": false,
      "notify_contracts": true,
      "created_at": "2025-01-22T10:29:00Z",
      "updated_at": "2025-01-22T10:29:00Z"
    }
  },
  {
    "model": "follows.follow",
    "pk": "3ac13139-2e96-4ac9-ac57-a3e60bd0aa9a",
    "fields": {
      "collaborator": "d0dc2acd-764a-4304-a05c-1f012479fb48",
      "athlete": "cf683026-f1c2-44bd-8c0a-f4e2f68607e4",
      "notify_news": true,
      "notify_stats": true,
      "notify_contracts": true,
      "created_at": "2025-01-22T10:30:00Z",
      "updated_at": "2025-01-22T10:30:00Z"
    }
  },
  {
    "model": "follows.follow",
    "pk": "9338f154-7a57-49c9-be39-34e14e15a782",
    "fields": {
      "collaborator": "d0dc2acd-764a-4304-a05c-1f012479fb48",
      "athlete": "a0f21f9d-85e8-4105-ada6-a67e2ad4055f",
      "notify_news": true,
      "notify_stats": false,
      "notify_contracts": true,
      "created_at": "2025-01-22T10:31:00Z",
      "updated_at": "2025-01-22T10:31:00Z"
    }
  },
  {
    "model": "follows.follow",
    "pk": "a3ce9167-3157-4370-8aaf-7ddd0f1b55e7",
    "fields": {
      "collaborator": "d0dc2acd-764a-4304-a05c-1f012479fb48",
      "athlete": "f73d0b5d-12be-4283-a28d-feb37e687919",
      "notify_news": true,
      "notify_stats": true,
      "notify_contracts": true,
      "created_at": "2025-01-22T10:32:00Z",
      "updated_at": "2025-01-22T10:32:00Z"
    }
  },
  {
    "model": "follows.follow",
    "pk": "e4a099cc-c65f-4c1f-80c1-d78b7c442e78",
    "fields": {
      "collaborator": "d0dc2acd-764a-4304-a05c-1f012479fb48",
      "athlete": "22ad74d0-4775-4e21-b48e-665ba3a0b6b8",
      "notify_news": true,
      "notify_stats": false,
      "notify_contracts": true,
      "created_at": "2025-01-22T10:33:00Z",
      "updated_at": "2025-01-22T10:33:00Z"
    }
  },
  {
    "model": "follows.follow",
    "pk": "4e9390b1-b231-4b63-ae80-c297772f201a",
    "fields": {
      "collaborator": "d0dc2acd-764a-4304-a05c-1f012479fb48",
      "athlete": "e03cecdc-ba05-40eb-96eb-b98ba0970d17",
      "notify_news": true,
      "notify_stats": true,
      "notify_contracts": true,
      "created_at": "2025-01-22T10:34:00Z",
      "updated_at": "2025-01-22T10:34:00Z"
    }
  },
  {
    "model": "follows.follow",
    "pk": "6ebdc6bc-ef9d-4432-ad8b-d8e8acd53300",
    "fields": {
      "collaborator": "c4593e69-6d62-4bfc-be1e-4452762828be",
      "athlete": "cf683026-f1c2-44bd-8c0a-f4e2f68607e4",
      "notify_news": true,
      "notify_stats": false,
      "notify_contracts": true,
      "created_at": "2025-01-22T10:35:00Z",
      "updated_at": "2025-01-22T10:35:00Z"
    }
  },
  {
    "model": "follows.follow",
    "pk": "3a179d37-9837-4819-8743-76cce3e970e3",
    "fields": {
      "collaborator": "c4593e69-6d62-4bfc-be1e-4452762828be",
      "athlete": "a0f21f9d-85e8-4105-ada6-a67e2ad4055f",
      "notify_news": true,
      "notify_stats": true,
      "notify_contracts": true,
      "created_at": "2025-01-22T10:36:00Z",
      "updated_at": "2025-01-22T10:36:00Z"
    }
  },
  {
    "model": "follows.follow",
    "pk": "e7df7a40-82f9-40ef-b215-5cd9207132c1",
    "fields": {
      "collaborator": "c4593e69-6d62-4bfc-be1e-4452762828be",
      "athlete": "f73d0b5d-12be-4283-a28d-feb37e687919",
      "notify_news": true,
      "notify_stats": false,
      "notify_contracts": true,
      "created_at": "2025-01-22T10:37:00Z",
      "updated_at": "2025-01-22T10:37:00Z"
    }
  },
  {
    "model": "follows.follow",
    "pk": "53d140f9-c468-4147-882c-d2de81b5ca4f",
    "fields": {
      "collaborator": "c4593e69-6d62-4bfc-be1e-4452762828be",
      "athlete": "22ad74d0-4775-4e21-b48e-665ba3a0b6b8",
      "notify_news": true,
      "notify_stats": true,
      "notify_contracts": true,
      "created_at": "2025-01-22T10:38:00Z",
      "updated_at": "2025-01-22T10:38:00Z"
    }
  },
  {
    "model": "follows.follow",
    "pk": "1d554d9a-424d-454c-af3d-08d175afc236",
    "fields": {
      "collaborator": "c4593e69-6d62-4bfc-be1e-4452762828be",
      "athlete": "e03cecdc-ba05-40eb-96eb-b98ba0970d17",
      "notify_news": true,
      "notify_stats": false,
      "notify_contracts": true,
      "created_at": "2025-01-22T10:39:00Z",
      "updated_at": "2025-01-22T10:39:00Z"
    }
  },
  {
    "model": "contracts.clausetemplate",
    "pk": "78738008-b3e2-4f68-a1e5-3f586c8ab664",
    "fields": {
      "category": "financial",
      "title": "Compensation financière",
      "content": "L'organisation versera {{amount}} EUR à l'athlète en {{installments}} versements.",
      "placeholders": [
        "amount",
        "installments"
      ],
      "is_mandatory": true,
      "version": 1,
      "created_at": "2024-12-26T10:00:00Z",
      "updated_at": "2024-12-26T10:00:00Z"
    }
  },
  {
    "model": "contracts.clausetemplate",
    "pk": "e0e23316-1e9c-465c-a2c9-762210c45dd7",
    "fields": {
      "category": "intellectual_property",
      "title": "Droits à l'image",
      "content": "L'athlète cède les droits d'utilisation de son image pour {{campaign_duration}}.",
      "placeholders": [
        "campaign_duration"
      ],
      "is_mandatory": false,
      "version": 1,
      "created_at": "2024-12-26T09:59:00Z",
      "updated_at": "2024-12-26T09:59:00Z"
    }
  },
  {
    "model": "contracts.clausetemplate",
    "pk": "20430251-f194-42d2-b9f6-d007a72e9b5b",
    "fields": {
      "category": "logistics",
      "title": "Participation événementielle",
      "content": "L'athlète participera à {{event_count}} événements promotionnels par an.",
      "placeholders": [
        "event_count"
      ],
      "is_mandatory": true,
      "version": 1,
      "created_at": "2024-12-26T09:58:00Z",
      "updated_at": "2024-12-26T09:58:00Z"
    }
  },
  {
    "model": "contracts.clausetemplate",
    "pk": "7bf6c17c-5db6-4ce6-b6e3-773a34af2756",
    "fields": {
      "category": "performance",
      "title": "Objectifs de performance",
      "content": "L'athlète s'engage à maintenir un taux d'engagement moyen de {{engagement_target}}%.",
      "placeholders": [
        "engagement_target"
      ],
      "is_mandatory": false,
      "version": 1,
      "created_at": "2024-12-26T09:57:00Z",
      "updated_at": "2024-12-26T09:57:00Z"
    }
  },
  {
    "model": "contracts.contract",
    "pk": "48186022-a774-47bb-97e4-9e1d863ec1a2",
    "fields": {
      "organisation": "cd8af614-5010-4d57-9930-bd5d7d6d8144",
      "agent": "37c17c87-9d03-462a-a0cb-4c44d2adadf9",
      "initiated_by": "f4c67d33-ef1a-4fc5-8c25-046bc8616ebc",
      "status": "draft",
      "title": "Activation printemps 2025",
      "effective_date": null,
      "expiration_date": null,
      "owner_agreed_at": null,
      "agent_agreed_at": null,
      "current_version_number": 1,
      "created_at": "2025-01-15T10:00:00Z",
      "updated_at": "2025-01-15T11:00:00Z"
    }
  },
  {
    "model": "contracts.contractversion",
    "pk": "11aa398b-1dad-42e7-ae4e-9c580cdc92a6",
    "fields": {
      "contract": "48186022-a774-47bb-97e4-9e1d863ec1a2",
      "number": 1,
      "created_by": "dd56d450-f621-436d-84ff-f32f22fe0b84",
      "source_revision": null,
      "notes": "Version initiale générée automatiquement.",
      "created_at": "2025-01-15T10:30:00Z",
      "updated_at": "2025-01-15T10:30:00Z"
    }
  },
  {
    "model": "contracts.contractclause",
    "pk": "e8395e07-f996-4f2c-ae75-f5e632304db5",
    "fields": {
      "contract": "48186022-a774-47bb-97e4-9e1d863ec1a2",
      "template": "78738008-b3e2-4f68-a1e5-3f586c8ab664",
      "title": "Compensation financière",
      "content": "L'organisation versera amount EUR à l'athlète en installments versements.",
      "is_mandatory": true,
      "is_modified": false,
      "created_at": "2025-01-15T10:45:00Z",
      "updated_at": "2025-01-15T10:45:00Z"
    }
  },
  {
    "model": "contracts.contractclause",
    "pk": "c40bbbee-f2e4-407a-b51e-26ba0db54263",
    "fields": {
      "contract": "48186022-a774-47bb-97e4-9e1d863ec1a2",
      "template": "e0e23316-1e9c-465c-a2c9-762210c45dd7",
      "title": "Droits à l'image",
      "content": "L'athlète cède les droits d'utilisation de son image pour campaign_duration.",
      "is_mandatory": false,
      "is_modified": false,
      "created_at": "2025-01-15T10:46:00Z",
      "updated_at": "2025-01-15T10:46:00Z"
    }
  },
  {
    "model": "contracts.contractclause",
    "pk": "ecf8cafe-436a-4421-af52-692038f97ffa",
    "fields": {
      "contract": "48186022-a774-47bb-97e4-9e1d863ec1a2",
      "template": "20430251-f194-42d2-b9f6-d007a72e9b5b",
      "title": "Participation événementielle",
      "content": "L'athlète participera à event_count événements promotionnels par an.",
      "is_mandatory": true,
      "is_modified": true,
      "created_at": "2025-01-15T10:47:00Z",
      "updated_at": "2025-01-15T10:47:00Z"
    }
  },
  {
    "model": "contracts.contract",
    "pk": "ba45530a-d8dc-4a53-bb40-cf0f8d194772",
    "fields": {
      "organisation": "cbc3b129-af87-457f-932b-e330cbdbf218",
      "agent": "4dd41b7e-518a-4246-bc20-d703bdb9b79f",
      "initiated_by": "2f0a640c-bea3-45ac-9a99-6e93dd6ce5ac",
      "status": "negotiation",
      "title": "Tournée estivale Europe",
      "effective_date": null,
      "expiration_date": null,
      "owner_agreed_at": null,
      "agent_agreed_at": null,
      "current_version_number": 1,
      "created_at": "2025-01-17T10:00:00Z",
      "updated_at": "2025-01-17T11:00:00Z"
    }
  },
  {
    "model": "contracts.contractversion",
    "pk": "10afa8c8-8e8b-4d44-8196-5b3d76399ace",
    "fields": {
      "contract": "ba45530a-d8dc-4a53-bb40-cf0f8d194772",
      "number": 1,
      "created_by": "460eca05-309b-4e87-ba77-89960f558b69",
      "source_revision": null,
      "notes": "Version initiale générée automatiquement.",
      "created_at": "2025-01-17T10:30:00Z",
      "updated_at": "2025-01-17T10:30:00Z"
    }
  },
  {
    "model": "contracts.contractclause",
    "pk": "168b3774-b061-425b-b114-70fe78825ab2",
    "fields": {
      "contract": "ba45530a-d8dc-4a53-bb40-cf0f8d194772",
      "template": "78738008-b3e2-4f68-a1e5-3f586c8ab664",
      "title": "Compensation financière",
      "content": "L'organisation versera amount EUR à l'athlète en installments versements.",
      "is_mandatory": true,
      "is_modified": false,
      "created_at": "2025-01-17T10:45:00Z",
      "updated_at": "2025-01-17T10:45:00Z"
    }
  },
  {
    "model": "contracts.contractclause",
    "pk": "574d6fe0-dced-469d-9c1c-e6d1b7d32b5f",
    "fields": {
      "contract": "ba45530a-d8dc-4a53-bb40-cf0f8d194772",
      "template": "e0e23316-1e9c-465c-a2c9-762210c45dd7",
      "title": "Droits à l'image",
      "content": "L'athlète cède les droits d'utilisation de son image pour campaign_duration.",
      "is_mandatory": false,
      "is_modified": false,
      "created_at": "2025-01-17T10:46:00Z",
      "updated_at": "2025-01-17T10:46:00Z"
    }
  },
  {
    "model": "contracts.contractclause",
    "pk": "d1291ef3-de4d-4df7-b1ef-e4400a702791",
    "fields": {
      "contract": "ba45530a-d8dc-4a53-bb40-cf0f8d194772",
      "template": "20430251-f194-42d2-b9f6-d007a72e9b5b",
      "title": "Participation événementielle",
      "content": "L'athlète participera à event_count événements promotionnels par an.",
      "is_mandatory": true,
      "is_modified": true,
      "created_at": "2025-01-17T10:47:00Z",
      "updated_at": "2025-01-17T10:47:00Z"
    }
  },
  {
    "model": "contracts.contractrevision",
    "pk": "e98a231e-74d8-4044-bd39-cf930288a2d0",
    "fields": {
      "contract": "ba45530a-d8dc-4a53-bb40-cf0f8d194772",
      "proposed_by": "c1a3e91f-452d-405a-a5e2-539adfe88753",
      "comment": "Proposition d'ajuster le périmètre des contenus.",
      "accepted": null,
      "created_at": "2025-01-17T13:00:00Z",
      "updated_at": "2025-01-17T13:00:00Z"
    }
  },
  {
    "model": "contracts.contract",
    "pk": "0c471443-a244-4cc0-aa87-891b2643c3fd",
    "fields": {
      "organisation": "661e3f49-8b96-40af-b290-b9d7d0227bf7",
      "agent": "6739de21-a590-461d-8537-6cc6fc2cf929",
      "initiated_by": "037fdf65-bd22-44e4-bd48-3e3d416b24fe",
      "status": "legal_review",
      "title": "Campagne digitale Q3",
      "effective_date": null,
      "expiration_date": null,
      "owner_agreed_at": "2025-01-17T10:00:00Z",
      "agent_agreed_at": null,
      "current_version_number": 1,
      "created_at": "2025-01-19T10:00:00Z",
      "updated_at": "2025-01-19T11:00:00Z"
    }
  },
  {
    "model": "contracts.contractversion",
    "pk": "6dbcb952-7a97-46d2-b274-c9bf5414d12b",
    "fields": {
      "contract": "0c471443-a244-4cc0-aa87-891b2643c3fd",
      "number": 1,
      "created_by": "1719cb06-29f9-491c-a365-43f7e71d13b4",
      "source_revision": null,
      "notes": "Version initiale générée automatiquement.",
      "created_at": "2025-01-19T10:30:00Z",
      "updated_at": "2025-01-19T10:30:00Z"
    }
  },
  {
    "model": "contracts.contractclause",
    "pk": "74689775-ca77-4e14-8efd-3761cacf821c",
    "fields": {
      "contract": "0c471443-a244-4cc0-aa87-891b2643c3fd",
      "template": "78738008-b3e2-4f68-a1e5-3f586c8ab664",
      "title": "Compensation financière",
      "content": "L'organisation versera amount EUR à l'athlète en installments versements.",
      "is_mandatory": true,
      "is_modified": false,
      "created_at": "2025-01-19T10:45:00Z",
      "updated_at": "2025-01-19T10:45:00Z"
    }
  },
  {
    "model": "contracts.contractclause",
    "pk": "da443129-720a-4b51-ba1a-eca2ffd6d017",
    "fields": {
      "contract": "0c471443-a244-4cc0-aa87-891b2643c3fd",
      "template": "e0e23316-1e9c-465c-a2c9-762210c45dd7",
      "title": "Droits à l'image",
      "content": "L'athlète cède les droits d'utilisation de son image pour campaign_duration.",
      "is_mandatory": false,
      "is_modified": false,
      "created_at": "2025-01-19T10:46:00Z",
      "updated_at": "2025-01-19T10:46:00Z"
    }
  },
  {
    "model": "contracts.contractclause",
    "pk": "aa0139ca-dfe2-4199-956c-67f0ef8dd0cc",
    "fields": {
      "contract": "0c471443-a244-4cc0-aa87-891b2643c3fd",
      "template": "20430251-f194-42d2-b9f6-d007a72e9b5b",
      "title": "Participation événementielle",
      "content": "L'athlète participera à event_count événements promotionnels par an.",
      "is_mandatory": true,
      "is_modified": true,
      "created_at": "2025-01-19T10:47:00Z",
      "updated_at": "2025-01-19T10:47:00Z"
    }
  },
  {
    "model": "contracts.contractrevision",
    "pk": "842da5f2-d2c7-4a3d-af56-290028a18844",
    "fields": {
      "contract": "0c471443-a244-4cc0-aa87-891b2643c3fd",
      "proposed_by": "78b686f7-a33b-45fe-a9c9-2ca2d72714cd",
      "comment": "Proposition d'ajuster le périmètre des contenus.",
      "accepted": null,
      "created_at": "2025-01-19T13:00:00Z",
      "updated_at": "2025-01-19T13:00:00Z"
    }
  },
  {
    "model": "contracts.contract",
    "pk": "8e18774a-936a-4fb6-849b-f5beb6393d56",
    "fields": {
      "organisation": "4ed1bbe5-920d-407c-b90a-4e12fa82201e",
      "agent": "6beddb27-a210-4c30-85d3-d971d484e304",
      "initiated_by": "5158887d-bb65-402b-b434-457fc3faa73a",
      "status": "signing",
      "title": "Programme fidélité premium",
      "effective_date": "2025-03-01",
      "expiration_date": "2026-02-28",
      "owner_agreed_at": "2025-01-18T10:00:00Z",
      "agent_agreed_at": "2025-01-18T12:00:00Z",
      "current_version_number": 1,
      "created_at": "2025-01-21T10:00:00Z",
      "updated_at": "2025-01-21T11:00:00Z"
    }
  },
  {
    "model": "contracts.contractversion",
    "pk": "43147879-5793-4512-86d1-c9c0084deb4e",
    "fields": {
      "contract": "8e18774a-936a-4fb6-849b-f5beb6393d56",
      "number": 1,
      "created_by": "c0ace607-a914-4a6e-8f31-d58630683323",
      "source_revision": null,
      "notes": "Version initiale générée automatiquement.",
      "created_at": "2025-01-21T10:30:00Z",
      "updated_at": "2025-01-21T10:30:00Z"
    }
  },
  {
    "model": "contracts.contractclause",
    "pk": "37da6305-1776-4770-b301-0a349a41e823",
    "fields": {
      "contract": "8e18774a-936a-4fb6-849b-f5beb6393d56",
      "template": "78738008-b3e2-4f68-a1e5-3f586c8ab664",
      "title": "Compensation financière",
      "content": "L'organisation versera amount EUR à l'athlète en installments versements.",
      "is_mandatory": true,
      "is_modified": false,
      "created_at": "2025-01-21T10:45:00Z",
      "updated_at": "2025-01-21T10:45:00Z"
    }
  },
  {
    "model": "contracts.contractclause",
    "pk": "cd770cf0-d9bb-4869-bb9c-7c267b26f0fd",
    "fields": {
      "contract": "8e18774a-936a-4fb6-849b-f5beb6393d56",
      "template": "e0e23316-1e9c-465c-a2c9-762210c45dd7",
      "title": "Droits à l'image",
      "content": "L'athlète cède les droits d'utilisation de son image pour campaign_duration.",
      "is_mandatory": false,
      "is_modified": false,
      "created_at": "2025-01-21T10:46:00Z",
      "updated_at": "2025-01-21T10:46:00Z"
    }
  },
  {
    "model": "contracts.contractclause",
    "pk": "5d833703-ba4b-4edc-b735-5cc3f9a632e4",
    "fields": {
      "contract": "8e18774a-936a-4fb6-849b-f5beb6393d56",
      "template": "20430251-f194-42d2-b9f6-d007a72e9b5b",
      "title": "Participation événementielle",
      "content": "L'athlète participera à event_count événements promotionnels par an.",
      "is_mandatory": true,
      "is_modified": true,
      "created_at": "2025-01-21T10:47:00Z",
      "updated_at": "2025-01-21T10:47:00Z"
    }
  },
  {
    "model": "contracts.contract",
    "pk": "fe71cfb0-a807-4d0b-901f-ad02ad1fd4ad",
    "fields": {
      "organisation": "cd8af614-5010-4d57-9930-bd5d7d6d8144",
      "agent": "6d14e419-dc80-47f3-a478-fb77a5c63c9f",
      "initiated_by": "f08659c8-6159-4a69-b345-a55ecffe62fe",
      "status": "active",
      "title": "Série web immersive",
      "effective_date": "2025-03-01",
      "expiration_date": "2026-02-28",
      "owner_agreed_at": "2025-01-19T10:00:00Z",
      "agent_agreed_at": "2025-01-19T12:00:00Z",
      "current_version_number": 1,
      "created_at": "2025-01-23T10:00:00Z",
      "updated_at": "2025-01-23T11:00:00Z"
    }
  },
  {
    "model": "contracts.contractversion",
    "pk": "56ddf689-3ceb-443f-8fc4-33ce714d7784",
    "fields": {
      "contract": "fe71cfb0-a807-4d0b-901f-ad02ad1fd4ad",
      "number": 1,
      "created_by": "f7b89cf2-1dd3-4108-a8a7-388e79fa3b9e",
      "source_revision": null,
      "notes": "Version initiale générée automatiquement.",
      "created_at": "2025-01-23T10:30:00Z",
      "updated_at": "2025-01-23T10:30:00Z"
    }
  },
  {
    "model": "contracts.contractclause",
    "pk": "60ee0134-69d6-40c0-801c-46d4654f655d",
    "fields": {
      "contract": "fe71cfb0-a807-4d0b-901f-ad02ad1fd4ad",
      "template": "78738008-b3e2-4f68-a1e5-3f586c8ab664",
      "title": "Compensation financière",
      "content": "L'organisation versera amount EUR à l'athlète en installments versements.",
      "is_mandatory": true,
      "is_modified": false,
      "created_at": "2025-01-23T10:45:00Z",
      "updated_at": "2025-01-23T10:45:00Z"
    }
  },
  {
    "model": "contracts.contractclause",
    "pk": "0d69acea-786e-4b91-bee0-1f1cc4653560",
    "fields": {
      "contract": "fe71cfb0-a807-4d0b-901f-ad02ad1fd4ad",
      "template": "e0e23316-1e9c-465c-a2c9-762210c45dd7",
      "title": "Droits à l'image",
      "content": "L'athlète cède les droits d'utilisation de son image pour campaign_duration.",
      "is_mandatory": false,
      "is_modified": false,
      "created_at": "2025-01-23T10:46:00Z",
      "updated_at": "2025-01-23T10:46:00Z"
    }
  },
  {
    "model": "contracts.contractclause",
    "pk": "599fded9-72ed-4711-83ab-5bf709c1a620",
    "fields": {
      "contract": "fe71cfb0-a807-4d0b-901f-ad02ad1fd4ad",
      "template": "20430251-f194-42d2-b9f6-d007a72e9b5b",
      "title": "Participation événementielle",
      "content": "L'athlète participera à event_count événements promotionnels par an.",
      "is_mandatory": true,
      "is_modified": true,
      "created_at": "2025-01-23T10:47:00Z",
      "updated_at": "2025-01-23T10:47:00Z"
    }
  },
  {
    "model": "contracts.contractcomment",
    "pk": "0f6cbd56-5245-43eb-aff1-086e9e8fd41c",
    "fields": {
      "contract": "48186022-a774-47bb-97e4-9e1d863ec1a2",
      "version": "11aa398b-1dad-42e7-ae4e-9c580cdc92a6",
      "clause": "e8395e07-f996-4f2c-ae75-f5e632304db5",
      "author": "dd56d450-f621-436d-84ff-f32f22fe0b84",
      "body": "Annotation interne pour préciser les conditions.",
      "created_at": "2025-01-15T14:00:00Z",
      "updated_at": "2025-01-15T14:00:00Z"
    }
  },
  {
    "model": "contracts.contractcomment",
    "pk": "e70d64c8-d549-4308-a189-3a9ef9572260",
    "fields": {
      "contract": "ba45530a-d8dc-4a53-bb40-cf0f8d194772",
      "version": "10afa8c8-8e8b-4d44-8196-5b3d76399ace",
      "clause": "168b3774-b061-425b-b114-70fe78825ab2",
      "author": "460eca05-309b-4e87-ba77-89960f558b69",
      "body": "Annotation interne pour préciser les conditions.",
      "created_at": "2025-01-17T14:00:00Z",
      "updated_at": "2025-01-17T14:00:00Z"
    }
  },
  {
    "model": "contracts.contractcomment",
    "pk": "b817ba5d-c8ae-4b7a-bbaa-0a44a2ed279f",
    "fields": {
      "contract": "0c471443-a244-4cc0-aa87-891b2643c3fd",
      "version": "6dbcb952-7a97-46d2-b274-c9bf5414d12b",
      "clause": "74689775-ca77-4e14-8efd-3761cacf821c",
      "author": "1719cb06-29f9-491c-a365-43f7e71d13b4",
      "body": "Annotation interne pour préciser les conditions.",
      "created_at": "2025-01-19T14:00:00Z",
      "updated_at": "2025-01-19T14:00:00Z"
    }
  },
  {
    "model": "contracts.contractcomment",
    "pk": "a9161a57-50a8-4af1-8d74-c9eaa9cceaad",
    "fields": {
      "contract": "8e18774a-936a-4fb6-849b-f5beb6393d56",
      "version": "43147879-5793-4512-86d1-c9c0084deb4e",
      "clause": "37da6305-1776-4770-b301-0a349a41e823",
      "author": "c0ace607-a914-4a6e-8f31-d58630683323",
      "body": "Annotation interne pour préciser les conditions.",
      "created_at": "2025-01-21T14:00:00Z",
      "updated_at": "2025-01-21T14:00:00Z"
    }
  },
  {
    "model": "contracts.contractcomment",
    "pk": "7cfda3af-6d8a-47aa-ac83-3ef98b6ceb5a",
    "fields": {
      "contract": "fe71cfb0-a807-4d0b-901f-ad02ad1fd4ad",
      "version": "56ddf689-3ceb-443f-8fc4-33ce714d7784",
      "clause": "60ee0134-69d6-40c0-801c-46d4654f655d",
      "author": "f7b89cf2-1dd3-4108-a8a7-388e79fa3b9e",
      "body": "Annotation interne pour préciser les conditions.",
      "created_at": "2025-01-23T14:00:00Z",
      "updated_at": "2025-01-23T14:00:00Z"
    }
  },
  {
    "model": "analytics.socialplatform",
    "pk": "3e3eed40-8199-489d-a066-0767e0f7d3a0",
    "fields": {
      "name": "instagram",
      "base_url": "https://www.instagram.com/",
      "created_at": "2025-01-18T08:00:00Z",
      "updated_at": "2025-01-18T08:00:00Z"
    }
  },
  {
    "model": "analytics.athletesocialaccount",
    "pk": "096ba141-c101-4992-a7f8-d8351cdf91e3",
    "fields": {
      "athlete": "0a41790b-b62b-42c9-9466-d95cdd4270c4",
      "platform": "3e3eed40-8199-489d-a066-0767e0f7d3a0",
      "username": "alice.dupont.officiel",
      "external_id": "inst_948273615",
      "access_token": "ya29.A0AVvZVh-sample-token-instagram",
      "is_active": true,
      "created_at": "2025-01-18T08:05:00Z",
      "updated_at": "2025-01-18T08:05:00Z"
    }
  },
  {
    "model": "analytics.dailystats",
    "pk": "e1fd8c19-db96-41c7-a029-f0035ba512e4",
    "fields": {
      "account": "096ba141-c101-4992-a7f8-d8351cdf91e3",
      "date": "2025-01-20",
      "followers": 15000,
      "following": 480,
      "posts_count": 215,
      "likes": 420,
      "comments": 95,
      "shares": 30,
      "views": 58000,
      "watch_time": 1230.5,
      "engagement_rate": 3.6333,
      "top_post": {
        "id": "IG-20250119-A",
        "url": "https://www.instagram.com/p/C4KQ1A1/",
        "likes": 320,
        "comments": 45
      },
      "created_at": "2025-01-20T06:00:00Z",
      "updated_at": "2025-01-20T06:00:00Z"
    }
  },
  {
    "model": "analytics.dailystats",
    "pk": "0a64fba3-0f56-4e08-8ec1-fc01b169e528",
    "fields": {
      "account": "096ba141-c101-4992-a7f8-d8351cdf91e3",
      "date": "2025-01-21",
      "followers": 15120,
      "following": 482,
      "posts_count": 216,
      "likes": 460,
      "comments": 110,
      "shares": 35,
      "views": 61000,
      "watch_time": 1288.2,
      "engagement_rate": 4.0013,
      "top_post": {
        "id": "IG-20250120-B",
        "url": "https://www.instagram.com/p/C4KZ59h/",
        "likes": 354,
        "comments": 58
      },
      "created_at": "2025-01-21T06:00:00Z",
      "updated_at": "2025-01-21T06:00:00Z"
    }
  },
  {
    "model": "analytics.dailystats",
    "pk": "995f285f-2585-45e0-bc5d-7e610266fd03",
    "fields": {
      "account": "096ba141-c101-4992-a7f8-d8351cdf91e3",
      "date": "2025-01-22",
      "followers": 15210,
      "following": 483,
      "posts_count": 217,
      "likes": 505,
      "comments": 118,
      "shares": 42,
      "views": 64500,
      "watch_time": 1312.7,
      "engagement_rate": 4.3721,
      "top_post": {
        "id": "IG-20250121-C",
        "url": "https://www.instagram.com/p/C4LQ2s9/",
        "likes": 389,
        "comments": 61
      },
      "created_at": "2025-01-22T06:00:00Z",
      "updated_at": "2025-01-22T06:00:00Z"
    }
  },
  {
    "model": "analytics.dailystats",
    "pk": "b0d0322b-0ae1-4a90-9db3-8f319d766dde",
    "fields": {
      "account": "096ba141-c101-4992-a7f8-d8351cdf91e3",
      "date": "2025-01-23",
      "followers": 15340,
      "following": 485,
      "posts_count": 218,
      "likes": 548,
      "comments": 130,
      "shares": 48,
      "views": 67250,
      "watch_time": 1356.4,
      "engagement_rate": 4.7327,
      "top_post": {
        "id": "IG-20250122-D",
        "url": "https://www.instagram.com/p/C4L_gZr/",
        "likes": 410,
        "comments": 70
      },
      "created_at": "2025-01-23T06:00:00Z",
      "updated_at": "2025-01-23T06:00:00Z"
    }
  },
  {
    "model": "messaging.thread",
    "pk": "a83d48d0-2ce3-4c8a-a670-001a9ba2bc68",
    "fields": {
      "collaborator": "f4c67d33-ef1a-4fc5-8c25-046bc8616ebc",
      "agent": "9a6970e1-45de-4078-803a-902639953069",
      "athlete": "0a41790b-b62b-42c9-9466-d95cdd4270c4",
      "last_message_at": "2025-01-24T10:45:00Z",
      "created_at": "2025-01-24T08:55:00Z",
      "updated_at": "2025-01-24T10:45:00Z"
    }
  },
  {
    "model": "messaging.thread",
    "pk": "b85af28b-8764-4b12-8310-03859f394cd4",
    "fields": {
      "collaborator": "2f0a640c-bea3-45ac-9a99-6e93dd6ce5ac",
      "agent": "d36a51a0-78a1-4a2c-b108-0287b1efb106",
      "athlete": "6d0f6dc3-cbbc-43e8-ad65-1b9a31f65ed1",
      "last_message_at": "2025-01-25T11:20:00Z",
      "created_at": "2025-01-25T09:10:00Z",
      "updated_at": "2025-01-25T11:20:00Z"
    }
  },
  {
    "model": "messaging.message",
    "pk": "13b0cb2a-2c72-44aa-9983-29c94962dbf1",
    "fields": {
      "thread": "a83d48d0-2ce3-4c8a-a670-001a9ba2bc68",
      "sender": "2594dfcc-f014-42d9-a8bf-7518b7d977a5",
      "content": "Bonjour Amélie, merci pour votre brief. Souhaitez-vous que nous préparions une proposition complète avant lundi ?",
      "attachment": "",
      "is_read": true,
      "created_at": "2025-01-24T09:05:00Z",
      "updated_at": "2025-01-24T09:05:00Z"
    }
  },
  {
    "model": "messaging.message",
    "pk": "2315f094-ad9c-4a80-a5fd-34547e15a9f0",
    "fields": {
      "thread": "a83d48d0-2ce3-4c8a-a670-001a9ba2bc68",
      "sender": "dd56d450-f621-436d-84ff-f32f22fe0b84",
      "content": "Bonjour Thomas, oui s'il vous plaît. Nous avons besoin d'un angle digital orienté athlètes féminines.",
      "attachment": "",
      "is_read": true,
      "created_at": "2025-01-24T09:12:00Z",
      "updated_at": "2025-01-24T09:12:00Z"
    }
  },
  {
    "model": "messaging.message",
    "pk": "b645e23a-92ae-4cca-81a1-aa1fe00c6f14",
    "fields": {
      "thread": "a83d48d0-2ce3-4c8a-a670-001a9ba2bc68",
      "sender": "2594dfcc-f014-42d9-a8bf-7518b7d977a5",
      "content": "Parfait, je peux vous partager un premier outline avec Alice et deux autres profils d'ici ce soir.",
      "attachment": "",
      "is_read": true,
      "created_at": "2025-01-24T09:30:00Z",
      "updated_at": "2025-01-24T09:30:00Z"
    }
  },
  {
    "model": "messaging.message",
    "pk": "4755217c-d1b3-4173-bd9c-476405fe9b06",
    "fields": {
      "thread": "a83d48d0-2ce3-4c8a-a670-001a9ba2bc68",
      "sender": "dd56d450-f621-436d-84ff-f32f22fe0b84",
      "content": "Super, pensez également à préciser le calendrier média et les formats clés.",
      "attachment": "",
      "is_read": false,
      "created_at": "2025-01-24T10:02:00Z",
      "updated_at": "2025-01-24T10:02:00Z"
    }
  },
  {
    "model": "messaging.message",
    "pk": "ca199280-2751-4fec-8d25-f70025d1ef3e",
    "fields": {
      "thread": "a83d48d0-2ce3-4c8a-a670-001a9ba2bc68",
      "sender": "2594dfcc-f014-42d9-a8bf-7518b7d977a5",
      "content": "Noté. Je vous envoie un document structuré avant 18h avec les KPIs pressentis.",
      "attachment": "",
      "is_read": false,
      "created_at": "2025-01-24T10:45:00Z",
      "updated_at": "2025-01-24T10:45:00Z"
    }
  },
  {
    "model": "messaging.message",
    "pk": "217536e8-3337-47d9-87c2-377dd0349026",
    "fields": {
      "thread": "b85af28b-8764-4b12-8310-03859f394cd4",
      "sender": "460eca05-309b-4e87-ba77-89960f558b69",
      "content": "Bonjour Thomas, avez-vous pu avancer sur la renégociation pour Bruno ?",
      "attachment": "",
      "is_read": true,
      "created_at": "2025-01-25T09:15:00Z",
      "updated_at": "2025-01-25T09:15:00Z"
    }
  },
  {
    "model": "messaging.message",
    "pk": "04f60346-6a65-4d40-8136-d06d7d9c0ac3",
    "fields": {
      "thread": "b85af28b-8764-4b12-8310-03859f394cd4",
      "sender": "b4ee73fb-6552-44e6-aef5-6dd674a67f7d",
      "content": "Bonjour Claire, oui. Le club est ouvert à prolonger avec un bonus performance, je vous en dis plus dans la journée.",
      "attachment": "",
      "is_read": true,
      "created_at": "2025-01-25T09:42:00Z",
      "updated_at": "2025-01-25T09:42:00Z"
    }
  },
  {
    "model": "messaging.message",
    "pk": "b9ba1272-6665-4f72-8b3f-caf17166304d",
    "fields": {
      "thread": "b85af28b-8764-4b12-8310-03859f394cd4",
      "sender": "460eca05-309b-4e87-ba77-89960f558b69",
      "content": "Excellent. Nous devons intégrer une activation retail en avril, est-ce compatible avec son agenda ?",
      "attachment": "",
      "is_read": true,
      "created_at": "2025-01-25T10:05:00Z",
      "updated_at": "2025-01-25T10:05:00Z"
    }
  },
  {
    "model": "messaging.message",
    "pk": "2f472694-1688-49e9-a11b-c3afdab09300",
    "fields": {
      "thread": "b85af28b-8764-4b12-8310-03859f394cd4",
      "sender": "b4ee73fb-6552-44e6-aef5-6dd674a67f7d",
      "content": "Je viens de vérifier avec Bruno, il est disponible la semaine du 15 avril. Je propose un point commun mardi pour finaliser.",
      "attachment": "",
      "is_read": true,
      "created_at": "2025-01-25T10:37:00Z",
      "updated_at": "2025-01-25T10:37:00Z"
    }
  },
  {
    "model": "messaging.message",
    "pk": "6a6a9a52-03ab-4474-9559-e74925e4430c",
    "fields": {
      "thread": "b85af28b-8764-4b12-8310-03859f394cd4",
      "sender": "460eca05-309b-4e87-ba77-89960f558b69",
      "content": "Mardi 9h30 me convient, merci pour la réactivité.",
      "attachment": "",
      "is_read": false,
      "created_at": "2025-01-25T11:20:00Z",
      "updated_at": "2025-01-25T11:20:00Z"
    }
  }
]
