[
  {
    "model": "athletes.sport",
    "pk": "e158c5e5-121c-4299-945c-b7296c3a01ba",
    "fields": {
      "name": "Athletics",
      "slug": "athletics",
      "emoji": "🏃",
      "category": "INDIVIDUAL",
      "created_at": "2025-01-15T10:10:00Z",
      "updated_at": "2025-01-15T10:10:00Z"
    }
  },
  {
    "model": "athletes.sportdiscipline",
    "pk": "a32c887c-2a26-48cd-8065-b2b332f531d3",
    "fields": {
      "sport": "e158c5e5-121c-4299-945c-b7296c3a01ba",
      "name": "100m Sprint",
      "slug": "100m-sprint",
      "description": "High intensity sprint over 100 meters.",
      "is_olympic": true,
      "created_at": "2025-01-15T10:10:00Z",
      "updated_at": "2025-01-15T10:10:00Z"
    }
  },
  {
    "model": "athletes.sportdiscipline",
    "pk": "03d92d1f-f322-4d82-b9d7-ec5f6fd1dae1",
    "fields": {
      "sport": "e158c5e5-121c-4299-945c-b7296c3a01ba",
      "name": "Marathon",
      "slug": "marathon",
      "description": "Long distance road running event.",
      "is_olympic": true,
      "created_at": "2025-01-15T10:10:30Z",
      "updated_at": "2025-01-15T10:10:30Z"
    }
  },
  {
    "model": "athletes.sportdiscipline",
    "pk": "2e4d755d-08a2-467f-9327-9c7003d3bb84",
    "fields": {
      "sport": "e158c5e5-121c-4299-945c-b7296c3a01ba",
      "name": "Long Jump",
      "slug": "long-jump",
      "description": "Field event measuring horizontal distance.",
      "is_olympic": true,
      "created_at": "2025-01-15T10:11:00Z",
      "updated_at": "2025-01-15T10:11:00Z"
    }
  },
  {
    "model": "athletes.sport",
    "pk": "acd830eb-1c31-4693-8328-f2f0ba04faee",
    "fields": {
      "name": "Football",
      "slug": "football",
      "emoji": "⚽",
      "category": "TEAM",
      "created_at": "2025-01-15T10:11:00Z",
      "updated_at": "2025-01-15T10:11:00Z"
    }
  },
  {
    "model": "athletes.sportdiscipline",
    "pk": "c2d244dc-e2f8-428d-94ec-2ad3a759fa44",
    "fields": {
      "sport": "acd830eb-1c31-4693-8328-f2f0ba04faee",
      "name": "Ligue 1",
      "slug": "ligue-1",
      "description": "Top French professional league.",
      "is_olympic": false,
      "created_at": "2025-01-15T10:11:00Z",
      "updated_at": "2025-01-15T10:11:00Z"
    }
  },
  {
    "model": "athletes.sportdiscipline",
    "pk": "9788f67b-d93b-451e-8bcd-45f8a809b4f4",
    "fields": {
      "sport": "acd830eb-1c31-4693-8328-f2f0ba04faee",
      "name": "UEFA Champions League",
      "slug": "uefa-champions-league",
      "description": "Elite European club competition.",
      "is_olympic": false,
      "created_at": "2025-01-15T10:11:30Z",
      "updated_at": "2025-01-15T10:11:30Z"
    }
  },
  {
    "model": "athletes.sportdiscipline",
    "pk": "9f9de042-9277-41d7-bce6-9f7c7e805a20",
    "fields": {
      "sport": "acd830eb-1c31-4693-8328-f2f0ba04faee",
      "name": "FIFA World Cup",
      "slug": "fifa-world-cup",
      "description": "Global national team tournament.",
      "is_olympic": true,
      "created_at": "2025-01-15T10:12:00Z",
      "updated_at": "2025-01-15T10:12:00Z"
    }
  },
  {
    "model": "athletes.sport",
    "pk": "fceed976-11bd-47b8-a3e2-393225edccc6",
    "fields": {
      "name": "Basketball",
      "slug": "basketball",
      "emoji": "🏀",
      "category": "TEAM",
      "created_at": "2025-01-15T10:12:00Z",
      "updated_at": "2025-01-15T10:12:00Z"
    }
  },
  {
    "model": "athletes.sportdiscipline",
    "pk": "c5638ee6-c252-4461-bc52-e383dbdd3007",
    "fields": {
      "sport": "fceed976-11bd-47b8-a3e2-393225edccc6",
      "name": "EuroLeague",
      "slug": "euroleague",
      "description": "Premier European club competition.",
      "is_olympic": false,
      "created_at": "2025-01-15T10:12:00Z",
      "updated_at": "2025-01-15T10:12:00Z"
    }
  },
  {
    "model": "athletes.sportdiscipline",
    "pk": "7d27a7f9-0ed8-4b3f-ae5f-defacedb9bea",
    "fields": {
      "sport": "fceed976-11bd-47b8-a3e2-393225edccc6",
      "name": "NBA",
      "slug": "nba",
      "description": "North American professional league.",
      "is_olympic": false,
      "created_at": "2025-01-15T10:12:30Z",
      "updated_at": "2025-01-15T10:12:30Z"
    }
  },
  {
    "model": "athletes.sportdiscipline",
    "pk": "48ba2632-1502-4787-9c8c-b9ff9f958d98",
    "fields": {
      "sport": "fceed976-11bd-47b8-a3e2-393225edccc6",
      "name": "FIBA World Cup",
      "slug": "fiba-world-cup",
      "description": "International national team competition.",
      "is_olympic": true,
      "created_at": "2025-01-15T10:13:00Z",
      "updated_at": "2025-01-15T10:13:00Z"
    }
  },
  {
    "model": "athletes.sport",
    "pk": "bd587181-4c0d-461a-9579-fe4846a64c7a",
    "fields": {
      "name": "Swimming",
      "slug": "swimming",
      "emoji": "🏊",
      "category": "INDIVIDUAL",
      "created_at": "2025-01-15T10:13:00Z",
      "updated_at": "2025-01-15T10:13:00Z"
    }
  },
  {
    "model": "athletes.sportdiscipline",
    "pk": "2c032378-0fa1-4247-818e-ad7c0df39ef3",
    "fields": {
      "sport": "bd587181-4c0d-461a-9579-fe4846a64c7a",
      "name": "100m Freestyle",
      "slug": "100m-freestyle",
      "description": "Sprint freestyle event.",
      "is_olympic": true,
      "created_at": "2025-01-15T10:13:00Z",
      "updated_at": "2025-01-15T10:13:00Z"
    }
  },
  {
    "model": "athletes.sportdiscipline",
    "pk": "e77305f4-0aaa-4e28-b834-5249ed49f0a5",
    "fields": {
      "sport": "bd587181-4c0d-461a-9579-fe4846a64c7a",
      "name": "200m Butterfly",
      "slug": "200m-butterfly",
      "description": "Challenging butterfly distance.",
      "is_olympic": true,
      "created_at": "2025-01-15T10:13:30Z",
      "updated_at": "2025-01-15T10:13:30Z"
    }
  },
  {
    "model": "athletes.sportdiscipline",
    "pk": "2932b636-3319-4279-be55-194376247d3d",
    "fields": {
      "sport": "bd587181-4c0d-461a-9579-fe4846a64c7a",
      "name": "Open Water 10km",
      "slug": "open-water-10km",
      "description": "Endurance race in open water.",
      "is_olympic": true,
      "created_at": "2025-01-15T10:14:00Z",
      "updated_at": "2025-01-15T10:14:00Z"
    }
  },
  {
    "model": "athletes.sport",
    "pk": "1a960c81-aba6-4eac-9aaf-f9541efe44fc",
    "fields": {
      "name": "Cycling",
      "slug": "cycling",
      "emoji": "🚴",
      "category": "MIXED",
      "created_at": "2025-01-15T10:14:00Z",
      "updated_at": "2025-01-15T10:14:00Z"
    }
  },
  {
    "model": "athletes.sportdiscipline",
    "pk": "cbb2f108-867c-4182-8374-3d645d4a4f52",
    "fields": {
      "sport": "1a960c81-aba6-4eac-9aaf-f9541efe44fc",
      "name": "Tour de France",
      "slug": "tour-de-france",
      "description": "Grand Tour stage race.",
      "is_olympic": true,
      "created_at": "2025-01-15T10:14:00Z",
      "updated_at": "2025-01-15T10:14:00Z"
    }
  },
  {
    "model": "athletes.sportdiscipline",
    "pk": "c35a7c73-a5da-41a7-95f3-1a1822aa6274",
    "fields": {
      "sport": "1a960c81-aba6-4eac-9aaf-f9541efe44fc",
      "name": "Track Sprint",
      "slug": "track-sprint",
      "description": "Velodrome sprint event.",
      "is_olympic": true,
      "created_at": "2025-01-15T10:14:30Z",
      "updated_at": "2025-01-15T10:14:30Z"
    }
  },
  {
    "model": "athletes.sportdiscipline",
    "pk": "6ec61e91-530e-4671-b7fe-3a1d98d23cf2",
    "fields": {
      "sport": "1a960c81-aba6-4eac-9aaf-f9541efe44fc",
      "name": "Mountain Biking XCO",
      "slug": "mountain-biking-xco",
      "description": "Cross-country Olympic format.",
      "is_olympic": true,
      "created_at": "2025-01-15T10:15:00Z",
      "updated_at": "2025-01-15T10:15:00Z"
    }
  },
  {
    "model": "athletes.sport",
    "pk": "73a668e3-69aa-4795-86b9-20335abb120f",
    "fields": {
      "name": "Tennis",
      "slug": "tennis",
      "emoji": "🎾",
      "category": "INDIVIDUAL",
      "created_at": "2025-01-15T10:15:00Z",
      "updated_at": "2025-01-15T10:15:00Z"
    }
  },
  {
    "model": "athletes.sportdiscipline",
    "pk": "f10ef16a-f994-4cbb-b977-8ca963c1a937",
    "fields": {
      "sport": "73a668e3-69aa-4795-86b9-20335abb120f",
      "name": "Roland-Garros",
      "slug": "roland-garros",
      "description": "Clay Grand Slam tournament.",
      "is_olympic": false,
      "created_at": "2025-01-15T10:15:00Z",
      "updated_at": "2025-01-15T10:15:00Z"
    }
  },
  {
    "model": "athletes.sportdiscipline",
    "pk": "580556ee-8d6e-404a-bb6a-f69fe4416c7d",
    "fields": {
      "sport": "73a668e3-69aa-4795-86b9-20335abb120f",
      "name": "Wimbledon",
      "slug": "wimbledon",
      "description": "Grass Grand Slam tournament.",
      "is_olympic": false,
      "created_at": "2025-01-15T10:15:30Z",
      "updated_at": "2025-01-15T10:15:30Z"
    }
  },
  {
    "model": "athletes.sportdiscipline",
    "pk": "6a7e196e-f0b2-497e-8219-969cd1c0a7dd",
    "fields": {
      "sport": "73a668e3-69aa-4795-86b9-20335abb120f",
      "name": "ATP Finals",
      "slug": "atp-finals",
      "description": "Season-ending championship.",
      "is_olympic": false,
      "created_at": "2025-01-15T10:16:00Z",
      "updated_at": "2025-01-15T10:16:00Z"
    }
  },
  {
    "model": "athletes.sport",
    "pk": "b54b9ff5-7c11-45ab-b3a8-34e1e233d31e",
    "fields": {
      "name": "Gymnastics",
      "slug": "gymnastics",
      "emoji": "🤸",
      "category": "INDIVIDUAL",
      "created_at": "2025-01-15T10:16:00Z",
      "updated_at": "2025-01-15T10:16:00Z"
    }
  },
  {
    "model": "athletes.sportdiscipline",
    "pk": "7ae96e18-fd14-4ea7-a06d-5874bea2de01",
    "fields": {
      "sport": "b54b9ff5-7c11-45ab-b3a8-34e1e233d31e",
      "name": "Artistic All-Around",
      "slug": "artistic-all-around",
      "description": "Combined apparatus competition.",
      "is_olympic": true,
      "created_at": "2025-01-15T10:16:00Z",
      "updated_at": "2025-01-15T10:16:00Z"
    }
  },
  {
    "model": "athletes.sportdiscipline",
    "pk": "16eaf2a5-070f-48bd-bda8-902d1375b284",
    "fields": {
      "sport": "b54b9ff5-7c11-45ab-b3a8-34e1e233d31e",
      "name": "Rhythmic Ribbon",
      "slug": "rhythmic-ribbon",
      "description": "Graceful ribbon routine.",
      "is_olympic": true,
      "created_at": "2025-01-15T10:16:30Z",
      "updated_at": "2025-01-15T10:16:30Z"
    }
  },
  {
    "model": "athletes.sportdiscipline",
    "pk": "bbddafa0-b6e8-409d-b330-4f6391e8cd18",
    "fields": {
      "sport": "b54b9ff5-7c11-45ab-b3a8-34e1e233d31e",
      "name": "Trampoline",
      "slug": "trampoline",
      "description": "Acrobatic trampoline event.",
      "is_olympic": true,
      "created_at": "2025-01-15T10:17:00Z",
      "updated_at": "2025-01-15T10:17:00Z"
    }
  },
  {
    "model": "athletes.sport",
    "pk": "bbe04c86-4cec-4f8c-860a-0ee9d69e0a29",
    "fields": {
      "name": "Rugby",
      "slug": "rugby",
      "emoji": "🏉",
      "category": "TEAM",
      "created_at": "2025-01-15T10:17:00Z",
      "updated_at": "2025-01-15T10:17:00Z"
    }
  },
  {
    "model": "athletes.sportdiscipline",
    "pk": "f6259aa0-c7d1-49cc-a100-888e5aba2c2f",
    "fields": {
      "sport": "bbe04c86-4cec-4f8c-860a-0ee9d69e0a29",
      "name": "Top 14",
      "slug": "top-14",
      "description": "French professional rugby league.",
      "is_olympic": false,
      "created_at": "2025-01-15T10:17:00Z",
      "updated_at": "2025-01-15T10:17:00Z"
    }
  },
  {
    "model": "athletes.sportdiscipline",
    "pk": "7ea73f0f-b735-4b9c-9ad6-32846a82e904",
    "fields": {
      "sport": "bbe04c86-4cec-4f8c-860a-0ee9d69e0a29",
      "name": "Six Nations",
      "slug": "six-nations",
      "description": "Annual European championship.",
      "is_olympic": false,
      "created_at": "2025-01-15T10:17:30Z",
      "updated_at": "2025-01-15T10:17:30Z"
    }
  },
  {
    "model": "athletes.sportdiscipline",
    "pk": "8ed9932e-2180-47a6-830a-3192c84fe688",
    "fields": {
      "sport": "bbe04c86-4cec-4f8c-860a-0ee9d69e0a29",
      "name": "Rugby World Cup",
      "slug": "rugby-world-cup",
      "description": "Global rugby union tournament.",
      "is_olympic": true,
      "created_at": "2025-01-15T10:18:00Z",
      "updated_at": "2025-01-15T10:18:00Z"
    }
  },
  {
    "model": "athletes.sport",
    "pk": "c14dc609-1700-4f2e-842f-3fb151617975",
    "fields": {
      "name": "Esports",
      "slug": "esports",
      "emoji": "🎮",
      "category": "MIXED",
      "created_at": "2025-01-15T10:18:00Z",
      "updated_at": "2025-01-15T10:18:00Z"
    }
  },
  {
    "model": "athletes.sportdiscipline",
    "pk": "684fb4a8-cc99-4b3c-80b7-5184cda70835",
    "fields": {
      "sport": "c14dc609-1700-4f2e-842f-3fb151617975",
      "name": "League of Legends",
      "slug": "league-of-legends",
      "description": "International MOBA circuit.",
      "is_olympic": false,
      "created_at": "2025-01-15T10:18:00Z",
      "updated_at": "2025-01-15T10:18:00Z"
    }
  },
  {
    "model": "athletes.sportdiscipline",
    "pk": "f71d4cce-873d-4d10-abf3-6a9373d30538",
    "fields": {
      "sport": "c14dc609-1700-4f2e-842f-3fb151617975",
      "name": "Valorant Champions",
      "slug": "valorant-champions",
      "description": "Global FPS circuit.",
      "is_olympic": false,
      "created_at": "2025-01-15T10:18:30Z",
      "updated_at": "2025-01-15T10:18:30Z"
    }
  },
  {
    "model": "athletes.sportdiscipline",
    "pk": "cdf2aba7-9c86-4f5a-945a-b15aa84e132a",
    "fields": {
      "sport": "c14dc609-1700-4f2e-842f-3fb151617975",
      "name": "Rocket League Major",
      "slug": "rocket-league-major",
      "description": "Hybrid motorsports esports event.",
      "is_olympic": false,
      "created_at": "2025-01-15T10:19:00Z",
      "updated_at": "2025-01-15T10:19:00Z"
    }
  },
  {
    "model": "athletes.sport",
    "pk": "abae5068-715c-49bb-a07f-f225f03f8422",
    "fields": {
      "name": "Surfing",
      "slug": "surfing",
      "emoji": "🏄",
      "category": "INDIVIDUAL",
      "created_at": "2025-01-15T10:19:00Z",
      "updated_at": "2025-01-15T10:19:00Z"
    }
  },
  {
    "model": "athletes.sportdiscipline",
    "pk": "9cd092c0-cf1b-403a-a152-48a3530628f8",
    "fields": {
      "sport": "abae5068-715c-49bb-a07f-f225f03f8422",
      "name": "WSL Championship Tour",
      "slug": "wsl-championship-tour",
      "description": "Elite professional tour.",
      "is_olympic": false,
      "created_at": "2025-01-15T10:19:00Z",
      "updated_at": "2025-01-15T10:19:00Z"
    }
  },
  {
    "model": "athletes.sportdiscipline",
    "pk": "e97a3d8f-1dfb-41a1-adde-5ba8c4b5ff78",
    "fields": {
      "sport": "abae5068-715c-49bb-a07f-f225f03f8422",
      "name": "Big Wave Invitational",
      "slug": "big-wave-invitational",
      "description": "Invite-only big wave event.",
      "is_olympic": false,
      "created_at": "2025-01-15T10:19:30Z",
      "updated_at": "2025-01-15T10:19:30Z"
    }
  },
  {
    "model": "athletes.sportdiscipline",
    "pk": "47f5411c-b461-4fd4-b792-e9116e82840e",
    "fields": {
      "sport": "abae5068-715c-49bb-a07f-f225f03f8422",
      "name": "Olympic Shortboard",
      "slug": "olympic-shortboard",
      "description": "Olympic surfing competition.",
      "is_olympic": true,
      "created_at": "2025-01-15T10:20:00Z",
      "updated_at": "2025-01-15T10:20:00Z"
    }
  },
  {
    "model": "users.user",
    "pk": "545a1175-65b5-4332-880d-1f788f06fb5d",
    "fields": {
      "email": "alice.dupont@example.com",
      "first_name": "Alice",
      "last_name": "Dupont",
      "phone_country_code": "+33",
      "phone_number": "06000000",
      "date_of_birth": "1985-05-15",
      "email_verified": true,
      "password": "pbkdf2_sha256$600000$Nf1JSucDbGkFARSXcttRQD$N/J0GcH+3KSNcfsYbFAPOYHiphFBCpzC0eBVRYmllCA=",
      "password_hash": "pbkdf2_sha256$600000$Nf1JSucDbGkFARSXcttRQD$N/J0GcH+3KSNcfsYbFAPOYHiphFBCpzC0eBVRYmllCA=",
      "is_active": true,
      "is_staff": false,
      "account_type": "AGENT",
      "last_login": null,
      "created_at": "2025-01-15T10:00:00Z",
      "updated_at": "2025-01-15T10:00:00Z"
    }
  },
  {
    "model": "users.agentprofile",
    "pk": "90f0f23d-41c3-4e2a-86db-811e064f7f79",
    "fields": {
      "user": "545a1175-65b5-4332-880d-1f788f06fb5d",
      "display_name": "Alice Dupont",
      "bio": "Agent sportif expérimenté accompagnant des talents européens.",
      "is_self_represented": true,
      "created_at": "2025-01-15T10:15:00Z",
      "updated_at": "2025-01-15T10:15:00Z"
    }
  },
  {
    "model": "users.user",
    "pk": "37cb7a6f-d031-44e9-9a22-56dee7c81cef",
    "fields": {
      "email": "bruno.martin@example.com",
      "first_name": "Bruno",
      "last_name": "Martin",
      "phone_country_code": "+33",
      "phone_number": "06000001",
      "date_of_birth": "1985-05-15",
      "email_verified": true,
      "password": "pbkdf2_sha256$600000$Nf1JSucDbGkFARSXcttRQD$N/J0GcH+3KSNcfsYbFAPOYHiphFBCpzC0eBVRYmllCA=",
      "password_hash": "pbkdf2_sha256$600000$Nf1JSucDbGkFARSXcttRQD$N/J0GcH+3KSNcfsYbFAPOYHiphFBCpzC0eBVRYmllCA=",
      "is_active": true,
      "is_staff": false,
      "account_type": "AGENT",
      "last_login": null,
      "created_at": "2025-01-15T11:00:00Z",
      "updated_at": "2025-01-15T11:00:00Z"
    }
  },
  {
    "model": "users.agentprofile",
    "pk": "b629f4f5-2f47-4dba-9435-3b1482ab917a",
    "fields": {
      "user": "37cb7a6f-d031-44e9-9a22-56dee7c81cef",
      "display_name": "Bruno Martin",
      "bio": "Agent sportif expérimenté accompagnant des talents européens.",
      "is_self_represented": true,
      "created_at": "2025-01-15T11:15:00Z",
      "updated_at": "2025-01-15T11:15:00Z"
    }
  },
  {
    "model": "users.user",
    "pk": "ed1ef2ff-44c9-4223-8aec-042e83ae88cb",
    "fields": {
      "email": "chloe.laurent@example.com",
      "first_name": "Chloé",
      "last_name": "Laurent",
      "phone_country_code": "+33",
      "phone_number": "06000002",
      "date_of_birth": "1985-05-15",
      "email_verified": true,
      "password": "pbkdf2_sha256$600000$Nf1JSucDbGkFARSXcttRQD$N/J0GcH+3KSNcfsYbFAPOYHiphFBCpzC0eBVRYmllCA=",
      "password_hash": "pbkdf2_sha256$600000$Nf1JSucDbGkFARSXcttRQD$N/J0GcH+3KSNcfsYbFAPOYHiphFBCpzC0eBVRYmllCA=",
      "is_active": true,
      "is_staff": false,
      "account_type": "AGENT",
      "last_login": null,
      "created_at": "2025-01-15T12:00:00Z",
      "updated_at": "2025-01-15T12:00:00Z"
    }
  },
  {
    "model": "users.agentprofile",
    "pk": "a808c267-ab0d-4be4-b78b-7fdad8c1857e",
    "fields": {
      "user": "ed1ef2ff-44c9-4223-8aec-042e83ae88cb",
      "display_name": "Chloé Laurent",
      "bio": "Agent sportif expérimenté accompagnant des talents européens.",
      "is_self_represented": true,
      "created_at": "2025-01-15T12:15:00Z",
      "updated_at": "2025-01-15T12:15:00Z"
    }
  },
  {
    "model": "users.user",
    "pk": "d4dc2a40-d6c5-4b9f-b471-9d8821dc68b0",
    "fields": {
      "email": "david.bernard@example.com",
      "first_name": "David",
      "last_name": "Bernard",
      "phone_country_code": "+33",
      "phone_number": "06000003",
      "date_of_birth": "1985-05-15",
      "email_verified": true,
      "password": "pbkdf2_sha256$600000$Nf1JSucDbGkFARSXcttRQD$N/J0GcH+3KSNcfsYbFAPOYHiphFBCpzC0eBVRYmllCA=",
      "password_hash": "pbkdf2_sha256$600000$Nf1JSucDbGkFARSXcttRQD$N/J0GcH+3KSNcfsYbFAPOYHiphFBCpzC0eBVRYmllCA=",
      "is_active": true,
      "is_staff": false,
      "account_type": "AGENT",
      "last_login": null,
      "created_at": "2025-01-15T13:00:00Z",
      "updated_at": "2025-01-15T13:00:00Z"
    }
  },
  {
    "model": "users.agentprofile",
    "pk": "b14f97bb-51e3-4830-aabe-596c92436edb",
    "fields": {
      "user": "d4dc2a40-d6c5-4b9f-b471-9d8821dc68b0",
      "display_name": "David Bernard",
      "bio": "Agent sportif expérimenté accompagnant des talents européens.",
      "is_self_represented": true,
      "created_at": "2025-01-15T13:15:00Z",
      "updated_at": "2025-01-15T13:15:00Z"
    }
  },
  {
    "model": "users.user",
    "pk": "ce57cd8b-6eca-4192-855d-19796d3a768b",
    "fields": {
      "email": "emma.girard@example.com",
      "first_name": "Emma",
      "last_name": "Girard",
      "phone_country_code": "+33",
      "phone_number": "06000004",
      "date_of_birth": "1985-05-15",
      "email_verified": true,
      "password": "pbkdf2_sha256$600000$Nf1JSucDbGkFARSXcttRQD$N/J0GcH+3KSNcfsYbFAPOYHiphFBCpzC0eBVRYmllCA=",
      "password_hash": "pbkdf2_sha256$600000$Nf1JSucDbGkFARSXcttRQD$N/J0GcH+3KSNcfsYbFAPOYHiphFBCpzC0eBVRYmllCA=",
      "is_active": true,
      "is_staff": false,
      "account_type": "AGENT",
      "last_login": null,
      "created_at": "2025-01-15T14:00:00Z",
      "updated_at": "2025-01-15T14:00:00Z"
    }
  },
  {
    "model": "users.agentprofile",
    "pk": "9425b294-1f72-4a84-b558-29ef19fb645d",
    "fields": {
      "user": "ce57cd8b-6eca-4192-855d-19796d3a768b",
      "display_name": "Emma Girard",
      "bio": "Agent sportif expérimenté accompagnant des talents européens.",
      "is_self_represented": true,
      "created_at": "2025-01-15T14:15:00Z",
      "updated_at": "2025-01-15T14:15:00Z"
    }
  },
  {
    "model": "users.user",
    "pk": "b5723afc-072d-48e0-931d-448163ff7287",
    "fields": {
      "email": "fabien.moreau@example.com",
      "first_name": "Fabien",
      "last_name": "Moreau",
      "phone_country_code": "+33",
      "phone_number": "06000005",
      "date_of_birth": "1985-05-15",
      "email_verified": true,
      "password": "pbkdf2_sha256$600000$Nf1JSucDbGkFARSXcttRQD$N/J0GcH+3KSNcfsYbFAPOYHiphFBCpzC0eBVRYmllCA=",
      "password_hash": "pbkdf2_sha256$600000$Nf1JSucDbGkFARSXcttRQD$N/J0GcH+3KSNcfsYbFAPOYHiphFBCpzC0eBVRYmllCA=",
      "is_active": true,
      "is_staff": false,
      "account_type": "AGENT",
      "last_login": null,
      "created_at": "2025-01-15T15:00:00Z",
      "updated_at": "2025-01-15T15:00:00Z"
    }
  },
  {
    "model": "users.agentprofile",
    "pk": "52990987-54d0-47a3-9eaf-1448123ca597",
    "fields": {
      "user": "b5723afc-072d-48e0-931d-448163ff7287",
      "display_name": "Fabien Moreau",
      "bio": "Agent sportif expérimenté accompagnant des talents européens.",
      "is_self_represented": true,
      "created_at": "2025-01-15T15:15:00Z",
      "updated_at": "2025-01-15T15:15:00Z"
    }
  },
  {
    "model": "users.user",
    "pk": "242a66b0-74b9-4dd9-a23a-4b2d25dabbfa",
    "fields": {
      "email": "gaelle.robert@example.com",
      "first_name": "Gaëlle",
      "last_name": "Robert",
      "phone_country_code": "+33",
      "phone_number": "06000006",
      "date_of_birth": "1985-05-15",
      "email_verified": true,
      "password": "pbkdf2_sha256$600000$Nf1JSucDbGkFARSXcttRQD$N/J0GcH+3KSNcfsYbFAPOYHiphFBCpzC0eBVRYmllCA=",
      "password_hash": "pbkdf2_sha256$600000$Nf1JSucDbGkFARSXcttRQD$N/J0GcH+3KSNcfsYbFAPOYHiphFBCpzC0eBVRYmllCA=",
      "is_active": true,
      "is_staff": false,
      "account_type": "AGENT",
      "last_login": null,
      "created_at": "2025-01-15T16:00:00Z",
      "updated_at": "2025-01-15T16:00:00Z"
    }
  },
  {
    "model": "users.agentprofile",
    "pk": "8c5d452c-4184-4ab5-96ed-0e9f5c0d97e9",
    "fields": {
      "user": "242a66b0-74b9-4dd9-a23a-4b2d25dabbfa",
      "display_name": "Gaëlle Robert",
      "bio": "Agent sportif expérimenté accompagnant des talents européens.",
      "is_self_represented": true,
      "created_at": "2025-01-15T16:15:00Z",
      "updated_at": "2025-01-15T16:15:00Z"
    }
  },
  {
    "model": "users.user",
    "pk": "135f4741-1888-4258-8f58-da75fd3e0651",
    "fields": {
      "email": "hugo.petit@example.com",
      "first_name": "Hugo",
      "last_name": "Petit",
      "phone_country_code": "+33",
      "phone_number": "06000007",
      "date_of_birth": "1985-05-15",
      "email_verified": true,
      "password": "pbkdf2_sha256$600000$Nf1JSucDbGkFARSXcttRQD$N/J0GcH+3KSNcfsYbFAPOYHiphFBCpzC0eBVRYmllCA=",
      "password_hash": "pbkdf2_sha256$600000$Nf1JSucDbGkFARSXcttRQD$N/J0GcH+3KSNcfsYbFAPOYHiphFBCpzC0eBVRYmllCA=",
      "is_active": true,
      "is_staff": false,
      "account_type": "AGENT",
      "last_login": null,
      "created_at": "2025-01-15T17:00:00Z",
      "updated_at": "2025-01-15T17:00:00Z"
    }
  },
  {
    "model": "users.agentprofile",
    "pk": "df86dd6b-5661-4702-b3ce-f7f5c1213ce9",
    "fields": {
      "user": "135f4741-1888-4258-8f58-da75fd3e0651",
      "display_name": "Hugo Petit",
      "bio": "Agent sportif expérimenté accompagnant des talents européens.",
      "is_self_represented": false,
      "created_at": "2025-01-15T17:15:00Z",
      "updated_at": "2025-01-15T17:15:00Z"
    }
  },
  {
    "model": "users.user",
    "pk": "08455b88-ba67-4e16-badf-80ed9d1700de",
    "fields": {
      "email": "isabelle.lefevre@example.com",
      "first_name": "Isabelle",
      "last_name": "Lefevre",
      "phone_country_code": "+33",
      "phone_number": "06000008",
      "date_of_birth": "1985-05-15",
      "email_verified": true,
      "password": "pbkdf2_sha256$600000$Nf1JSucDbGkFARSXcttRQD$N/J0GcH+3KSNcfsYbFAPOYHiphFBCpzC0eBVRYmllCA=",
      "password_hash": "pbkdf2_sha256$600000$Nf1JSucDbGkFARSXcttRQD$N/J0GcH+3KSNcfsYbFAPOYHiphFBCpzC0eBVRYmllCA=",
      "is_active": true,
      "is_staff": false,
      "account_type": "AGENT",
      "last_login": null,
      "created_at": "2025-01-15T18:00:00Z",
      "updated_at": "2025-01-15T18:00:00Z"
    }
  },
  {
    "model": "users.agentprofile",
    "pk": "459e5e2e-b020-45d5-a01f-9fbaeac2f75f",
    "fields": {
      "user": "08455b88-ba67-4e16-badf-80ed9d1700de",
      "display_name": "Isabelle Lefevre",
      "bio": "Agent sportif expérimenté accompagnant des talents européens.",
      "is_self_represented": false,
      "created_at": "2025-01-15T18:15:00Z",
      "updated_at": "2025-01-15T18:15:00Z"
    }
  },
  {
    "model": "users.user",
    "pk": "7dd39d41-cbfc-41a6-bfaa-8c83e6039d97",
    "fields": {
      "email": "julien.caron@example.com",
      "first_name": "Julien",
      "last_name": "Caron",
      "phone_country_code": "+33",
      "phone_number": "06000009",
      "date_of_birth": "1985-05-15",
      "email_verified": true,
      "password": "pbkdf2_sha256$600000$Nf1JSucDbGkFARSXcttRQD$N/J0GcH+3KSNcfsYbFAPOYHiphFBCpzC0eBVRYmllCA=",
      "password_hash": "pbkdf2_sha256$600000$Nf1JSucDbGkFARSXcttRQD$N/J0GcH+3KSNcfsYbFAPOYHiphFBCpzC0eBVRYmllCA=",
      "is_active": true,
      "is_staff": false,
      "account_type": "AGENT",
      "last_login": null,
      "created_at": "2025-01-15T19:00:00Z",
      "updated_at": "2025-01-15T19:00:00Z"
    }
  },
  {
    "model": "users.agentprofile",
    "pk": "0d8ae58a-81e7-4ff3-808e-003b356b5784",
    "fields": {
      "user": "7dd39d41-cbfc-41a6-bfaa-8c83e6039d97",
      "display_name": "Julien Caron",
      "bio": "Agent sportif expérimenté accompagnant des talents européens.",
      "is_self_represented": false,
      "created_at": "2025-01-15T19:15:00Z",
      "updated_at": "2025-01-15T19:15:00Z"
    }
  },
  {
    "model": "users.user",
    "pk": "4b820d2b-32b4-41a2-8380-a52da5447b38",
    "fields": {
      "email": "karim.leroy@example.com",
      "first_name": "Karim",
      "last_name": "Leroy",
      "phone_country_code": "+33",
      "phone_number": "06000010",
      "date_of_birth": "1985-05-15",
      "email_verified": true,
      "password": "pbkdf2_sha256$600000$Nf1JSucDbGkFARSXcttRQD$N/J0GcH+3KSNcfsYbFAPOYHiphFBCpzC0eBVRYmllCA=",
      "password_hash": "pbkdf2_sha256$600000$Nf1JSucDbGkFARSXcttRQD$N/J0GcH+3KSNcfsYbFAPOYHiphFBCpzC0eBVRYmllCA=",
      "is_active": true,
      "is_staff": false,
      "account_type": "AGENT",
      "last_login": null,
      "created_at": "2025-01-15T20:00:00Z",
      "updated_at": "2025-01-15T20:00:00Z"
    }
  },
  {
    "model": "users.agentprofile",
    "pk": "ad7f4dfa-d42f-4b6f-892e-2998ccad4e49",
    "fields": {
      "user": "4b820d2b-32b4-41a2-8380-a52da5447b38",
      "display_name": "Karim Leroy",
      "bio": "Agent sportif expérimenté accompagnant des talents européens.",
      "is_self_represented": false,
      "created_at": "2025-01-15T20:15:00Z",
      "updated_at": "2025-01-15T20:15:00Z"
    }
  },
  {
    "model": "users.user",
    "pk": "59242847-9b11-411e-b47e-fde300799113",
    "fields": {
      "email": "laura.fontaine@example.com",
      "first_name": "Laura",
      "last_name": "Fontaine",
      "phone_country_code": "+33",
      "phone_number": "06000011",
      "date_of_birth": "1985-05-15",
      "email_verified": true,
      "password": "pbkdf2_sha256$600000$Nf1JSucDbGkFARSXcttRQD$N/J0GcH+3KSNcfsYbFAPOYHiphFBCpzC0eBVRYmllCA=",
      "password_hash": "pbkdf2_sha256$600000$Nf1JSucDbGkFARSXcttRQD$N/J0GcH+3KSNcfsYbFAPOYHiphFBCpzC0eBVRYmllCA=",
      "is_active": true,
      "is_staff": false,
      "account_type": "AGENT",
      "last_login": null,
      "created_at": "2025-01-15T21:00:00Z",
      "updated_at": "2025-01-15T21:00:00Z"
    }
  },
  {
    "model": "users.agentprofile",
    "pk": "93605cd7-463d-45a8-8406-0e22c9d10c71",
    "fields": {
      "user": "59242847-9b11-411e-b47e-fde300799113",
      "display_name": "Laura Fontaine",
      "bio": "Agent sportif expérimenté accompagnant des talents européens.",
      "is_self_represented": false,
      "created_at": "2025-01-15T21:15:00Z",
      "updated_at": "2025-01-15T21:15:00Z"
    }
  },
  {
    "model": "users.user",
    "pk": "4f422609-2196-4714-92a6-43948aede238",
    "fields": {
      "email": "mathieu.perrin@example.com",
      "first_name": "Mathieu",
      "last_name": "Perrin",
      "phone_country_code": "+33",
      "phone_number": "06000012",
      "date_of_birth": "1985-05-15",
      "email_verified": true,
      "password": "pbkdf2_sha256$600000$Nf1JSucDbGkFARSXcttRQD$N/J0GcH+3KSNcfsYbFAPOYHiphFBCpzC0eBVRYmllCA=",
      "password_hash": "pbkdf2_sha256$600000$Nf1JSucDbGkFARSXcttRQD$N/J0GcH+3KSNcfsYbFAPOYHiphFBCpzC0eBVRYmllCA=",
      "is_active": true,
      "is_staff": false,
      "account_type": "AGENT",
      "last_login": null,
      "created_at": "2025-01-15T22:00:00Z",
      "updated_at": "2025-01-15T22:00:00Z"
    }
  },
  {
    "model": "users.agentprofile",
    "pk": "c5cd2960-2be4-4370-a28d-db48e7669f53",
    "fields": {
      "user": "4f422609-2196-4714-92a6-43948aede238",
      "display_name": "Mathieu Perrin",
      "bio": "Agent sportif expérimenté accompagnant des talents européens.",
      "is_self_represented": false,
      "created_at": "2025-01-15T22:15:00Z",
      "updated_at": "2025-01-15T22:15:00Z"
    }
  },
  {
    "model": "users.user",
    "pk": "27d9af5f-13f6-4655-835c-ef5a1e30c967",
    "fields": {
      "email": "nadia.roche@example.com",
      "first_name": "Nadia",
      "last_name": "Roche",
      "phone_country_code": "+33",
      "phone_number": "06000013",
      "date_of_birth": "1985-05-15",
      "email_verified": true,
      "password": "pbkdf2_sha256$600000$Nf1JSucDbGkFARSXcttRQD$N/J0GcH+3KSNcfsYbFAPOYHiphFBCpzC0eBVRYmllCA=",
      "password_hash": "pbkdf2_sha256$600000$Nf1JSucDbGkFARSXcttRQD$N/J0GcH+3KSNcfsYbFAPOYHiphFBCpzC0eBVRYmllCA=",
      "is_active": true,
      "is_staff": false,
      "account_type": "AGENT",
      "last_login": null,
      "created_at": "2025-01-15T23:00:00Z",
      "updated_at": "2025-01-15T23:00:00Z"
    }
  },
  {
    "model": "users.agentprofile",
    "pk": "752f1512-fac2-43fd-9c67-ca1c666ce44e",
    "fields": {
      "user": "27d9af5f-13f6-4655-835c-ef5a1e30c967",
      "display_name": "Nadia Roche",
      "bio": "Agent sportif expérimenté accompagnant des talents européens.",
      "is_self_represented": false,
      "created_at": "2025-01-15T23:15:00Z",
      "updated_at": "2025-01-15T23:15:00Z"
    }
  },
  {
    "model": "users.user",
    "pk": "7f516227-62b9-4121-95aa-12d3f6fb86a6",
    "fields": {
      "email": "olivier.lemaitre@example.com",
      "first_name": "Olivier",
      "last_name": "Lemaitre",
      "phone_country_code": "+33",
      "phone_number": "06000014",
      "date_of_birth": "1985-05-15",
      "email_verified": true,
      "password": "pbkdf2_sha256$600000$Nf1JSucDbGkFARSXcttRQD$N/J0GcH+3KSNcfsYbFAPOYHiphFBCpzC0eBVRYmllCA=",
      "password_hash": "pbkdf2_sha256$600000$Nf1JSucDbGkFARSXcttRQD$N/J0GcH+3KSNcfsYbFAPOYHiphFBCpzC0eBVRYmllCA=",
      "is_active": true,
      "is_staff": false,
      "account_type": "AGENT",
      "last_login": null,
      "created_at": "2025-01-16T00:00:00Z",
      "updated_at": "2025-01-16T00:00:00Z"
    }
  },
  {
    "model": "users.agentprofile",
    "pk": "97b75648-b217-437c-b2a2-0d4e34717332",
    "fields": {
      "user": "7f516227-62b9-4121-95aa-12d3f6fb86a6",
      "display_name": "Olivier Lemaitre",
      "bio": "Agent sportif expérimenté accompagnant des talents européens.",
      "is_self_represented": false,
      "created_at": "2025-01-16T00:15:00Z",
      "updated_at": "2025-01-16T00:15:00Z"
    }
  },
  {
    "model": "users.user",
    "pk": "f2ba3f61-78fd-4724-9ee3-ba2f57530f82",
    "fields": {
      "email": "pauline.marchand@example.com",
      "first_name": "Pauline",
      "last_name": "Marchand",
      "phone_country_code": "+33",
      "phone_number": "06000015",
      "date_of_birth": "1985-05-15",
      "email_verified": true,
      "password": "pbkdf2_sha256$600000$Nf1JSucDbGkFARSXcttRQD$N/J0GcH+3KSNcfsYbFAPOYHiphFBCpzC0eBVRYmllCA=",
      "password_hash": "pbkdf2_sha256$600000$Nf1JSucDbGkFARSXcttRQD$N/J0GcH+3KSNcfsYbFAPOYHiphFBCpzC0eBVRYmllCA=",
      "is_active": true,
      "is_staff": false,
      "account_type": "AGENT",
      "last_login": null,
      "created_at": "2025-01-16T01:00:00Z",
      "updated_at": "2025-01-16T01:00:00Z"
    }
  },
  {
    "model": "users.agentprofile",
    "pk": "5b6f6d8b-d446-40ac-80e2-465e9e71dd39",
    "fields": {
      "user": "f2ba3f61-78fd-4724-9ee3-ba2f57530f82",
      "display_name": "Pauline Marchand",
      "bio": "Agent sportif expérimenté accompagnant des talents européens.",
      "is_self_represented": false,
      "created_at": "2025-01-16T01:15:00Z",
      "updated_at": "2025-01-16T01:15:00Z"
    }
  },
  {
    "model": "users.user",
    "pk": "925aef87-c98a-4a71-a43f-f90a2a19ff2c",
    "fields": {
      "email": "quentin.blanchard@example.com",
      "first_name": "Quentin",
      "last_name": "Blanchard",
      "phone_country_code": "+33",
      "phone_number": "06000016",
      "date_of_birth": "1985-05-15",
      "email_verified": true,
      "password": "pbkdf2_sha256$600000$Nf1JSucDbGkFARSXcttRQD$N/J0GcH+3KSNcfsYbFAPOYHiphFBCpzC0eBVRYmllCA=",
      "password_hash": "pbkdf2_sha256$600000$Nf1JSucDbGkFARSXcttRQD$N/J0GcH+3KSNcfsYbFAPOYHiphFBCpzC0eBVRYmllCA=",
      "is_active": true,
      "is_staff": false,
      "account_type": "AGENT",
      "last_login": null,
      "created_at": "2025-01-16T02:00:00Z",
      "updated_at": "2025-01-16T02:00:00Z"
    }
  },
  {
    "model": "users.agentprofile",
    "pk": "7058ba9d-7809-483b-9089-f7eac6322aff",
    "fields": {
      "user": "925aef87-c98a-4a71-a43f-f90a2a19ff2c",
      "display_name": "Quentin Blanchard",
      "bio": "Agent sportif expérimenté accompagnant des talents européens.",
      "is_self_represented": false,
      "created_at": "2025-01-16T02:15:00Z",
      "updated_at": "2025-01-16T02:15:00Z"
    }
  },
  {
    "model": "users.user",
    "pk": "38324043-7a2c-4c3b-9ba5-59837be572fb",
    "fields": {
      "email": "romain.allard@example.com",
      "first_name": "Romain",
      "last_name": "Allard",
      "phone_country_code": "+33",
      "phone_number": "06000017",
      "date_of_birth": "1985-05-15",
      "email_verified": true,
      "password": "pbkdf2_sha256$600000$Nf1JSucDbGkFARSXcttRQD$N/J0GcH+3KSNcfsYbFAPOYHiphFBCpzC0eBVRYmllCA=",
      "password_hash": "pbkdf2_sha256$600000$Nf1JSucDbGkFARSXcttRQD$N/J0GcH+3KSNcfsYbFAPOYHiphFBCpzC0eBVRYmllCA=",
      "is_active": true,
      "is_staff": false,
      "account_type": "AGENT",
      "last_login": null,
      "created_at": "2025-01-16T03:00:00Z",
      "updated_at": "2025-01-16T03:00:00Z"
    }
  },
  {
    "model": "users.agentprofile",
    "pk": "e467e9ed-a852-49e7-96aa-b5a49d1fa1c0",
    "fields": {
      "user": "38324043-7a2c-4c3b-9ba5-59837be572fb",
      "display_name": "Romain Allard",
      "bio": "Agent sportif expérimenté accompagnant des talents européens.",
      "is_self_represented": false,
      "created_at": "2025-01-16T03:15:00Z",
      "updated_at": "2025-01-16T03:15:00Z"
    }
  },
  {
    "model": "users.user",
    "pk": "99c97180-1d2a-4948-9c8b-20ec8d18c4db",
    "fields": {
      "email": "sophie.garnier@example.com",
      "first_name": "Sophie",
      "last_name": "Garnier",
      "phone_country_code": "+33",
      "phone_number": "06000018",
      "date_of_birth": "1985-05-15",
      "email_verified": true,
      "password": "pbkdf2_sha256$600000$Nf1JSucDbGkFARSXcttRQD$N/J0GcH+3KSNcfsYbFAPOYHiphFBCpzC0eBVRYmllCA=",
      "password_hash": "pbkdf2_sha256$600000$Nf1JSucDbGkFARSXcttRQD$N/J0GcH+3KSNcfsYbFAPOYHiphFBCpzC0eBVRYmllCA=",
      "is_active": true,
      "is_staff": false,
      "account_type": "AGENT",
      "last_login": null,
      "created_at": "2025-01-16T04:00:00Z",
      "updated_at": "2025-01-16T04:00:00Z"
    }
  },
  {
    "model": "users.agentprofile",
    "pk": "a00679ca-3855-4158-948e-4f1551325afa",
    "fields": {
      "user": "99c97180-1d2a-4948-9c8b-20ec8d18c4db",
      "display_name": "Sophie Garnier",
      "bio": "Agent sportif expérimenté accompagnant des talents européens.",
      "is_self_represented": false,
      "created_at": "2025-01-16T04:15:00Z",
      "updated_at": "2025-01-16T04:15:00Z"
    }
  },
  {
    "model": "users.user",
    "pk": "57098286-1236-431e-9c96-3b027b81b6fd",
    "fields": {
      "email": "thomas.barbier@example.com",
      "first_name": "Thomas",
      "last_name": "Barbier",
      "phone_country_code": "+33",
      "phone_number": "06000019",
      "date_of_birth": "1985-05-15",
      "email_verified": true,
      "password": "pbkdf2_sha256$600000$Nf1JSucDbGkFARSXcttRQD$N/J0GcH+3KSNcfsYbFAPOYHiphFBCpzC0eBVRYmllCA=",
      "password_hash": "pbkdf2_sha256$600000$Nf1JSucDbGkFARSXcttRQD$N/J0GcH+3KSNcfsYbFAPOYHiphFBCpzC0eBVRYmllCA=",
      "is_active": true,
      "is_staff": false,
      "account_type": "AGENT",
      "last_login": null,
      "created_at": "2025-01-16T05:00:00Z",
      "updated_at": "2025-01-16T05:00:00Z"
    }
  },
  {
    "model": "users.agentprofile",
    "pk": "ff6009d1-3fe7-4504-a184-6bad81ddaa6a",
    "fields": {
      "user": "57098286-1236-431e-9c96-3b027b81b6fd",
      "display_name": "Thomas Barbier",
      "bio": "Agent sportif expérimenté accompagnant des talents européens.",
      "is_self_represented": false,
      "created_at": "2025-01-16T05:15:00Z",
      "updated_at": "2025-01-16T05:15:00Z"
    }
  },
  {
    "model": "users.user",
    "pk": "bdf2390c-a64e-4592-840b-4e6156821efa",
    "fields": {
      "email": "amelie.boucher@brands.example.com",
      "first_name": "Amélie",
      "last_name": "Boucher",
      "phone_country_code": "+33",
      "phone_number": "07000000",
      "date_of_birth": "1990-04-20",
      "email_verified": true,
      "password": "pbkdf2_sha256$600000$Nf1JSucDbGkFARSXcttRQD$N/J0GcH+3KSNcfsYbFAPOYHiphFBCpzC0eBVRYmllCA=",
      "password_hash": "pbkdf2_sha256$600000$Nf1JSucDbGkFARSXcttRQD$N/J0GcH+3KSNcfsYbFAPOYHiphFBCpzC0eBVRYmllCA=",
      "is_active": true,
      "is_staff": false,
      "account_type": "COLLABORATOR",
      "last_login": null,
      "created_at": "2025-01-16T16:00:00Z",
      "updated_at": "2025-01-16T16:00:00Z"
    }
  },
  {
    "model": "users.user",
    "pk": "1615e541-68b9-4d6e-9fec-42c9b9559a7f",
    "fields": {
      "email": "bastien.renard@brands.example.com",
      "first_name": "Bastien",
      "last_name": "Renard",
      "phone_country_code": "+33",
      "phone_number": "07000001",
      "date_of_birth": "1990-04-20",
      "email_verified": true,
      "password": "pbkdf2_sha256$600000$Nf1JSucDbGkFARSXcttRQD$N/J0GcH+3KSNcfsYbFAPOYHiphFBCpzC0eBVRYmllCA=",
      "password_hash": "pbkdf2_sha256$600000$Nf1JSucDbGkFARSXcttRQD$N/J0GcH+3KSNcfsYbFAPOYHiphFBCpzC0eBVRYmllCA=",
      "is_active": true,
      "is_staff": false,
      "account_type": "COLLABORATOR",
      "last_login": null,
      "created_at": "2025-01-16T17:00:00Z",
      "updated_at": "2025-01-16T17:00:00Z"
    }
  },
  {
    "model": "users.user",
    "pk": "d3b83543-64d4-4158-8e3c-edc99849cc65",
    "fields": {
      "email": "camille.lopez@brands.example.com",
      "first_name": "Camille",
      "last_name": "Lopez",
      "phone_country_code": "+33",
      "phone_number": "07000002",
      "date_of_birth": "1990-04-20",
      "email_verified": true,
      "password": "pbkdf2_sha256$600000$Nf1JSucDbGkFARSXcttRQD$N/J0GcH+3KSNcfsYbFAPOYHiphFBCpzC0eBVRYmllCA=",
      "password_hash": "pbkdf2_sha256$600000$Nf1JSucDbGkFARSXcttRQD$N/J0GcH+3KSNcfsYbFAPOYHiphFBCpzC0eBVRYmllCA=",
      "is_active": true,
      "is_staff": false,
      "account_type": "COLLABORATOR",
      "last_login": null,
      "created_at": "2025-01-16T18:00:00Z",
      "updated_at": "2025-01-16T18:00:00Z"
    }
  },
  {
    "model": "users.user",
    "pk": "98415c72-6d45-4c4c-b230-e53cd7c8263c",
    "fields": {
      "email": "damien.giraud@brands.example.com",
      "first_name": "Damien",
      "last_name": "Giraud",
      "phone_country_code": "+33",
      "phone_number": "07000003",
      "date_of_birth": "1990-04-20",
      "email_verified": true,
      "password": "pbkdf2_sha256$600000$Nf1JSucDbGkFARSXcttRQD$N/J0GcH+3KSNcfsYbFAPOYHiphFBCpzC0eBVRYmllCA=",
      "password_hash": "pbkdf2_sha256$600000$Nf1JSucDbGkFARSXcttRQD$N/J0GcH+3KSNcfsYbFAPOYHiphFBCpzC0eBVRYmllCA=",
      "is_active": true,
      "is_staff": false,
      "account_type": "COLLABORATOR",
      "last_login": null,
      "created_at": "2025-01-16T19:00:00Z",
      "updated_at": "2025-01-16T19:00:00Z"
    }
  },
  {
    "model": "users.user",
    "pk": "c0aea5d2-f41e-4e19-943a-69c9625e0672",
    "fields": {
      "email": "elise.morel@brands.example.com",
      "first_name": "Elise",
      "last_name": "Morel",
      "phone_country_code": "+33",
      "phone_number": "07000004",
      "date_of_birth": "1990-04-20",
      "email_verified": true,
      "password": "pbkdf2_sha256$600000$Nf1JSucDbGkFARSXcttRQD$N/J0GcH+3KSNcfsYbFAPOYHiphFBCpzC0eBVRYmllCA=",
      "password_hash": "pbkdf2_sha256$600000$Nf1JSucDbGkFARSXcttRQD$N/J0GcH+3KSNcfsYbFAPOYHiphFBCpzC0eBVRYmllCA=",
      "is_active": true,
      "is_staff": false,
      "account_type": "COLLABORATOR",
      "last_login": null,
      "created_at": "2025-01-16T20:00:00Z",
      "updated_at": "2025-01-16T20:00:00Z"
    }
  },
  {
    "model": "users.user",
    "pk": "87247395-4583-4d82-a1bd-9b3acc4da0a8",
    "fields": {
      "email": "florian.rousseau@brands.example.com",
      "first_name": "Florian",
      "last_name": "Rousseau",
      "phone_country_code": "+33",
      "phone_number": "07000005",
      "date_of_birth": "1990-04-20",
      "email_verified": true,
      "password": "pbkdf2_sha256$600000$Nf1JSucDbGkFARSXcttRQD$N/J0GcH+3KSNcfsYbFAPOYHiphFBCpzC0eBVRYmllCA=",
      "password_hash": "pbkdf2_sha256$600000$Nf1JSucDbGkFARSXcttRQD$N/J0GcH+3KSNcfsYbFAPOYHiphFBCpzC0eBVRYmllCA=",
      "is_active": true,
      "is_staff": false,
      "account_type": "COLLABORATOR",
      "last_login": null,
      "created_at": "2025-01-16T21:00:00Z",
      "updated_at": "2025-01-16T21:00:00Z"
    }
  },
  {
    "model": "users.user",
    "pk": "51d3b9da-d650-4dc1-a36d-a6e639c9ce70",
    "fields": {
      "email": "geraldine.fabre@brands.example.com",
      "first_name": "Géraldine",
      "last_name": "Fabre",
      "phone_country_code": "+33",
      "phone_number": "07000006",
      "date_of_birth": "1990-04-20",
      "email_verified": true,
      "password": "pbkdf2_sha256$600000$Nf1JSucDbGkFARSXcttRQD$N/J0GcH+3KSNcfsYbFAPOYHiphFBCpzC0eBVRYmllCA=",
      "password_hash": "pbkdf2_sha256$600000$Nf1JSucDbGkFARSXcttRQD$N/J0GcH+3KSNcfsYbFAPOYHiphFBCpzC0eBVRYmllCA=",
      "is_active": true,
      "is_staff": false,
      "account_type": "COLLABORATOR",
      "last_login": null,
      "created_at": "2025-01-16T22:00:00Z",
      "updated_at": "2025-01-16T22:00:00Z"
    }
  },
  {
    "model": "users.user",
    "pk": "7d479b83-6b77-49a0-8e4a-ddc6ec3a3cd4",
    "fields": {
      "email": "helene.marchal@brands.example.com",
      "first_name": "Hélène",
      "last_name": "Marchal",
      "phone_country_code": "+33",
      "phone_number": "07000007",
      "date_of_birth": "1990-04-20",
      "email_verified": true,
      "password": "pbkdf2_sha256$600000$Nf1JSucDbGkFARSXcttRQD$N/J0GcH+3KSNcfsYbFAPOYHiphFBCpzC0eBVRYmllCA=",
      "password_hash": "pbkdf2_sha256$600000$Nf1JSucDbGkFARSXcttRQD$N/J0GcH+3KSNcfsYbFAPOYHiphFBCpzC0eBVRYmllCA=",
      "is_active": true,
      "is_staff": false,
      "account_type": "COLLABORATOR",
      "last_login": null,
      "created_at": "2025-01-16T23:00:00Z",
      "updated_at": "2025-01-16T23:00:00Z"
    }
  },
  {
    "model": "users.user",
    "pk": "c5083b96-0514-461b-bacd-880580aa838c",
    "fields": {
      "email": "ines.baron@brands.example.com",
      "first_name": "Inès",
      "last_name": "Baron",
      "phone_country_code": "+33",
      "phone_number": "07000008",
      "date_of_birth": "1990-04-20",
      "email_verified": true,
      "password": "pbkdf2_sha256$600000$Nf1JSucDbGkFARSXcttRQD$N/J0GcH+3KSNcfsYbFAPOYHiphFBCpzC0eBVRYmllCA=",
      "password_hash": "pbkdf2_sha256$600000$Nf1JSucDbGkFARSXcttRQD$N/J0GcH+3KSNcfsYbFAPOYHiphFBCpzC0eBVRYmllCA=",
      "is_active": true,
      "is_staff": false,
      "account_type": "COLLABORATOR",
      "last_login": null,
      "created_at": "2025-01-17T00:00:00Z",
      "updated_at": "2025-01-17T00:00:00Z"
    }
  },
  {
    "model": "users.user",
    "pk": "944c3f4e-9d8a-43d4-9fa3-a42296e74213",
    "fields": {
      "email": "jules.dupuis@brands.example.com",
      "first_name": "Jules",
      "last_name": "Dupuis",
      "phone_country_code": "+33",
      "phone_number": "07000009",
      "date_of_birth": "1990-04-20",
      "email_verified": true,
      "password": "pbkdf2_sha256$600000$Nf1JSucDbGkFARSXcttRQD$N/J0GcH+3KSNcfsYbFAPOYHiphFBCpzC0eBVRYmllCA=",
      "password_hash": "pbkdf2_sha256$600000$Nf1JSucDbGkFARSXcttRQD$N/J0GcH+3KSNcfsYbFAPOYHiphFBCpzC0eBVRYmllCA=",
      "is_active": true,
      "is_staff": false,
      "account_type": "COLLABORATOR",
      "last_login": null,
      "created_at": "2025-01-17T01:00:00Z",
      "updated_at": "2025-01-17T01:00:00Z"
    }
  },
  {
    "model": "users.user",
    "pk": "36abba7c-74f3-4636-8884-432aabd77fe3",
    "fields": {
      "email": "katia.jourdan@brands.example.com",
      "first_name": "Katia",
      "last_name": "Jourdan",
      "phone_country_code": "+33",
      "phone_number": "07000010",
      "date_of_birth": "1990-04-20",
      "email_verified": true,
      "password": "pbkdf2_sha256$600000$Nf1JSucDbGkFARSXcttRQD$N/J0GcH+3KSNcfsYbFAPOYHiphFBCpzC0eBVRYmllCA=",
      "password_hash": "pbkdf2_sha256$600000$Nf1JSucDbGkFARSXcttRQD$N/J0GcH+3KSNcfsYbFAPOYHiphFBCpzC0eBVRYmllCA=",
      "is_active": true,
      "is_staff": false,
      "account_type": "COLLABORATOR",
      "last_login": null,
      "created_at": "2025-01-17T02:00:00Z",
      "updated_at": "2025-01-17T02:00:00Z"
    }
  },
  {
    "model": "users.user",
    "pk": "1f401d6f-bb46-43e3-8239-08a9a53c5ae0",
    "fields": {
      "email": "louis.marin@brands.example.com",
      "first_name": "Louis",
      "last_name": "Marin",
      "phone_country_code": "+33",
      "phone_number": "07000011",
      "date_of_birth": "1990-04-20",
      "email_verified": true,
      "password": "pbkdf2_sha256$600000$Nf1JSucDbGkFARSXcttRQD$N/J0GcH+3KSNcfsYbFAPOYHiphFBCpzC0eBVRYmllCA=",
      "password_hash": "pbkdf2_sha256$600000$Nf1JSucDbGkFARSXcttRQD$N/J0GcH+3KSNcfsYbFAPOYHiphFBCpzC0eBVRYmllCA=",
      "is_active": true,
      "is_staff": false,
      "account_type": "COLLABORATOR",
      "last_login": null,
      "created_at": "2025-01-17T03:00:00Z",
      "updated_at": "2025-01-17T03:00:00Z"
    }
  },
  {
    "model": "users.user",
    "pk": "b9e2e53d-4f03-45e8-96e3-351a1fd59488",
    "fields": {
      "email": "melanie.charbonnier@brands.example.com",
      "first_name": "Mélanie",
      "last_name": "Charbonnier",
      "phone_country_code": "+33",
      "phone_number": "07000012",
      "date_of_birth": "1990-04-20",
      "email_verified": true,
      "password": "pbkdf2_sha256$600000$Nf1JSucDbGkFARSXcttRQD$N/J0GcH+3KSNcfsYbFAPOYHiphFBCpzC0eBVRYmllCA=",
      "password_hash": "pbkdf2_sha256$600000$Nf1JSucDbGkFARSXcttRQD$N/J0GcH+3KSNcfsYbFAPOYHiphFBCpzC0eBVRYmllCA=",
      "is_active": true,
      "is_staff": false,
      "account_type": "COLLABORATOR",
      "last_login": null,
      "created_at": "2025-01-17T04:00:00Z",
      "updated_at": "2025-01-17T04:00:00Z"
    }
  },
  {
    "model": "users.user",
    "pk": "64263d64-5dd7-44cf-b682-36aa36d0f965",
    "fields": {
      "email": "noe.poulain@brands.example.com",
      "first_name": "Noé",
      "last_name": "Poulain",
      "phone_country_code": "+33",
      "phone_number": "07000013",
      "date_of_birth": "1990-04-20",
      "email_verified": true,
      "password": "pbkdf2_sha256$600000$Nf1JSucDbGkFARSXcttRQD$N/J0GcH+3KSNcfsYbFAPOYHiphFBCpzC0eBVRYmllCA=",
      "password_hash": "pbkdf2_sha256$600000$Nf1JSucDbGkFARSXcttRQD$N/J0GcH+3KSNcfsYbFAPOYHiphFBCpzC0eBVRYmllCA=",
      "is_active": true,
      "is_staff": false,
      "account_type": "COLLABORATOR",
      "last_login": null,
      "created_at": "2025-01-17T05:00:00Z",
      "updated_at": "2025-01-17T05:00:00Z"
    }
  },
  {
    "model": "users.user",
    "pk": "101f68ab-0cf8-4611-8670-7dafe2ec50c9",
    "fields": {
      "email": "ophelie.descamps@brands.example.com",
      "first_name": "Ophélie",
      "last_name": "Descamps",
      "phone_country_code": "+33",
      "phone_number": "07000014",
      "date_of_birth": "1990-04-20",
      "email_verified": true,
      "password": "pbkdf2_sha256$600000$Nf1JSucDbGkFARSXcttRQD$N/J0GcH+3KSNcfsYbFAPOYHiphFBCpzC0eBVRYmllCA=",
      "password_hash": "pbkdf2_sha256$600000$Nf1JSucDbGkFARSXcttRQD$N/J0GcH+3KSNcfsYbFAPOYHiphFBCpzC0eBVRYmllCA=",
      "is_active": true,
      "is_staff": false,
      "account_type": "COLLABORATOR",
      "last_login": null,
      "created_at": "2025-01-17T06:00:00Z",
      "updated_at": "2025-01-17T06:00:00Z"
    }
  },
  {
    "model": "users.user",
    "pk": "9fc08294-1a77-43c2-b6d0-7957391959fc",
    "fields": {
      "email": "pierre.delorme@brands.example.com",
      "first_name": "Pierre",
      "last_name": "Delorme",
      "phone_country_code": "+33",
      "phone_number": "07000015",
      "date_of_birth": "1990-04-20",
      "email_verified": true,
      "password": "pbkdf2_sha256$600000$Nf1JSucDbGkFARSXcttRQD$N/J0GcH+3KSNcfsYbFAPOYHiphFBCpzC0eBVRYmllCA=",
      "password_hash": "pbkdf2_sha256$600000$Nf1JSucDbGkFARSXcttRQD$N/J0GcH+3KSNcfsYbFAPOYHiphFBCpzC0eBVRYmllCA=",
      "is_active": true,
      "is_staff": false,
      "account_type": "COLLABORATOR",
      "last_login": null,
      "created_at": "2025-01-17T07:00:00Z",
      "updated_at": "2025-01-17T07:00:00Z"
    }
  },
  {
    "model": "users.user",
    "pk": "11b4ddfd-de6e-459d-b461-ee5352cb7966",
    "fields": {
      "email": "quitterie.renaud@brands.example.com",
      "first_name": "Quitterie",
      "last_name": "Renaud",
      "phone_country_code": "+33",
      "phone_number": "07000016",
      "date_of_birth": "1990-04-20",
      "email_verified": true,
      "password": "pbkdf2_sha256$600000$Nf1JSucDbGkFARSXcttRQD$N/J0GcH+3KSNcfsYbFAPOYHiphFBCpzC0eBVRYmllCA=",
      "password_hash": "pbkdf2_sha256$600000$Nf1JSucDbGkFARSXcttRQD$N/J0GcH+3KSNcfsYbFAPOYHiphFBCpzC0eBVRYmllCA=",
      "is_active": true,
      "is_staff": false,
      "account_type": "COLLABORATOR",
      "last_login": null,
      "created_at": "2025-01-17T08:00:00Z",
      "updated_at": "2025-01-17T08:00:00Z"
    }
  },
  {
    "model": "users.user",
    "pk": "62ed3836-d418-4770-a49c-7b7e26148476",
    "fields": {
      "email": "raphael.leclerc@brands.example.com",
      "first_name": "Raphaël",
      "last_name": "Leclerc",
      "phone_country_code": "+33",
      "phone_number": "07000017",
      "date_of_birth": "1990-04-20",
      "email_verified": true,
      "password": "pbkdf2_sha256$600000$Nf1JSucDbGkFARSXcttRQD$N/J0GcH+3KSNcfsYbFAPOYHiphFBCpzC0eBVRYmllCA=",
      "password_hash": "pbkdf2_sha256$600000$Nf1JSucDbGkFARSXcttRQD$N/J0GcH+3KSNcfsYbFAPOYHiphFBCpzC0eBVRYmllCA=",
      "is_active": true,
      "is_staff": false,
      "account_type": "COLLABORATOR",
      "last_login": null,
      "created_at": "2025-01-17T09:00:00Z",
      "updated_at": "2025-01-17T09:00:00Z"
    }
  },
  {
    "model": "users.user",
    "pk": "28c6f71b-d983-4ed9-98f9-dfb5a544e388",
    "fields": {
      "email": "salome.bertin@brands.example.com",
      "first_name": "Salomé",
      "last_name": "Bertin",
      "phone_country_code": "+33",
      "phone_number": "07000018",
      "date_of_birth": "1990-04-20",
      "email_verified": true,
      "password": "pbkdf2_sha256$600000$Nf1JSucDbGkFARSXcttRQD$N/J0GcH+3KSNcfsYbFAPOYHiphFBCpzC0eBVRYmllCA=",
      "password_hash": "pbkdf2_sha256$600000$Nf1JSucDbGkFARSXcttRQD$N/J0GcH+3KSNcfsYbFAPOYHiphFBCpzC0eBVRYmllCA=",
      "is_active": true,
      "is_staff": false,
      "account_type": "COLLABORATOR",
      "last_login": null,
      "created_at": "2025-01-17T10:00:00Z",
      "updated_at": "2025-01-17T10:00:00Z"
    }
  },
  {
    "model": "users.user",
    "pk": "dd94f9ea-7d52-4a40-be69-6ade4b708264",
    "fields": {
      "email": "tristan.hubert@brands.example.com",
      "first_name": "Tristan",
      "last_name": "Hubert",
      "phone_country_code": "+33",
      "phone_number": "07000019",
      "date_of_birth": "1990-04-20",
      "email_verified": true,
      "password": "pbkdf2_sha256$600000$Nf1JSucDbGkFARSXcttRQD$N/J0GcH+3KSNcfsYbFAPOYHiphFBCpzC0eBVRYmllCA=",
      "password_hash": "pbkdf2_sha256$600000$Nf1JSucDbGkFARSXcttRQD$N/J0GcH+3KSNcfsYbFAPOYHiphFBCpzC0eBVRYmllCA=",
      "is_active": true,
      "is_staff": false,
      "account_type": "COLLABORATOR",
      "last_login": null,
      "created_at": "2025-01-17T11:00:00Z",
      "updated_at": "2025-01-17T11:00:00Z"
    }
  },
  {
    "model": "users.user",
    "pk": "72a12768-78fe-4c74-8673-b96ae876d724",
    "fields": {
      "email": "ulysse.gosselin@brands.example.com",
      "first_name": "Ulysse",
      "last_name": "Gosselin",
      "phone_country_code": "+33",
      "phone_number": "07000020",
      "date_of_birth": "1990-04-20",
      "email_verified": true,
      "password": "pbkdf2_sha256$600000$Nf1JSucDbGkFARSXcttRQD$N/J0GcH+3KSNcfsYbFAPOYHiphFBCpzC0eBVRYmllCA=",
      "password_hash": "pbkdf2_sha256$600000$Nf1JSucDbGkFARSXcttRQD$N/J0GcH+3KSNcfsYbFAPOYHiphFBCpzC0eBVRYmllCA=",
      "is_active": true,
      "is_staff": false,
      "account_type": "COLLABORATOR",
      "last_login": null,
      "created_at": "2025-01-17T12:00:00Z",
      "updated_at": "2025-01-17T12:00:00Z"
    }
  },
  {
    "model": "users.user",
    "pk": "5755a5d6-ff88-4ae7-be99-65ca905194af",
    "fields": {
      "email": "valerie.chartier@brands.example.com",
      "first_name": "Valérie",
      "last_name": "Chartier",
      "phone_country_code": "+33",
      "phone_number": "07000021",
      "date_of_birth": "1990-04-20",
      "email_verified": true,
      "password": "pbkdf2_sha256$600000$Nf1JSucDbGkFARSXcttRQD$N/J0GcH+3KSNcfsYbFAPOYHiphFBCpzC0eBVRYmllCA=",
      "password_hash": "pbkdf2_sha256$600000$Nf1JSucDbGkFARSXcttRQD$N/J0GcH+3KSNcfsYbFAPOYHiphFBCpzC0eBVRYmllCA=",
      "is_active": true,
      "is_staff": false,
      "account_type": "COLLABORATOR",
      "last_login": null,
      "created_at": "2025-01-17T13:00:00Z",
      "updated_at": "2025-01-17T13:00:00Z"
    }
  },
  {
    "model": "users.user",
    "pk": "4549ebbd-e921-491a-afe7-3f39ac13b8ca",
    "fields": {
      "email": "william.vaillant@brands.example.com",
      "first_name": "William",
      "last_name": "Vaillant",
      "phone_country_code": "+33",
      "phone_number": "07000022",
      "date_of_birth": "1990-04-20",
      "email_verified": true,
      "password": "pbkdf2_sha256$600000$Nf1JSucDbGkFARSXcttRQD$N/J0GcH+3KSNcfsYbFAPOYHiphFBCpzC0eBVRYmllCA=",
      "password_hash": "pbkdf2_sha256$600000$Nf1JSucDbGkFARSXcttRQD$N/J0GcH+3KSNcfsYbFAPOYHiphFBCpzC0eBVRYmllCA=",
      "is_active": true,
      "is_staff": false,
      "account_type": "COLLABORATOR",
      "last_login": null,
      "created_at": "2025-01-17T14:00:00Z",
      "updated_at": "2025-01-17T14:00:00Z"
    }
  },
  {
    "model": "users.user",
    "pk": "e410ac34-d71d-4b7e-965f-a10104cafb33",
    "fields": {
      "email": "xavier.garnier@brands.example.com",
      "first_name": "Xavier",
      "last_name": "Garnier",
      "phone_country_code": "+33",
      "phone_number": "07000023",
      "date_of_birth": "1990-04-20",
      "email_verified": true,
      "password": "pbkdf2_sha256$600000$Nf1JSucDbGkFARSXcttRQD$N/J0GcH+3KSNcfsYbFAPOYHiphFBCpzC0eBVRYmllCA=",
      "password_hash": "pbkdf2_sha256$600000$Nf1JSucDbGkFARSXcttRQD$N/J0GcH+3KSNcfsYbFAPOYHiphFBCpzC0eBVRYmllCA=",
      "is_active": true,
      "is_staff": false,
      "account_type": "COLLABORATOR",
      "last_login": null,
      "created_at": "2025-01-17T15:00:00Z",
      "updated_at": "2025-01-17T15:00:00Z"
    }
  },
  {
    "model": "users.user",
    "pk": "7693816c-a9fe-4025-af32-6c6c00f4fa3e",
    "fields": {
      "email": "yasmine.fernand@brands.example.com",
      "first_name": "Yasmine",
      "last_name": "Fernand",
      "phone_country_code": "+33",
      "phone_number": "07000024",
      "date_of_birth": "1990-04-20",
      "email_verified": true,
      "password": "pbkdf2_sha256$600000$Nf1JSucDbGkFARSXcttRQD$N/J0GcH+3KSNcfsYbFAPOYHiphFBCpzC0eBVRYmllCA=",
      "password_hash": "pbkdf2_sha256$600000$Nf1JSucDbGkFARSXcttRQD$N/J0GcH+3KSNcfsYbFAPOYHiphFBCpzC0eBVRYmllCA=",
      "is_active": true,
      "is_staff": false,
      "account_type": "COLLABORATOR",
      "last_login": null,
      "created_at": "2025-01-17T16:00:00Z",
      "updated_at": "2025-01-17T16:00:00Z"
    }
  },
  {
    "model": "users.user",
    "pk": "1e44e7aa-0c0f-4fa7-9a0d-1ee603159ddc",
    "fields": {
      "email": "zoe.lambert@brands.example.com",
      "first_name": "Zoé",
      "last_name": "Lambert",
      "phone_country_code": "+33",
      "phone_number": "07000025",
      "date_of_birth": "1990-04-20",
      "email_verified": true,
      "password": "pbkdf2_sha256$600000$Nf1JSucDbGkFARSXcttRQD$N/J0GcH+3KSNcfsYbFAPOYHiphFBCpzC0eBVRYmllCA=",
      "password_hash": "pbkdf2_sha256$600000$Nf1JSucDbGkFARSXcttRQD$N/J0GcH+3KSNcfsYbFAPOYHiphFBCpzC0eBVRYmllCA=",
      "is_active": true,
      "is_staff": false,
      "account_type": "COLLABORATOR",
      "last_login": null,
      "created_at": "2025-01-17T17:00:00Z",
      "updated_at": "2025-01-17T17:00:00Z"
    }
  },
  {
    "model": "users.user",
    "pk": "9d9d632d-09fc-4faa-ae07-9be65d2f8b63",
    "fields": {
      "email": "adrien.payet@brands.example.com",
      "first_name": "Adrien",
      "last_name": "Payet",
      "phone_country_code": "+33",
      "phone_number": "07000026",
      "date_of_birth": "1990-04-20",
      "email_verified": true,
      "password": "pbkdf2_sha256$600000$Nf1JSucDbGkFARSXcttRQD$N/J0GcH+3KSNcfsYbFAPOYHiphFBCpzC0eBVRYmllCA=",
      "password_hash": "pbkdf2_sha256$600000$Nf1JSucDbGkFARSXcttRQD$N/J0GcH+3KSNcfsYbFAPOYHiphFBCpzC0eBVRYmllCA=",
      "is_active": true,
      "is_staff": false,
      "account_type": "COLLABORATOR",
      "last_login": null,
      "created_at": "2025-01-17T18:00:00Z",
      "updated_at": "2025-01-17T18:00:00Z"
    }
  },
  {
    "model": "users.user",
    "pk": "3cc4b35c-4040-4cdc-8157-7c85dc925f30",
    "fields": {
      "email": "berenice.verdier@brands.example.com",
      "first_name": "Bérénice",
      "last_name": "Verdier",
      "phone_country_code": "+33",
      "phone_number": "07000027",
      "date_of_birth": "1990-04-20",
      "email_verified": true,
      "password": "pbkdf2_sha256$600000$Nf1JSucDbGkFARSXcttRQD$N/J0GcH+3KSNcfsYbFAPOYHiphFBCpzC0eBVRYmllCA=",
      "password_hash": "pbkdf2_sha256$600000$Nf1JSucDbGkFARSXcttRQD$N/J0GcH+3KSNcfsYbFAPOYHiphFBCpzC0eBVRYmllCA=",
      "is_active": true,
      "is_staff": false,
      "account_type": "COLLABORATOR",
      "last_login": null,
      "created_at": "2025-01-17T19:00:00Z",
      "updated_at": "2025-01-17T19:00:00Z"
    }
  },
  {
    "model": "users.user",
    "pk": "2a0d875b-349e-4db0-aac0-2a6420d3057f",
    "fields": {
      "email": "cyril.gallet@brands.example.com",
      "first_name": "Cyril",
      "last_name": "Gallet",
      "phone_country_code": "+33",
      "phone_number": "07000028",
      "date_of_birth": "1990-04-20",
      "email_verified": true,
      "password": "pbkdf2_sha256$600000$Nf1JSucDbGkFARSXcttRQD$N/J0GcH+3KSNcfsYbFAPOYHiphFBCpzC0eBVRYmllCA=",
      "password_hash": "pbkdf2_sha256$600000$Nf1JSucDbGkFARSXcttRQD$N/J0GcH+3KSNcfsYbFAPOYHiphFBCpzC0eBVRYmllCA=",
      "is_active": true,
      "is_staff": false,
      "account_type": "COLLABORATOR",
      "last_login": null,
      "created_at": "2025-01-17T20:00:00Z",
      "updated_at": "2025-01-17T20:00:00Z"
    }
  },
  {
    "model": "users.user",
    "pk": "c28cf9d5-340f-4301-84cf-ff88d10d063c",
    "fields": {
      "email": "daphne.picard@brands.example.com",
      "first_name": "Daphné",
      "last_name": "Picard",
      "phone_country_code": "+33",
      "phone_number": "07000029",
      "date_of_birth": "1990-04-20",
      "email_verified": true,
      "password": "pbkdf2_sha256$600000$Nf1JSucDbGkFARSXcttRQD$N/J0GcH+3KSNcfsYbFAPOYHiphFBCpzC0eBVRYmllCA=",
      "password_hash": "pbkdf2_sha256$600000$Nf1JSucDbGkFARSXcttRQD$N/J0GcH+3KSNcfsYbFAPOYHiphFBCpzC0eBVRYmllCA=",
      "is_active": true,
      "is_staff": false,
      "account_type": "COLLABORATOR",
      "last_login": null,
      "created_at": "2025-01-17T21:00:00Z",
      "updated_at": "2025-01-17T21:00:00Z"
    }
  },
  {
    "model": "organisations.organisation",
    "pk": "266b7210-a836-4c67-8f2d-ba123437291e",
    "fields": {
      "name": "Global Sports Partners",
      "slug": "global-sports-partners",
      "owner": "bdf2390c-a64e-4592-840b-4e6156821efa",
      "type": "AGENCY",
      "industry": "Marketing sportif",
      "logo": "",
      "banner_image": "",
      "description": "Agence internationale spécialisée dans les activations multicanales.",
      "website_url": "https://global-sports.example.com",
      "email_contact": "contact@global-sports.example.com",
      "phone_contact": "+33123456789",
      "address_city": "Paris",
      "address_country": "France",
      "address_postal_code": "75008",
      "social_links": {
        "linkedin": "https://www.linkedin.com/company/global-sports"
      },
      "founded_year": 2010,
      "employees_count": 120,
      "budget_range": "500k-1M€",
      "sponsoring_focus": [
        "Activation digitale",
        "Hospitalités premium"
      ],
      "created_at": "2025-01-16T10:00:00Z",
      "updated_at": "2025-01-16T10:00:00Z"
    }
  },
  {
    "model": "organisations.collaborator",
    "pk": "b9e45c31-e705-4c56-b828-0b48d377090c",
    "fields": {
      "user": "bdf2390c-a64e-4592-840b-4e6156821efa",
      "organisation": "266b7210-a836-4c67-8f2d-ba123437291e",
      "role": "OWNER",
      "job_title": "Directrice des partenariats",
      "created_at": "2025-01-16T10:05:00Z",
      "updated_at": "2025-01-16T10:05:00Z"
    }
  },
  {
    "model": "organisations.collaborator",
    "pk": "10b48525-d937-47d5-bb0c-ac7aeddbbad4",
    "fields": {
      "user": "1615e541-68b9-4d6e-9fec-42c9b9559a7f",
      "organisation": "266b7210-a836-4c67-8f2d-ba123437291e",
      "role": "MEMBER",
      "job_title": "Responsable activation",
      "created_at": "2025-01-16T10:10:00Z",
      "updated_at": "2025-01-16T10:10:00Z"
    }
  },
  {
    "model": "organisations.collaborator",
    "pk": "d8e94186-a605-4d1f-9810-88dbeac00b05",
    "fields": {
      "user": "d3b83543-64d4-4158-8e3c-edc99849cc65",
      "organisation": "266b7210-a836-4c67-8f2d-ba123437291e",
      "role": "MEMBER",
      "job_title": "Chef de projet sponsoring",
      "created_at": "2025-01-16T10:11:00Z",
      "updated_at": "2025-01-16T10:11:00Z"
    }
  },
  {
    "model": "organisations.collaborator",
    "pk": "3a15ac31-eb2c-496d-b45b-5f5cf95d67a6",
    "fields": {
      "user": "98415c72-6d45-4c4c-b230-e53cd7c8263c",
      "organisation": "266b7210-a836-4c67-8f2d-ba123437291e",
      "role": "MEMBER",
      "job_title": "Analyste data sports",
      "created_at": "2025-01-16T10:12:00Z",
      "updated_at": "2025-01-16T10:12:00Z"
    }
  },
  {
    "model": "organisations.collaborator",
    "pk": "8f5644f4-bb34-45b3-ac08-7b41ea71f667",
    "fields": {
      "user": "c0aea5d2-f41e-4e19-943a-69c9625e0672",
      "organisation": "266b7210-a836-4c67-8f2d-ba123437291e",
      "role": "MEMBER",
      "job_title": "Chargée des relations publiques",
      "created_at": "2025-01-16T10:13:00Z",
      "updated_at": "2025-01-16T10:13:00Z"
    }
  },
  {
    "model": "organisations.collaborator",
    "pk": "ce48a98b-9c0d-4455-b8a7-34052cd96570",
    "fields": {
      "user": "87247395-4583-4d82-a1bd-9b3acc4da0a8",
      "organisation": "266b7210-a836-4c67-8f2d-ba123437291e",
      "role": "MEMBER",
      "job_title": "Coordinateur événementiel",
      "created_at": "2025-01-16T10:14:00Z",
      "updated_at": "2025-01-16T10:14:00Z"
    }
  },
  {
    "model": "organisations.collaborator",
    "pk": "4a4af713-d0e5-4ecd-8339-258537562a9d",
    "fields": {
      "user": "51d3b9da-d650-4dc1-a36d-a6e639c9ce70",
      "organisation": "266b7210-a836-4c67-8f2d-ba123437291e",
      "role": "MEMBER",
      "job_title": "Juriste contrats",
      "created_at": "2025-01-16T10:15:00Z",
      "updated_at": "2025-01-16T10:15:00Z"
    }
  },
  {
    "model": "organisations.collaborator",
    "pk": "5c125480-91d3-4596-932c-eb3375ed8dec",
    "fields": {
      "user": "7d479b83-6b77-49a0-8e4a-ddc6ec3a3cd4",
      "organisation": "266b7210-a836-4c67-8f2d-ba123437291e",
      "role": "MEMBER",
      "job_title": "Manager CRM",
      "created_at": "2025-01-16T10:16:00Z",
      "updated_at": "2025-01-16T10:16:00Z"
    }
  },
  {
    "model": "organisations.collaborator",
    "pk": "f0a4089a-1042-4b19-8fa0-7973980f9ca8",
    "fields": {
      "user": "c5083b96-0514-461b-bacd-880580aa838c",
      "organisation": "266b7210-a836-4c67-8f2d-ba123437291e",
      "role": "MEMBER",
      "job_title": "Designer créatif",
      "created_at": "2025-01-16T10:17:00Z",
      "updated_at": "2025-01-16T10:17:00Z"
    }
  },
  {
    "model": "organisations.collaborator",
    "pk": "d0dba510-9f3c-4d77-ab5e-35dfbbb08fd0",
    "fields": {
      "user": "944c3f4e-9d8a-43d4-9fa3-a42296e74213",
      "organisation": "266b7210-a836-4c67-8f2d-ba123437291e",
      "role": "MEMBER",
      "job_title": "Spécialiste réseaux sociaux",
      "created_at": "2025-01-16T10:18:00Z",
      "updated_at": "2025-01-16T10:18:00Z"
    }
  },
  {
    "model": "organisations.organisation",
    "pk": "152eec6e-04bd-461d-8e32-760dc3c27256",
    "fields": {
      "name": "HexaTech",
      "slug": "hexatech",
      "owner": "36abba7c-74f3-4636-8884-432aabd77fe3",
      "type": "STARTUP",
      "industry": "Communication",
      "logo": "",
      "banner_image": "",
      "description": "HexaTech recherche des opportunités de sponsoring ciblées.",
      "website_url": "https://hexatech.example.com",
      "email_contact": "hello@hexatech.example.com",
      "phone_contact": "+33111222333",
      "address_city": "Lyon",
      "address_country": "France",
      "address_postal_code": "69002",
      "social_links": {
        "linkedin": "https://www.linkedin.com/company/hexatech"
      },
      "founded_year": 2018,
      "employees_count": 25,
      "budget_range": "150k-300k€",
      "sponsoring_focus": [
        "Brand awareness",
        "Lancement produit"
      ],
      "created_at": "2025-01-17T10:03:00Z",
      "updated_at": "2025-01-17T10:03:00Z"
    }
  },
  {
    "model": "organisations.collaborator",
    "pk": "1fbef6fa-54f3-4c44-8a40-b86bb8e36f91",
    "fields": {
      "user": "36abba7c-74f3-4636-8884-432aabd77fe3",
      "organisation": "152eec6e-04bd-461d-8e32-760dc3c27256",
      "role": "OWNER",
      "job_title": "Responsable sponsoring",
      "created_at": "2025-01-17T10:00:00Z",
      "updated_at": "2025-01-17T10:00:00Z"
    }
  },
  {
    "model": "organisations.collaborator",
    "pk": "dbd335c7-c2c9-4ea8-88a2-45eab4ac735e",
    "fields": {
      "user": "1f401d6f-bb46-43e3-8239-08a9a53c5ae0",
      "organisation": "152eec6e-04bd-461d-8e32-760dc3c27256",
      "role": "MEMBER",
      "job_title": "Chef de projet",
      "created_at": "2025-01-17T10:01:00Z",
      "updated_at": "2025-01-17T10:01:00Z"
    }
  },
  {
    "model": "organisations.collaborator",
    "pk": "d11d383e-559a-4791-a6c2-52668ead0654",
    "fields": {
      "user": "b9e2e53d-4f03-45e8-96e3-351a1fd59488",
      "organisation": "152eec6e-04bd-461d-8e32-760dc3c27256",
      "role": "MEMBER",
      "job_title": "Analyste insights",
      "created_at": "2025-01-17T10:02:00Z",
      "updated_at": "2025-01-17T10:02:00Z"
    }
  },
  {
    "model": "organisations.organisation",
    "pk": "26958a87-0e56-4c23-848c-4c54165aaa8f",
    "fields": {
      "name": "LuxeMode",
      "slug": "luxemode",
      "owner": "64263d64-5dd7-44cf-b682-36aa36d0f965",
      "type": "BRAND",
      "industry": "Communication",
      "logo": "",
      "banner_image": "",
      "description": "LuxeMode recherche des opportunités de sponsoring ciblées.",
      "website_url": "https://luxemode.example.com",
      "email_contact": "hello@luxemode.example.com",
      "phone_contact": "+33111222333",
      "address_city": "Lyon",
      "address_country": "France",
      "address_postal_code": "69002",
      "social_links": {
        "linkedin": "https://www.linkedin.com/company/luxemode"
      },
      "founded_year": 2018,
      "employees_count": 25,
      "budget_range": "150k-300k€",
      "sponsoring_focus": [
        "Brand awareness",
        "Lancement produit"
      ],
      "created_at": "2025-01-17T10:06:00Z",
      "updated_at": "2025-01-17T10:06:00Z"
    }
  },
  {
    "model": "organisations.collaborator",
    "pk": "23eb5337-d0c9-4592-9df0-3fcd18b48492",
    "fields": {
      "user": "64263d64-5dd7-44cf-b682-36aa36d0f965",
      "organisation": "26958a87-0e56-4c23-848c-4c54165aaa8f",
      "role": "OWNER",
      "job_title": "Responsable sponsoring",
      "created_at": "2025-01-17T10:05:00Z",
      "updated_at": "2025-01-17T10:05:00Z"
    }
  },
  {
    "model": "organisations.collaborator",
    "pk": "5eaef688-9a37-4568-b244-87e37e7744ac",
    "fields": {
      "user": "101f68ab-0cf8-4611-8670-7dafe2ec50c9",
      "organisation": "26958a87-0e56-4c23-848c-4c54165aaa8f",
      "role": "MEMBER",
      "job_title": "Chef de projet",
      "created_at": "2025-01-17T10:06:00Z",
      "updated_at": "2025-01-17T10:06:00Z"
    }
  },
  {
    "model": "organisations.collaborator",
    "pk": "52023e9e-3798-44eb-86fb-8ac2ecdaf8c3",
    "fields": {
      "user": "9fc08294-1a77-43c2-b6d0-7957391959fc",
      "organisation": "26958a87-0e56-4c23-848c-4c54165aaa8f",
      "role": "MEMBER",
      "job_title": "Analyste insights",
      "created_at": "2025-01-17T10:07:00Z",
      "updated_at": "2025-01-17T10:07:00Z"
    }
  },
  {
    "model": "organisations.organisation",
    "pk": "468d61ff-3482-4010-9c1e-819c2415ddfe",
    "fields": {
      "name": "GreenEnergy",
      "slug": "greenenergy",
      "owner": "11b4ddfd-de6e-459d-b461-ee5352cb7966",
      "type": "SME",
      "industry": "Communication",
      "logo": "",
      "banner_image": "",
      "description": "GreenEnergy recherche des opportunités de sponsoring ciblées.",
      "website_url": "https://greenenergy.example.com",
      "email_contact": "hello@greenenergy.example.com",
      "phone_contact": "+33111222333",
      "address_city": "Lyon",
      "address_country": "France",
      "address_postal_code": "69002",
      "social_links": {
        "linkedin": "https://www.linkedin.com/company/greenenergy"
      },
      "founded_year": 2018,
      "employees_count": 25,
      "budget_range": "150k-300k€",
      "sponsoring_focus": [
        "Brand awareness",
        "Lancement produit"
      ],
      "created_at": "2025-01-17T10:09:00Z",
      "updated_at": "2025-01-17T10:09:00Z"
    }
  },
  {
    "model": "organisations.collaborator",
    "pk": "2466b99e-212d-44be-8abf-812a008cdfc0",
    "fields": {
      "user": "11b4ddfd-de6e-459d-b461-ee5352cb7966",
      "organisation": "468d61ff-3482-4010-9c1e-819c2415ddfe",
      "role": "OWNER",
      "job_title": "Responsable sponsoring",
      "created_at": "2025-01-17T10:10:00Z",
      "updated_at": "2025-01-17T10:10:00Z"
    }
  },
  {
    "model": "organisations.collaborator",
    "pk": "121f3488-7b73-4dce-99b2-ad186fac78a7",
    "fields": {
      "user": "62ed3836-d418-4770-a49c-7b7e26148476",
      "organisation": "468d61ff-3482-4010-9c1e-819c2415ddfe",
      "role": "MEMBER",
      "job_title": "Chef de projet",
      "created_at": "2025-01-17T10:11:00Z",
      "updated_at": "2025-01-17T10:11:00Z"
    }
  },
  {
    "model": "organisations.collaborator",
    "pk": "26879978-36a7-4744-b3fa-37ac61d40d38",
    "fields": {
      "user": "28c6f71b-d983-4ed9-98f9-dfb5a544e388",
      "organisation": "468d61ff-3482-4010-9c1e-819c2415ddfe",
      "role": "MEMBER",
      "job_title": "Analyste insights",
      "created_at": "2025-01-17T10:12:00Z",
      "updated_at": "2025-01-17T10:12:00Z"
    }
  },
  {
    "model": "organisations.organisation",
    "pk": "f9f46713-45b7-4ba6-ac30-57aa0d67589a",
    "fields": {
      "name": "Alpes Aventures",
      "slug": "alpes-aventures",
      "owner": "dd94f9ea-7d52-4a40-be69-6ade4b708264",
      "type": "ASSOCIATION",
      "industry": "Communication",
      "logo": "",
      "banner_image": "",
      "description": "Alpes Aventures recherche des opportunités de sponsoring ciblées.",
      "website_url": "https://alpes-aventures.example.com",
      "email_contact": "hello@alpes-aventures.example.com",
      "phone_contact": "+33111222333",
      "address_city": "Lyon",
      "address_country": "France",
      "address_postal_code": "69002",
      "social_links": {
        "linkedin": "https://www.linkedin.com/company/alpes-aventures"
      },
      "founded_year": 2018,
      "employees_count": 25,
      "budget_range": "150k-300k€",
      "sponsoring_focus": [
        "Brand awareness",
        "Lancement produit"
      ],
      "created_at": "2025-01-17T10:12:00Z",
      "updated_at": "2025-01-17T10:12:00Z"
    }
  },
  {
    "model": "organisations.collaborator",
    "pk": "599e8c3c-a4dd-4edd-b016-d91814e14718",
    "fields": {
      "user": "dd94f9ea-7d52-4a40-be69-6ade4b708264",
      "organisation": "f9f46713-45b7-4ba6-ac30-57aa0d67589a",
      "role": "OWNER",
      "job_title": "Responsable sponsoring",
      "created_at": "2025-01-17T10:15:00Z",
      "updated_at": "2025-01-17T10:15:00Z"
    }
  },
  {
    "model": "organisations.collaborator",
    "pk": "f5b68d51-88db-4335-8174-203cdd31e403",
    "fields": {
      "user": "72a12768-78fe-4c74-8673-b96ae876d724",
      "organisation": "f9f46713-45b7-4ba6-ac30-57aa0d67589a",
      "role": "MEMBER",
      "job_title": "Chef de projet",
      "created_at": "2025-01-17T10:16:00Z",
      "updated_at": "2025-01-17T10:16:00Z"
    }
  },
  {
    "model": "organisations.collaborator",
    "pk": "a396f385-5e8c-4b6c-a569-7eac31ac1950",
    "fields": {
      "user": "5755a5d6-ff88-4ae7-be99-65ca905194af",
      "organisation": "f9f46713-45b7-4ba6-ac30-57aa0d67589a",
      "role": "MEMBER",
      "job_title": "Analyste insights",
      "created_at": "2025-01-17T10:17:00Z",
      "updated_at": "2025-01-17T10:17:00Z"
    }
  },
  {
    "model": "organisations.organisation",
    "pk": "ba8b81c9-3def-4aed-89d5-459358e9eb00",
    "fields": {
      "name": "Digital Fans",
      "slug": "digital-fans",
      "owner": "4549ebbd-e921-491a-afe7-3f39ac13b8ca",
      "type": "STARTUP",
      "industry": "Communication",
      "logo": "",
      "banner_image": "",
      "description": "Digital Fans recherche des opportunités de sponsoring ciblées.",
      "website_url": "https://digital-fans.example.com",
      "email_contact": "hello@digital-fans.example.com",
      "phone_contact": "+33111222333",
      "address_city": "Lyon",
      "address_country": "France",
      "address_postal_code": "69002",
      "social_links": {
        "linkedin": "https://www.linkedin.com/company/digital-fans"
      },
      "founded_year": 2018,
      "employees_count": 25,
      "budget_range": "150k-300k€",
      "sponsoring_focus": [
        "Brand awareness",
        "Lancement produit"
      ],
      "created_at": "2025-01-17T10:15:00Z",
      "updated_at": "2025-01-17T10:15:00Z"
    }
  },
  {
    "model": "organisations.collaborator",
    "pk": "5a3e659d-cc53-43f1-ba90-85bc0cf7bb53",
    "fields": {
      "user": "4549ebbd-e921-491a-afe7-3f39ac13b8ca",
      "organisation": "ba8b81c9-3def-4aed-89d5-459358e9eb00",
      "role": "OWNER",
      "job_title": "Responsable sponsoring",
      "created_at": "2025-01-17T10:20:00Z",
      "updated_at": "2025-01-17T10:20:00Z"
    }
  },
  {
    "model": "organisations.collaborator",
    "pk": "7f666462-acdc-4db8-946f-616450668df6",
    "fields": {
      "user": "e410ac34-d71d-4b7e-965f-a10104cafb33",
      "organisation": "ba8b81c9-3def-4aed-89d5-459358e9eb00",
      "role": "MEMBER",
      "job_title": "Chef de projet",
      "created_at": "2025-01-17T10:21:00Z",
      "updated_at": "2025-01-17T10:21:00Z"
    }
  },
  {
    "model": "organisations.collaborator",
    "pk": "3d818421-e178-44ea-b463-e49c30c8ccad",
    "fields": {
      "user": "7693816c-a9fe-4025-af32-6c6c00f4fa3e",
      "organisation": "ba8b81c9-3def-4aed-89d5-459358e9eb00",
      "role": "MEMBER",
      "job_title": "Analyste insights",
      "created_at": "2025-01-17T10:22:00Z",
      "updated_at": "2025-01-17T10:22:00Z"
    }
  },
  {
    "model": "organisations.organisation",
    "pk": "ebea48f5-7f8c-4d23-9c2c-889f48d0f794",
    "fields": {
      "name": "Atelier Gourmand",
      "slug": "atelier-gourmand",
      "owner": "1e44e7aa-0c0f-4fa7-9a0d-1ee603159ddc",
      "type": "SME",
      "industry": "Artisanat",
      "logo": "",
      "banner_image": "",
      "description": "Atelier Gourmand explore les partenariats locaux.",
      "website_url": "https://atelier-gourmand.example.com",
      "email_contact": "contact@atelier-gourmand.example.com",
      "phone_contact": "+33455667788",
      "address_city": "Bordeaux",
      "address_country": "France",
      "address_postal_code": "33000",
      "social_links": {},
      "founded_year": 2020,
      "employees_count": 6,
      "budget_range": "20k-50k€",
      "sponsoring_focus": [
        "Visibilité locale"
      ],
      "created_at": "2025-01-18T10:24:00Z",
      "updated_at": "2025-01-18T10:24:00Z"
    }
  },
  {
    "model": "organisations.collaborator",
    "pk": "a6fcd1db-7f16-47ea-aed9-45544e8907d5",
    "fields": {
      "user": "1e44e7aa-0c0f-4fa7-9a0d-1ee603159ddc",
      "organisation": "ebea48f5-7f8c-4d23-9c2c-889f48d0f794",
      "role": "OWNER",
      "job_title": "Gérant",
      "created_at": "2025-01-18T10:00:00Z",
      "updated_at": "2025-01-18T10:00:00Z"
    }
  },
  {
    "model": "organisations.organisation",
    "pk": "701e4493-bfa4-4b30-bf48-6cde32ca077c",
    "fields": {
      "name": "Studio Nova",
      "slug": "studio-nova",
      "owner": "9d9d632d-09fc-4faa-ae07-9be65d2f8b63",
      "type": "STARTUP",
      "industry": "Artisanat",
      "logo": "",
      "banner_image": "",
      "description": "Studio Nova explore les partenariats locaux.",
      "website_url": "https://studio-nova.example.com",
      "email_contact": "contact@studio-nova.example.com",
      "phone_contact": "+33455667788",
      "address_city": "Bordeaux",
      "address_country": "France",
      "address_postal_code": "33000",
      "social_links": {},
      "founded_year": 2020,
      "employees_count": 6,
      "budget_range": "20k-50k€",
      "sponsoring_focus": [
        "Visibilité locale"
      ],
      "created_at": "2025-01-18T10:28:00Z",
      "updated_at": "2025-01-18T10:28:00Z"
    }
  },
  {
    "model": "organisations.collaborator",
    "pk": "144402d8-2635-40c4-a1ee-390402e0678a",
    "fields": {
      "user": "9d9d632d-09fc-4faa-ae07-9be65d2f8b63",
      "organisation": "701e4493-bfa4-4b30-bf48-6cde32ca077c",
      "role": "OWNER",
      "job_title": "Gérant",
      "created_at": "2025-01-18T10:06:00Z",
      "updated_at": "2025-01-18T10:06:00Z"
    }
  },
  {
    "model": "organisations.organisation",
    "pk": "0d11c9e1-1785-496b-907f-60ffa4a3c25b",
    "fields": {
      "name": "Club Urbain",
      "slug": "club-urbain",
      "owner": "3cc4b35c-4040-4cdc-8157-7c85dc925f30",
      "type": "ASSOCIATION",
      "industry": "Artisanat",
      "logo": "",
      "banner_image": "",
      "description": "Club Urbain explore les partenariats locaux.",
      "website_url": "https://club-urbain.example.com",
      "email_contact": "contact@club-urbain.example.com",
      "phone_contact": "+33455667788",
      "address_city": "Bordeaux",
      "address_country": "France",
      "address_postal_code": "33000",
      "social_links": {},
      "founded_year": 2020,
      "employees_count": 6,
      "budget_range": "20k-50k€",
      "sponsoring_focus": [
        "Visibilité locale"
      ],
      "created_at": "2025-01-18T10:32:00Z",
      "updated_at": "2025-01-18T10:32:00Z"
    }
  },
  {
    "model": "organisations.collaborator",
    "pk": "d844acc0-ed11-4957-8b9f-d17bfd1a033b",
    "fields": {
      "user": "3cc4b35c-4040-4cdc-8157-7c85dc925f30",
      "organisation": "0d11c9e1-1785-496b-907f-60ffa4a3c25b",
      "role": "OWNER",
      "job_title": "Gérant",
      "created_at": "2025-01-18T10:12:00Z",
      "updated_at": "2025-01-18T10:12:00Z"
    }
  },
  {
    "model": "organisations.organisation",
    "pk": "3a9266da-0fe2-45fb-81be-7d59811581b6",
    "fields": {
      "name": "Maison Riviera",
      "slug": "maison-riviera",
      "owner": "2a0d875b-349e-4db0-aac0-2a6420d3057f",
      "type": "BRAND",
      "industry": "Artisanat",
      "logo": "",
      "banner_image": "",
      "description": "Maison Riviera explore les partenariats locaux.",
      "website_url": "https://maison-riviera.example.com",
      "email_contact": "contact@maison-riviera.example.com",
      "phone_contact": "+33455667788",
      "address_city": "Bordeaux",
      "address_country": "France",
      "address_postal_code": "33000",
      "social_links": {},
      "founded_year": 2020,
      "employees_count": 6,
      "budget_range": "20k-50k€",
      "sponsoring_focus": [
        "Visibilité locale"
      ],
      "created_at": "2025-01-18T10:36:00Z",
      "updated_at": "2025-01-18T10:36:00Z"
    }
  },
  {
    "model": "organisations.collaborator",
    "pk": "e41d6f0d-ffc2-4031-b654-6b540ec40752",
    "fields": {
      "user": "2a0d875b-349e-4db0-aac0-2a6420d3057f",
      "organisation": "3a9266da-0fe2-45fb-81be-7d59811581b6",
      "role": "OWNER",
      "job_title": "Gérant",
      "created_at": "2025-01-18T10:18:00Z",
      "updated_at": "2025-01-18T10:18:00Z"
    }
  },
  {
    "model": "organisations.organisation",
    "pk": "f4b776d1-3fd8-420e-836b-895044132e3e",
    "fields": {
      "name": "MediaPulse",
      "slug": "mediapulse",
      "owner": "c28cf9d5-340f-4301-84cf-ff88d10d063c",
      "type": "OTHER",
      "industry": "Artisanat",
      "logo": "",
      "banner_image": "",
      "description": "MediaPulse explore les partenariats locaux.",
      "website_url": "https://mediapulse.example.com",
      "email_contact": "contact@mediapulse.example.com",
      "phone_contact": "+33455667788",
      "address_city": "Bordeaux",
      "address_country": "France",
      "address_postal_code": "33000",
      "social_links": {},
      "founded_year": 2020,
      "employees_count": 6,
      "budget_range": "20k-50k€",
      "sponsoring_focus": [
        "Visibilité locale"
      ],
      "created_at": "2025-01-18T10:40:00Z",
      "updated_at": "2025-01-18T10:40:00Z"
    }
  },
  {
    "model": "organisations.collaborator",
    "pk": "0e9e7276-0df6-4df1-bcce-462c2c55a96d",
    "fields": {
      "user": "c28cf9d5-340f-4301-84cf-ff88d10d063c",
      "organisation": "f4b776d1-3fd8-420e-836b-895044132e3e",
      "role": "OWNER",
      "job_title": "Gérant",
      "created_at": "2025-01-18T10:24:00Z",
      "updated_at": "2025-01-18T10:24:00Z"
    }
  },
  {
    "model": "payments.subscription",
    "pk": "ea07eb62-be8d-4314-b34e-9a00591db379",
    "fields": {
      "organisation": "266b7210-a836-4c67-8f2d-ba123437291e",
      "agent": null,
      "plan": [
        "org-enterprise"
      ],
      "status": "active",
      "start_at": "2024-12-31T10:00:00Z",
      "current_period_end": "2025-01-30T10:00:00Z",
      "stripe_customer_id": "cus_266b7210",
      "stripe_subscription_id": "sub_266b7210",
      "created_at": "2024-12-31T09:55:00Z",
      "updated_at": "2025-01-16T10:00:00Z"
    }
  },
  {
    "model": "payments.subscription",
    "pk": "d36aa967-9dce-403d-a317-0934d6b2414f",
    "fields": {
      "organisation": "152eec6e-04bd-461d-8e32-760dc3c27256",
      "agent": null,
      "plan": [
        "org-pro"
      ],
      "status": "active",
      "start_at": "2024-12-31T10:00:00Z",
      "current_period_end": "2025-01-30T10:00:00Z",
      "stripe_customer_id": "cus_152eec6e",
      "stripe_subscription_id": "sub_152eec6e",
      "created_at": "2024-12-31T09:55:00Z",
      "updated_at": "2025-01-16T10:00:00Z"
    }
  },
  {
    "model": "payments.subscription",
    "pk": "46c3c672-0f57-4e88-8326-e986d8900d22",
    "fields": {
      "organisation": "26958a87-0e56-4c23-848c-4c54165aaa8f",
      "agent": null,
      "plan": [
        "org-pro"
      ],
      "status": "active",
      "start_at": "2024-12-31T10:00:00Z",
      "current_period_end": "2025-01-30T10:00:00Z",
      "stripe_customer_id": "cus_26958a87",
      "stripe_subscription_id": "sub_26958a87",
      "created_at": "2024-12-31T09:55:00Z",
      "updated_at": "2025-01-16T10:00:00Z"
    }
  },
  {
    "model": "payments.subscription",
    "pk": "3ef7ba8e-3c1d-4dbb-a2eb-3116afeb1147",
    "fields": {
      "organisation": "468d61ff-3482-4010-9c1e-819c2415ddfe",
      "agent": null,
      "plan": [
        "org-pro"
      ],
      "status": "active",
      "start_at": "2024-12-31T10:00:00Z",
      "current_period_end": "2025-01-30T10:00:00Z",
      "stripe_customer_id": "cus_468d61ff",
      "stripe_subscription_id": "sub_468d61ff",
      "created_at": "2024-12-31T09:55:00Z",
      "updated_at": "2025-01-16T10:00:00Z"
    }
  },
  {
    "model": "payments.subscription",
    "pk": "818eec86-7ee7-4f8a-87ef-1f9a65da559a",
    "fields": {
      "organisation": "f9f46713-45b7-4ba6-ac30-57aa0d67589a",
      "agent": null,
      "plan": [
        "org-pro"
      ],
      "status": "active",
      "start_at": "2024-12-31T10:00:00Z",
      "current_period_end": "2025-01-30T10:00:00Z",
      "stripe_customer_id": "cus_f9f46713",
      "stripe_subscription_id": "sub_f9f46713",
      "created_at": "2024-12-31T09:55:00Z",
      "updated_at": "2025-01-16T10:00:00Z"
    }
  },
  {
    "model": "payments.subscription",
    "pk": "188215c6-3c9a-4b4d-b00c-4ad5ded0b4f0",
    "fields": {
      "organisation": "ba8b81c9-3def-4aed-89d5-459358e9eb00",
      "agent": null,
      "plan": [
        "org-pro"
      ],
      "status": "active",
      "start_at": "2024-12-31T10:00:00Z",
      "current_period_end": "2025-01-30T10:00:00Z",
      "stripe_customer_id": "cus_ba8b81c9",
      "stripe_subscription_id": "sub_ba8b81c9",
      "created_at": "2024-12-31T09:55:00Z",
      "updated_at": "2025-01-16T10:00:00Z"
    }
  },
  {
    "model": "payments.subscription",
    "pk": "52b04026-094c-4b9c-a973-78471d452e30",
    "fields": {
      "organisation": null,
      "agent": "90f0f23d-41c3-4e2a-86db-811e064f7f79",
      "plan": [
        "agent-free"
      ],
      "status": "active",
      "start_at": "2025-01-05T10:00:00Z",
      "current_period_end": "2025-02-04T10:00:00Z",
      "stripe_customer_id": "cus_agent_00",
      "stripe_subscription_id": "sub_agent_00",
      "created_at": "2025-01-05T09:30:00Z",
      "updated_at": "2025-01-20T10:00:00Z"
    }
  },
  {
    "model": "payments.subscription",
    "pk": "954303fa-0854-499f-8d0e-7f8451d08c08",
    "fields": {
      "organisation": null,
      "agent": "b629f4f5-2f47-4dba-9435-3b1482ab917a",
      "plan": [
        "agent-free"
      ],
      "status": "active",
      "start_at": "2025-01-04T10:00:00Z",
      "current_period_end": "2025-02-03T10:00:00Z",
      "stripe_customer_id": "cus_agent_01",
      "stripe_subscription_id": "sub_agent_01",
      "created_at": "2025-01-04T09:30:00Z",
      "updated_at": "2025-01-20T10:01:00Z"
    }
  },
  {
    "model": "payments.subscription",
    "pk": "a3f0a670-c17b-43c5-999b-e8637be7d287",
    "fields": {
      "organisation": null,
      "agent": "a808c267-ab0d-4be4-b78b-7fdad8c1857e",
      "plan": [
        "agent-free"
      ],
      "status": "active",
      "start_at": "2025-01-03T10:00:00Z",
      "current_period_end": "2025-02-02T10:00:00Z",
      "stripe_customer_id": "cus_agent_02",
      "stripe_subscription_id": "sub_agent_02",
      "created_at": "2025-01-03T09:30:00Z",
      "updated_at": "2025-01-20T10:02:00Z"
    }
  },
  {
    "model": "payments.subscription",
    "pk": "d2c9a247-f4b6-4bc9-8a9f-85dc6f8bf9cc",
    "fields": {
      "organisation": null,
      "agent": "b14f97bb-51e3-4830-aabe-596c92436edb",
      "plan": [
        "agent-free"
      ],
      "status": "active",
      "start_at": "2025-01-02T10:00:00Z",
      "current_period_end": "2025-02-01T10:00:00Z",
      "stripe_customer_id": "cus_agent_03",
      "stripe_subscription_id": "sub_agent_03",
      "created_at": "2025-01-02T09:30:00Z",
      "updated_at": "2025-01-20T10:03:00Z"
    }
  },
  {
    "model": "payments.subscription",
    "pk": "0a5a8b76-f5b8-41d7-a504-cd64c3ac45ce",
    "fields": {
      "organisation": null,
      "agent": "9425b294-1f72-4a84-b558-29ef19fb645d",
      "plan": [
        "agent-free"
      ],
      "status": "active",
      "start_at": "2025-01-01T10:00:00Z",
      "current_period_end": "2025-01-31T10:00:00Z",
      "stripe_customer_id": "cus_agent_04",
      "stripe_subscription_id": "sub_agent_04",
      "created_at": "2025-01-01T09:30:00Z",
      "updated_at": "2025-01-20T10:04:00Z"
    }
  },
  {
    "model": "payments.subscription",
    "pk": "71f83594-811f-4a5e-a048-f92acd499822",
    "fields": {
      "organisation": null,
      "agent": "52990987-54d0-47a3-9eaf-1448123ca597",
      "plan": [
        "agent-free"
      ],
      "status": "active",
      "start_at": "2024-12-31T10:00:00Z",
      "current_period_end": "2025-01-30T10:00:00Z",
      "stripe_customer_id": "cus_agent_05",
      "stripe_subscription_id": "sub_agent_05",
      "created_at": "2024-12-31T09:30:00Z",
      "updated_at": "2025-01-20T10:05:00Z"
    }
  },
  {
    "model": "payments.subscription",
    "pk": "31d143c3-f09b-417d-9d05-9076ca15a5e6",
    "fields": {
      "organisation": null,
      "agent": "8c5d452c-4184-4ab5-96ed-0e9f5c0d97e9",
      "plan": [
        "agent-free"
      ],
      "status": "active",
      "start_at": "2024-12-30T10:00:00Z",
      "current_period_end": "2025-01-29T10:00:00Z",
      "stripe_customer_id": "cus_agent_06",
      "stripe_subscription_id": "sub_agent_06",
      "created_at": "2024-12-30T09:30:00Z",
      "updated_at": "2025-01-20T10:06:00Z"
    }
  },
  {
    "model": "payments.subscription",
    "pk": "fb85bb09-1125-4258-985b-5a91e0411dca",
    "fields": {
      "organisation": null,
      "agent": "df86dd6b-5661-4702-b3ce-f7f5c1213ce9",
      "plan": [
        "agent-free"
      ],
      "status": "active",
      "start_at": "2024-12-29T10:00:00Z",
      "current_period_end": "2025-01-28T10:00:00Z",
      "stripe_customer_id": "cus_agent_07",
      "stripe_subscription_id": "sub_agent_07",
      "created_at": "2024-12-29T09:30:00Z",
      "updated_at": "2025-01-20T10:07:00Z"
    }
  },
  {
    "model": "payments.subscription",
    "pk": "7cf6abc3-5766-4d1f-a22f-153cb51e94f5",
    "fields": {
      "organisation": null,
      "agent": "459e5e2e-b020-45d5-a01f-9fbaeac2f75f",
      "plan": [
        "agent-free"
      ],
      "status": "active",
      "start_at": "2024-12-28T10:00:00Z",
      "current_period_end": "2025-01-27T10:00:00Z",
      "stripe_customer_id": "cus_agent_08",
      "stripe_subscription_id": "sub_agent_08",
      "created_at": "2024-12-28T09:30:00Z",
      "updated_at": "2025-01-20T10:08:00Z"
    }
  },
  {
    "model": "payments.subscription",
    "pk": "ec3abb14-b534-4c1e-9de8-42054ef2a4e5",
    "fields": {
      "organisation": null,
      "agent": "0d8ae58a-81e7-4ff3-808e-003b356b5784",
      "plan": [
        "agent-free"
      ],
      "status": "active",
      "start_at": "2024-12-27T10:00:00Z",
      "current_period_end": "2025-01-26T10:00:00Z",
      "stripe_customer_id": "cus_agent_09",
      "stripe_subscription_id": "sub_agent_09",
      "created_at": "2024-12-27T09:30:00Z",
      "updated_at": "2025-01-20T10:09:00Z"
    }
  },
  {
    "model": "payments.subscription",
    "pk": "ed828a43-780f-4b8f-9551-7adfa85747f2",
    "fields": {
      "organisation": null,
      "agent": "ad7f4dfa-d42f-4b6f-892e-2998ccad4e49",
      "plan": [
        "agent-free"
      ],
      "status": "active",
      "start_at": "2024-12-26T10:00:00Z",
      "current_period_end": "2025-01-25T10:00:00Z",
      "stripe_customer_id": "cus_agent_10",
      "stripe_subscription_id": "sub_agent_10",
      "created_at": "2024-12-26T09:30:00Z",
      "updated_at": "2025-01-20T10:10:00Z"
    }
  },
  {
    "model": "payments.subscription",
    "pk": "e53b92c3-787f-469a-a942-defb3e997a68",
    "fields": {
      "organisation": null,
      "agent": "93605cd7-463d-45a8-8406-0e22c9d10c71",
      "plan": [
        "agent-free"
      ],
      "status": "active",
      "start_at": "2024-12-25T10:00:00Z",
      "current_period_end": "2025-01-24T10:00:00Z",
      "stripe_customer_id": "cus_agent_11",
      "stripe_subscription_id": "sub_agent_11",
      "created_at": "2024-12-25T09:30:00Z",
      "updated_at": "2025-01-20T10:11:00Z"
    }
  },
  {
    "model": "payments.subscription",
    "pk": "c143955b-fb22-4f60-b24a-785e7fa93874",
    "fields": {
      "organisation": null,
      "agent": "c5cd2960-2be4-4370-a28d-db48e7669f53",
      "plan": [
        "agent-pro"
      ],
      "status": "active",
      "start_at": "2024-12-24T10:00:00Z",
      "current_period_end": "2025-01-23T10:00:00Z",
      "stripe_customer_id": "cus_agent_12",
      "stripe_subscription_id": "sub_agent_12",
      "created_at": "2024-12-24T09:30:00Z",
      "updated_at": "2025-01-20T10:12:00Z"
    }
  },
  {
    "model": "payments.subscription",
    "pk": "9dadfa8c-654b-4be7-bc77-ac05148cd9ea",
    "fields": {
      "organisation": null,
      "agent": "752f1512-fac2-43fd-9c67-ca1c666ce44e",
      "plan": [
        "agent-pro"
      ],
      "status": "active",
      "start_at": "2024-12-23T10:00:00Z",
      "current_period_end": "2025-01-22T10:00:00Z",
      "stripe_customer_id": "cus_agent_13",
      "stripe_subscription_id": "sub_agent_13",
      "created_at": "2024-12-23T09:30:00Z",
      "updated_at": "2025-01-20T10:13:00Z"
    }
  },
  {
    "model": "payments.subscription",
    "pk": "7d0ff5bb-2ffc-4b19-8b41-d0eab373a9b1",
    "fields": {
      "organisation": null,
      "agent": "97b75648-b217-437c-b2a2-0d4e34717332",
      "plan": [
        "agent-pro"
      ],
      "status": "active",
      "start_at": "2024-12-22T10:00:00Z",
      "current_period_end": "2025-01-21T10:00:00Z",
      "stripe_customer_id": "cus_agent_14",
      "stripe_subscription_id": "sub_agent_14",
      "created_at": "2024-12-22T09:30:00Z",
      "updated_at": "2025-01-20T10:14:00Z"
    }
  },
  {
    "model": "payments.subscription",
    "pk": "0d2e9deb-f5ab-4d34-adb9-41c2607e41d0",
    "fields": {
      "organisation": null,
      "agent": "5b6f6d8b-d446-40ac-80e2-465e9e71dd39",
      "plan": [
        "agent-agency"
      ],
      "status": "active",
      "start_at": "2024-12-21T10:00:00Z",
      "current_period_end": "2025-01-20T10:00:00Z",
      "stripe_customer_id": "cus_agent_15",
      "stripe_subscription_id": "sub_agent_15",
      "created_at": "2024-12-21T09:30:00Z",
      "updated_at": "2025-01-20T10:15:00Z"
    }
  },
  {
    "model": "payments.subscription",
    "pk": "12df753b-b354-44e9-b098-5b008fd69f19",
    "fields": {
      "organisation": null,
      "agent": "7058ba9d-7809-483b-9089-f7eac6322aff",
      "plan": [
        "agent-pro"
      ],
      "status": "active",
      "start_at": "2024-12-20T10:00:00Z",
      "current_period_end": "2025-01-19T10:00:00Z",
      "stripe_customer_id": "cus_agent_16",
      "stripe_subscription_id": "sub_agent_16",
      "created_at": "2024-12-20T09:30:00Z",
      "updated_at": "2025-01-20T10:16:00Z"
    }
  },
  {
    "model": "payments.subscription",
    "pk": "e69b64c1-bcd8-4dec-baef-74183b98d093",
    "fields": {
      "organisation": null,
      "agent": "e467e9ed-a852-49e7-96aa-b5a49d1fa1c0",
      "plan": [
        "agent-pro"
      ],
      "status": "active",
      "start_at": "2024-12-19T10:00:00Z",
      "current_period_end": "2025-01-18T10:00:00Z",
      "stripe_customer_id": "cus_agent_17",
      "stripe_subscription_id": "sub_agent_17",
      "created_at": "2024-12-19T09:30:00Z",
      "updated_at": "2025-01-20T10:17:00Z"
    }
  },
  {
    "model": "payments.subscription",
    "pk": "15b3ef9a-efc7-438e-8ade-95aa4d6f66f2",
    "fields": {
      "organisation": null,
      "agent": "a00679ca-3855-4158-948e-4f1551325afa",
      "plan": [
        "agent-free"
      ],
      "status": "active",
      "start_at": "2024-12-18T10:00:00Z",
      "current_period_end": "2025-01-17T10:00:00Z",
      "stripe_customer_id": "cus_agent_18",
      "stripe_subscription_id": "sub_agent_18",
      "created_at": "2024-12-18T09:30:00Z",
      "updated_at": "2025-01-20T10:18:00Z"
    }
  },
  {
    "model": "payments.subscription",
    "pk": "7bbf6b53-f1c8-46ff-998c-24e86956661b",
    "fields": {
      "organisation": null,
      "agent": "ff6009d1-3fe7-4504-a184-6bad81ddaa6a",
      "plan": [
        "agent-free"
      ],
      "status": "active",
      "start_at": "2024-12-17T10:00:00Z",
      "current_period_end": "2025-01-16T10:00:00Z",
      "stripe_customer_id": "cus_agent_19",
      "stripe_subscription_id": "sub_agent_19",
      "created_at": "2024-12-17T09:30:00Z",
      "updated_at": "2025-01-20T10:19:00Z"
    }
  },
  {
    "model": "athletes.athlete",
    "pk": "8957196d-8d8d-4db6-b8c6-9740bbe21fd4",
    "fields": {
      "sport": "e158c5e5-121c-4299-945c-b7296c3a01ba",
      "agent": "90f0f23d-41c3-4e2a-86db-811e064f7f79",
      "full_name": "Alice Dupont",
      "slug": "alice-dupont-0",
      "birth_date": "1990-01-15",
      "nationality": "France",
      "country": "France",
      "city": "Paris",
      "bio": "Athlète professionnel(le) avec un palmarès reconnu sur la scène internationale.",
      "social_links": {
        "instagram": "https://instagram.com/alicedupont",
        "twitter": "https://twitter.com/alice"
      },
      "followers_count_cached": 15000,
      "engagement_rate_cached": "3.00",
      "avatar": "",
      "created_at": "2025-01-20T10:00:00Z",
      "updated_at": "2025-01-20T10:00:00Z"
    }
  },
  {
    "model": "athletes.athlete",
    "pk": "342fd112-348a-43ff-a930-e3bab1a61b24",
    "fields": {
      "sport": "acd830eb-1c31-4693-8328-f2f0ba04faee",
      "agent": "b629f4f5-2f47-4dba-9435-3b1482ab917a",
      "full_name": "Bruno Martin",
      "slug": "bruno-martin-1",
      "birth_date": "1991-02-15",
      "nationality": "Belgique",
      "country": "Belgique",
      "city": "Lyon",
      "bio": "Athlète professionnel(le) avec un palmarès reconnu sur la scène internationale.",
      "social_links": {
        "instagram": "https://instagram.com/brunomartin",
        "twitter": "https://twitter.com/bruno"
      },
      "followers_count_cached": 16200,
      "engagement_rate_cached": "3.01",
      "avatar": "",
      "created_at": "2025-01-20T10:01:00Z",
      "updated_at": "2025-01-20T10:01:00Z"
    }
  },
  {
    "model": "athletes.athlete",
    "pk": "7c81c893-32f6-4010-bf15-2b591e42e8ec",
    "fields": {
      "sport": "fceed976-11bd-47b8-a3e2-393225edccc6",
      "agent": "a808c267-ab0d-4be4-b78b-7fdad8c1857e",
      "full_name": "Chloé Laurent",
      "slug": "chloé-laurent-2",
      "birth_date": "1992-03-15",
      "nationality": "Suisse",
      "country": "Suisse",
      "city": "Nice",
      "bio": "Athlète professionnel(le) avec un palmarès reconnu sur la scène internationale.",
      "social_links": {
        "instagram": "https://instagram.com/chloélaurent",
        "twitter": "https://twitter.com/chloé"
      },
      "followers_count_cached": 17400,
      "engagement_rate_cached": "3.02",
      "avatar": "",
      "created_at": "2025-01-20T10:02:00Z",
      "updated_at": "2025-01-20T10:02:00Z"
    }
  },
  {
    "model": "athletes.athlete",
    "pk": "21d10556-e808-457b-b9d4-6af94450fa86",
    "fields": {
      "sport": "bd587181-4c0d-461a-9579-fe4846a64c7a",
      "agent": "b14f97bb-51e3-4830-aabe-596c92436edb",
      "full_name": "David Bernard",
      "slug": "david-bernard-3",
      "birth_date": "1993-04-15",
      "nationality": "Espagne",
      "country": "Espagne",
      "city": "Toulouse",
      "bio": "Athlète professionnel(le) avec un palmarès reconnu sur la scène internationale.",
      "social_links": {
        "instagram": "https://instagram.com/davidbernard",
        "twitter": "https://twitter.com/david"
      },
      "followers_count_cached": 18600,
      "engagement_rate_cached": "3.03",
      "avatar": "",
      "created_at": "2025-01-20T10:03:00Z",
      "updated_at": "2025-01-20T10:03:00Z"
    }
  },
  {
    "model": "athletes.athlete",
    "pk": "aeee2363-d802-42a6-9651-0399731e8abb",
    "fields": {
      "sport": "1a960c81-aba6-4eac-9aaf-f9541efe44fc",
      "agent": "9425b294-1f72-4a84-b558-29ef19fb645d",
      "full_name": "Emma Girard",
      "slug": "emma-girard-4",
      "birth_date": "1994-05-15",
      "nationality": "Italie",
      "country": "Italie",
      "city": "Bordeaux",
      "bio": "Athlète professionnel(le) avec un palmarès reconnu sur la scène internationale.",
      "social_links": {
        "instagram": "https://instagram.com/emmagirard",
        "twitter": "https://twitter.com/emma"
      },
      "followers_count_cached": 19800,
      "engagement_rate_cached": "3.04",
      "avatar": "",
      "created_at": "2025-01-20T10:04:00Z",
      "updated_at": "2025-01-20T10:04:00Z"
    }
  },
  {
    "model": "athletes.athlete",
    "pk": "fccb3e81-62f1-461c-9e16-2fcd1976aeb2",
    "fields": {
      "sport": "73a668e3-69aa-4795-86b9-20335abb120f",
      "agent": "52990987-54d0-47a3-9eaf-1448123ca597",
      "full_name": "Fabien Moreau",
      "slug": "fabien-moreau-5",
      "birth_date": "1995-06-15",
      "nationality": "Allemagne",
      "country": "Allemagne",
      "city": "Marseille",
      "bio": "Athlète professionnel(le) avec un palmarès reconnu sur la scène internationale.",
      "social_links": {
        "instagram": "https://instagram.com/fabienmoreau",
        "twitter": "https://twitter.com/fabien"
      },
      "followers_count_cached": 21000,
      "engagement_rate_cached": "3.05",
      "avatar": "",
      "created_at": "2025-01-20T10:05:00Z",
      "updated_at": "2025-01-20T10:05:00Z"
    }
  },
  {
    "model": "athletes.athlete",
    "pk": "09f5c15d-fd83-450a-abb5-214ebda332d1",
    "fields": {
      "sport": "b54b9ff5-7c11-45ab-b3a8-34e1e233d31e",
      "agent": "8c5d452c-4184-4ab5-96ed-0e9f5c0d97e9",
      "full_name": "Gaëlle Robert",
      "slug": "gaëlle-robert-6",
      "birth_date": "1996-07-15",
      "nationality": "France",
      "country": "France",
      "city": "Paris",
      "bio": "Athlète professionnel(le) avec un palmarès reconnu sur la scène internationale.",
      "social_links": {
        "instagram": "https://instagram.com/gaëllerobert",
        "twitter": "https://twitter.com/gaëlle"
      },
      "followers_count_cached": 22200,
      "engagement_rate_cached": "3.06",
      "avatar": "",
      "created_at": "2025-01-20T10:06:00Z",
      "updated_at": "2025-01-20T10:06:00Z"
    }
  },
  {
    "model": "athletes.athlete",
    "pk": "50cd1d39-9092-4e87-9c53-2139642b2648",
    "fields": {
      "sport": "bbe04c86-4cec-4f8c-860a-0ee9d69e0a29",
      "agent": "df86dd6b-5661-4702-b3ce-f7f5c1213ce9",
      "full_name": "Milan Ortega",
      "slug": "milan-ortega-7",
      "birth_date": "1997-08-15",
      "nationality": "Belgique",
      "country": "Belgique",
      "city": "Lyon",
      "bio": "Athlète professionnel(le) avec un palmarès reconnu sur la scène internationale.",
      "social_links": {
        "instagram": "https://instagram.com/milanortega",
        "twitter": "https://twitter.com/milan"
      },
      "followers_count_cached": 23400,
      "engagement_rate_cached": "3.07",
      "avatar": "",
      "created_at": "2025-01-20T10:07:00Z",
      "updated_at": "2025-01-20T10:07:00Z"
    }
  },
  {
    "model": "athletes.athlete",
    "pk": "f32df95f-6548-4f66-8307-ff15594ce7db",
    "fields": {
      "sport": "c14dc609-1700-4f2e-842f-3fb151617975",
      "agent": "459e5e2e-b020-45d5-a01f-9fbaeac2f75f",
      "full_name": "Yara Benali",
      "slug": "yara-benali-8",
      "birth_date": "1998-09-15",
      "nationality": "Suisse",
      "country": "Suisse",
      "city": "Nice",
      "bio": "Athlète professionnel(le) avec un palmarès reconnu sur la scène internationale.",
      "social_links": {
        "instagram": "https://instagram.com/yarabenali",
        "twitter": "https://twitter.com/yara"
      },
      "followers_count_cached": 24600,
      "engagement_rate_cached": "3.08",
      "avatar": "",
      "created_at": "2025-01-20T10:08:00Z",
      "updated_at": "2025-01-20T10:08:00Z"
    }
  },
  {
    "model": "athletes.athlete",
    "pk": "47c836e8-1d93-44ce-b4c2-3bad729d7d43",
    "fields": {
      "sport": "abae5068-715c-49bb-a07f-f225f03f8422",
      "agent": "0d8ae58a-81e7-4ff3-808e-003b356b5784",
      "full_name": "Theo Ricard",
      "slug": "theo-ricard-9",
      "birth_date": "1999-01-15",
      "nationality": "Espagne",
      "country": "Espagne",
      "city": "Toulouse",
      "bio": "Athlète professionnel(le) avec un palmarès reconnu sur la scène internationale.",
      "social_links": {
        "instagram": "https://instagram.com/theoricard",
        "twitter": "https://twitter.com/theo"
      },
      "followers_count_cached": 25800,
      "engagement_rate_cached": "3.09",
      "avatar": "",
      "created_at": "2025-01-20T10:09:00Z",
      "updated_at": "2025-01-20T10:09:00Z"
    }
  },
  {
    "model": "athletes.athlete",
    "pk": "7eef6958-f898-49a2-a373-62b126215296",
    "fields": {
      "sport": "e158c5e5-121c-4299-945c-b7296c3a01ba",
      "agent": "ad7f4dfa-d42f-4b6f-892e-2998ccad4e49",
      "full_name": "Selena Kone",
      "slug": "selena-kone-10",
      "birth_date": "1990-02-15",
      "nationality": "Italie",
      "country": "Italie",
      "city": "Bordeaux",
      "bio": "Athlète professionnel(le) avec un palmarès reconnu sur la scène internationale.",
      "social_links": {
        "instagram": "https://instagram.com/selenakone",
        "twitter": "https://twitter.com/selena"
      },
      "followers_count_cached": 27000,
      "engagement_rate_cached": "3.10",
      "avatar": "",
      "created_at": "2025-01-20T10:10:00Z",
      "updated_at": "2025-01-20T10:10:00Z"
    }
  },
  {
    "model": "athletes.athlete",
    "pk": "c8170458-954e-4638-8e3f-2f9b846b0ccc",
    "fields": {
      "sport": "acd830eb-1c31-4693-8328-f2f0ba04faee",
      "agent": "93605cd7-463d-45a8-8406-0e22c9d10c71",
      "full_name": "Jonas Kramer",
      "slug": "jonas-kramer-11",
      "birth_date": "1991-03-15",
      "nationality": "Allemagne",
      "country": "Allemagne",
      "city": "Marseille",
      "bio": "Athlète professionnel(le) avec un palmarès reconnu sur la scène internationale.",
      "social_links": {
        "instagram": "https://instagram.com/jonaskramer",
        "twitter": "https://twitter.com/jonas"
      },
      "followers_count_cached": 28200,
      "engagement_rate_cached": "3.11",
      "avatar": "",
      "created_at": "2025-01-20T10:11:00Z",
      "updated_at": "2025-01-20T10:11:00Z"
    }
  },
  {
    "model": "athletes.athlete",
    "pk": "b12e9072-98bd-4a10-9b0a-75b4df0a2f6c",
    "fields": {
      "sport": "fceed976-11bd-47b8-a3e2-393225edccc6",
      "agent": "c5cd2960-2be4-4370-a28d-db48e7669f53",
      "full_name": "Ingrid Meyer",
      "slug": "ingrid-meyer-12",
      "birth_date": "1992-04-15",
      "nationality": "France",
      "country": "France",
      "city": "Paris",
      "bio": "Athlète professionnel(le) avec un palmarès reconnu sur la scène internationale.",
      "social_links": {
        "instagram": "https://instagram.com/ingridmeyer",
        "twitter": "https://twitter.com/ingrid"
      },
      "followers_count_cached": 29400,
      "engagement_rate_cached": "3.12",
      "avatar": "",
      "created_at": "2025-01-20T10:12:00Z",
      "updated_at": "2025-01-20T10:12:00Z"
    }
  },
  {
    "model": "athletes.athlete",
    "pk": "cc9fed57-0b24-48eb-b3bb-9a7ecf354d4c",
    "fields": {
      "sport": "bd587181-4c0d-461a-9579-fe4846a64c7a",
      "agent": "c5cd2960-2be4-4370-a28d-db48e7669f53",
      "full_name": "Lucas Vidal",
      "slug": "lucas-vidal-13",
      "birth_date": "1993-05-15",
      "nationality": "Belgique",
      "country": "Belgique",
      "city": "Lyon",
      "bio": "Athlète professionnel(le) avec un palmarès reconnu sur la scène internationale.",
      "social_links": {
        "instagram": "https://instagram.com/lucasvidal",
        "twitter": "https://twitter.com/lucas"
      },
      "followers_count_cached": 30600,
      "engagement_rate_cached": "3.13",
      "avatar": "",
      "created_at": "2025-01-20T10:13:00Z",
      "updated_at": "2025-01-20T10:13:00Z"
    }
  },
  {
    "model": "athletes.athlete",
    "pk": "7e4f9cac-11d1-41ca-8799-b53ae59d60ad",
    "fields": {
      "sport": "1a960c81-aba6-4eac-9aaf-f9541efe44fc",
      "agent": "c5cd2960-2be4-4370-a28d-db48e7669f53",
      "full_name": "Maya Sato",
      "slug": "maya-sato-14",
      "birth_date": "1994-06-15",
      "nationality": "Suisse",
      "country": "Suisse",
      "city": "Nice",
      "bio": "Athlète professionnel(le) avec un palmarès reconnu sur la scène internationale.",
      "social_links": {
        "instagram": "https://instagram.com/mayasato",
        "twitter": "https://twitter.com/maya"
      },
      "followers_count_cached": 31800,
      "engagement_rate_cached": "3.14",
      "avatar": "",
      "created_at": "2025-01-20T10:14:00Z",
      "updated_at": "2025-01-20T10:14:00Z"
    }
  },
  {
    "model": "athletes.athlete",
    "pk": "90870693-cf8a-480f-878e-f3c043b27bfe",
    "fields": {
      "sport": "73a668e3-69aa-4795-86b9-20335abb120f",
      "agent": "c5cd2960-2be4-4370-a28d-db48e7669f53",
      "full_name": "Noah Fischer",
      "slug": "noah-fischer-15",
      "birth_date": "1995-07-15",
      "nationality": "Espagne",
      "country": "Espagne",
      "city": "Toulouse",
      "bio": "Athlète professionnel(le) avec un palmarès reconnu sur la scène internationale.",
      "social_links": {
        "instagram": "https://instagram.com/noahfischer",
        "twitter": "https://twitter.com/noah"
      },
      "followers_count_cached": 33000,
      "engagement_rate_cached": "3.15",
      "avatar": "",
      "created_at": "2025-01-20T10:15:00Z",
      "updated_at": "2025-01-20T10:15:00Z"
    }
  },
  {
    "model": "athletes.athlete",
    "pk": "e3d2d73d-3674-49a3-a854-6bc4f1bc1d79",
    "fields": {
      "sport": "b54b9ff5-7c11-45ab-b3a8-34e1e233d31e",
      "agent": "c5cd2960-2be4-4370-a28d-db48e7669f53",
      "full_name": "Clara Jensen",
      "slug": "clara-jensen-16",
      "birth_date": "1996-08-15",
      "nationality": "Italie",
      "country": "Italie",
      "city": "Bordeaux",
      "bio": "Athlète professionnel(le) avec un palmarès reconnu sur la scène internationale.",
      "social_links": {
        "instagram": "https://instagram.com/clarajensen",
        "twitter": "https://twitter.com/clara"
      },
      "followers_count_cached": 34200,
      "engagement_rate_cached": "3.16",
      "avatar": "",
      "created_at": "2025-01-20T10:16:00Z",
      "updated_at": "2025-01-20T10:16:00Z"
    }
  },
  {
    "model": "athletes.athlete",
    "pk": "69b20d3a-3762-4b84-8a7f-9c6d34f8593d",
    "fields": {
      "sport": "bbe04c86-4cec-4f8c-860a-0ee9d69e0a29",
      "agent": "752f1512-fac2-43fd-9c67-ca1c666ce44e",
      "full_name": "Rafael Costa",
      "slug": "rafael-costa-17",
      "birth_date": "1997-09-15",
      "nationality": "Allemagne",
      "country": "Allemagne",
      "city": "Marseille",
      "bio": "Athlète professionnel(le) avec un palmarès reconnu sur la scène internationale.",
      "social_links": {
        "instagram": "https://instagram.com/rafaelcosta",
        "twitter": "https://twitter.com/rafael"
      },
      "followers_count_cached": 35400,
      "engagement_rate_cached": "3.17",
      "avatar": "",
      "created_at": "2025-01-20T10:17:00Z",
      "updated_at": "2025-01-20T10:17:00Z"
    }
  },
  {
    "model": "athletes.athlete",
    "pk": "e3511b1e-9d85-4e72-a6c6-a6857fd39f87",
    "fields": {
      "sport": "c14dc609-1700-4f2e-842f-3fb151617975",
      "agent": "752f1512-fac2-43fd-9c67-ca1c666ce44e",
      "full_name": "Lucie Moretti",
      "slug": "lucie-moretti-18",
      "birth_date": "1998-01-15",
      "nationality": "France",
      "country": "France",
      "city": "Paris",
      "bio": "Athlète professionnel(le) avec un palmarès reconnu sur la scène internationale.",
      "social_links": {
        "instagram": "https://instagram.com/luciemoretti",
        "twitter": "https://twitter.com/lucie"
      },
      "followers_count_cached": 36600,
      "engagement_rate_cached": "3.18",
      "avatar": "",
      "created_at": "2025-01-20T10:18:00Z",
      "updated_at": "2025-01-20T10:18:00Z"
    }
  },
  {
    "model": "athletes.athlete",
    "pk": "1bffd38c-6157-47e2-a88d-5ba6a67c7b33",
    "fields": {
      "sport": "abae5068-715c-49bb-a07f-f225f03f8422",
      "agent": "752f1512-fac2-43fd-9c67-ca1c666ce44e",
      "full_name": "Amira Idrissi",
      "slug": "amira-idrissi-19",
      "birth_date": "1999-02-15",
      "nationality": "Belgique",
      "country": "Belgique",
      "city": "Lyon",
      "bio": "Athlète professionnel(le) avec un palmarès reconnu sur la scène internationale.",
      "social_links": {
        "instagram": "https://instagram.com/amiraidrissi",
        "twitter": "https://twitter.com/amira"
      },
      "followers_count_cached": 37800,
      "engagement_rate_cached": "3.19",
      "avatar": "",
      "created_at": "2025-01-20T10:19:00Z",
      "updated_at": "2025-01-20T10:19:00Z"
    }
  },
  {
    "model": "athletes.athlete",
    "pk": "ad43dd28-66ae-4cd7-aed5-e3d661ce4bda",
    "fields": {
      "sport": "e158c5e5-121c-4299-945c-b7296c3a01ba",
      "agent": "752f1512-fac2-43fd-9c67-ca1c666ce44e",
      "full_name": "Victor Da Silva",
      "slug": "victor-da-silva-20",
      "birth_date": "1990-03-15",
      "nationality": "Suisse",
      "country": "Suisse",
      "city": "Nice",
      "bio": "Athlète professionnel(le) avec un palmarès reconnu sur la scène internationale.",
      "social_links": {
        "instagram": "https://instagram.com/victordasilva",
        "twitter": "https://twitter.com/victor"
      },
      "followers_count_cached": 39000,
      "engagement_rate_cached": "3.20",
      "avatar": "",
      "created_at": "2025-01-20T10:20:00Z",
      "updated_at": "2025-01-20T10:20:00Z"
    }
  },
  {
    "model": "athletes.athlete",
    "pk": "47b35365-c0af-4d06-bbe4-0c025d5f2e1f",
    "fields": {
      "sport": "acd830eb-1c31-4693-8328-f2f0ba04faee",
      "agent": "752f1512-fac2-43fd-9c67-ca1c666ce44e",
      "full_name": "Elena Popov",
      "slug": "elena-popov-21",
      "birth_date": "1991-04-15",
      "nationality": "Espagne",
      "country": "Espagne",
      "city": "Toulouse",
      "bio": "Athlète professionnel(le) avec un palmarès reconnu sur la scène internationale.",
      "social_links": {
        "instagram": "https://instagram.com/elenapopov",
        "twitter": "https://twitter.com/elena"
      },
      "followers_count_cached": 40200,
      "engagement_rate_cached": "3.21",
      "avatar": "",
      "created_at": "2025-01-20T10:21:00Z",
      "updated_at": "2025-01-20T10:21:00Z"
    }
  },
  {
    "model": "athletes.athlete",
    "pk": "3abf0a13-ef80-43d9-9ce9-73882684de53",
    "fields": {
      "sport": "fceed976-11bd-47b8-a3e2-393225edccc6",
      "agent": "97b75648-b217-437c-b2a2-0d4e34717332",
      "full_name": "Jules Lambert",
      "slug": "jules-lambert-22",
      "birth_date": "1992-05-15",
      "nationality": "Italie",
      "country": "Italie",
      "city": "Bordeaux",
      "bio": "Athlète professionnel(le) avec un palmarès reconnu sur la scène internationale.",
      "social_links": {
        "instagram": "https://instagram.com/juleslambert",
        "twitter": "https://twitter.com/jules"
      },
      "followers_count_cached": 41400,
      "engagement_rate_cached": "3.22",
      "avatar": "",
      "created_at": "2025-01-20T10:22:00Z",
      "updated_at": "2025-01-20T10:22:00Z"
    }
  },
  {
    "model": "athletes.athlete",
    "pk": "6d082b5b-9fca-4dc8-9fd9-100e1c0ccb9f",
    "fields": {
      "sport": "bd587181-4c0d-461a-9579-fe4846a64c7a",
      "agent": "97b75648-b217-437c-b2a2-0d4e34717332",
      "full_name": "Sofia Romano",
      "slug": "sofia-romano-23",
      "birth_date": "1993-06-15",
      "nationality": "Allemagne",
      "country": "Allemagne",
      "city": "Marseille",
      "bio": "Athlète professionnel(le) avec un palmarès reconnu sur la scène internationale.",
      "social_links": {
        "instagram": "https://instagram.com/sofiaromano",
        "twitter": "https://twitter.com/sofia"
      },
      "followers_count_cached": 42600,
      "engagement_rate_cached": "3.23",
      "avatar": "",
      "created_at": "2025-01-20T10:23:00Z",
      "updated_at": "2025-01-20T10:23:00Z"
    }
  },
  {
    "model": "athletes.athlete",
    "pk": "67160e86-85a9-4482-8e7f-0292fbac9710",
    "fields": {
      "sport": "1a960c81-aba6-4eac-9aaf-f9541efe44fc",
      "agent": "97b75648-b217-437c-b2a2-0d4e34717332",
      "full_name": "Tobias Keller",
      "slug": "tobias-keller-24",
      "birth_date": "1994-07-15",
      "nationality": "France",
      "country": "France",
      "city": "Paris",
      "bio": "Athlète professionnel(le) avec un palmarès reconnu sur la scène internationale.",
      "social_links": {
        "instagram": "https://instagram.com/tobiaskeller",
        "twitter": "https://twitter.com/tobias"
      },
      "followers_count_cached": 43800,
      "engagement_rate_cached": "3.24",
      "avatar": "",
      "created_at": "2025-01-20T10:24:00Z",
      "updated_at": "2025-01-20T10:24:00Z"
    }
  },
  {
    "model": "athletes.athlete",
    "pk": "14b5bb34-f91f-4430-917b-affd3b5eb239",
    "fields": {
      "sport": "73a668e3-69aa-4795-86b9-20335abb120f",
      "agent": "97b75648-b217-437c-b2a2-0d4e34717332",
      "full_name": "Hanna Schultz",
      "slug": "hanna-schultz-25",
      "birth_date": "1995-08-15",
      "nationality": "Belgique",
      "country": "Belgique",
      "city": "Lyon",
      "bio": "Athlète professionnel(le) avec un palmarès reconnu sur la scène internationale.",
      "social_links": {
        "instagram": "https://instagram.com/hannaschultz",
        "twitter": "https://twitter.com/hanna"
      },
      "followers_count_cached": 45000,
      "engagement_rate_cached": "3.25",
      "avatar": "",
      "created_at": "2025-01-20T10:25:00Z",
      "updated_at": "2025-01-20T10:25:00Z"
    }
  },
  {
    "model": "athletes.athlete",
    "pk": "2b97c04e-124a-40a9-af3b-e6b86d434e0a",
    "fields": {
      "sport": "b54b9ff5-7c11-45ab-b3a8-34e1e233d31e",
      "agent": "97b75648-b217-437c-b2a2-0d4e34717332",
      "full_name": "Ivy McKenna",
      "slug": "ivy-mckenna-26",
      "birth_date": "1996-09-15",
      "nationality": "Suisse",
      "country": "Suisse",
      "city": "Nice",
      "bio": "Athlète professionnel(le) avec un palmarès reconnu sur la scène internationale.",
      "social_links": {
        "instagram": "https://instagram.com/ivymckenna",
        "twitter": "https://twitter.com/ivy"
      },
      "followers_count_cached": 46200,
      "engagement_rate_cached": "3.26",
      "avatar": "",
      "created_at": "2025-01-20T10:26:00Z",
      "updated_at": "2025-01-20T10:26:00Z"
    }
  },
  {
    "model": "athletes.athlete",
    "pk": "5326e898-ef01-4f26-9886-9397dd1baf9c",
    "fields": {
      "sport": "bbe04c86-4cec-4f8c-860a-0ee9d69e0a29",
      "agent": "5b6f6d8b-d446-40ac-80e2-465e9e71dd39",
      "full_name": "Leo Andersson",
      "slug": "leo-andersson-27",
      "birth_date": "1997-01-15",
      "nationality": "Espagne",
      "country": "Espagne",
      "city": "Toulouse",
      "bio": "Athlète professionnel(le) avec un palmarès reconnu sur la scène internationale.",
      "social_links": {
        "instagram": "https://instagram.com/leoandersson",
        "twitter": "https://twitter.com/leo"
      },
      "followers_count_cached": 47400,
      "engagement_rate_cached": "3.27",
      "avatar": "",
      "created_at": "2025-01-20T10:27:00Z",
      "updated_at": "2025-01-20T10:27:00Z"
    }
  },
  {
    "model": "athletes.athlete",
    "pk": "5e7c7cfd-d9ef-4bad-8d82-03fd9e7b6b2e",
    "fields": {
      "sport": "c14dc609-1700-4f2e-842f-3fb151617975",
      "agent": "5b6f6d8b-d446-40ac-80e2-465e9e71dd39",
      "full_name": "Aisha Diallo",
      "slug": "aisha-diallo-28",
      "birth_date": "1998-02-15",
      "nationality": "Italie",
      "country": "Italie",
      "city": "Bordeaux",
      "bio": "Athlète professionnel(le) avec un palmarès reconnu sur la scène internationale.",
      "social_links": {
        "instagram": "https://instagram.com/aishadiallo",
        "twitter": "https://twitter.com/aisha"
      },
      "followers_count_cached": 48600,
      "engagement_rate_cached": "3.28",
      "avatar": "",
      "created_at": "2025-01-20T10:28:00Z",
      "updated_at": "2025-01-20T10:28:00Z"
    }
  },
  {
    "model": "athletes.athlete",
    "pk": "1efc3238-53bf-41d9-a796-6025ee97cf02",
    "fields": {
      "sport": "abae5068-715c-49bb-a07f-f225f03f8422",
      "agent": "5b6f6d8b-d446-40ac-80e2-465e9e71dd39",
      "full_name": "Jonah Clarke",
      "slug": "jonah-clarke-29",
      "birth_date": "1999-03-15",
      "nationality": "Allemagne",
      "country": "Allemagne",
      "city": "Marseille",
      "bio": "Athlète professionnel(le) avec un palmarès reconnu sur la scène internationale.",
      "social_links": {
        "instagram": "https://instagram.com/jonahclarke",
        "twitter": "https://twitter.com/jonah"
      },
      "followers_count_cached": 49800,
      "engagement_rate_cached": "3.29",
      "avatar": "",
      "created_at": "2025-01-20T10:29:00Z",
      "updated_at": "2025-01-20T10:29:00Z"
    }
  },
  {
    "model": "athletes.athlete",
    "pk": "8b810e0f-1731-4ec4-8887-fde14024bfab",
    "fields": {
      "sport": "e158c5e5-121c-4299-945c-b7296c3a01ba",
      "agent": "5b6f6d8b-d446-40ac-80e2-465e9e71dd39",
      "full_name": "Mira Novak",
      "slug": "mira-novak-30",
      "birth_date": "1990-04-15",
      "nationality": "France",
      "country": "France",
      "city": "Paris",
      "bio": "Athlète professionnel(le) avec un palmarès reconnu sur la scène internationale.",
      "social_links": {
        "instagram": "https://instagram.com/miranovak",
        "twitter": "https://twitter.com/mira"
      },
      "followers_count_cached": 51000,
      "engagement_rate_cached": "3.30",
      "avatar": "",
      "created_at": "2025-01-20T10:30:00Z",
      "updated_at": "2025-01-20T10:30:00Z"
    }
  },
  {
    "model": "athletes.athlete",
    "pk": "3ea8a6a5-307e-4c29-aede-ef98d41b0858",
    "fields": {
      "sport": "acd830eb-1c31-4693-8328-f2f0ba04faee",
      "agent": "5b6f6d8b-d446-40ac-80e2-465e9e71dd39",
      "full_name": "Pavel Horvat",
      "slug": "pavel-horvat-31",
      "birth_date": "1991-05-15",
      "nationality": "Belgique",
      "country": "Belgique",
      "city": "Lyon",
      "bio": "Athlète professionnel(le) avec un palmarès reconnu sur la scène internationale.",
      "social_links": {
        "instagram": "https://instagram.com/pavelhorvat",
        "twitter": "https://twitter.com/pavel"
      },
      "followers_count_cached": 52200,
      "engagement_rate_cached": "3.31",
      "avatar": "",
      "created_at": "2025-01-20T10:31:00Z",
      "updated_at": "2025-01-20T10:31:00Z"
    }
  },
  {
    "model": "athletes.athlete",
    "pk": "d92e7e70-0655-4c6b-bfd9-0a5472394be8",
    "fields": {
      "sport": "fceed976-11bd-47b8-a3e2-393225edccc6",
      "agent": "5b6f6d8b-d446-40ac-80e2-465e9e71dd39",
      "full_name": "Sara Nordin",
      "slug": "sara-nordin-32",
      "birth_date": "1992-06-15",
      "nationality": "Suisse",
      "country": "Suisse",
      "city": "Nice",
      "bio": "Athlète professionnel(le) avec un palmarès reconnu sur la scène internationale.",
      "social_links": {
        "instagram": "https://instagram.com/saranordin",
        "twitter": "https://twitter.com/sara"
      },
      "followers_count_cached": 53400,
      "engagement_rate_cached": "3.32",
      "avatar": "",
      "created_at": "2025-01-20T10:32:00Z",
      "updated_at": "2025-01-20T10:32:00Z"
    }
  },
  {
    "model": "athletes.athlete",
    "pk": "f3cc66df-998b-4818-a475-14523ca0376b",
    "fields": {
      "sport": "bd587181-4c0d-461a-9579-fe4846a64c7a",
      "agent": "5b6f6d8b-d446-40ac-80e2-465e9e71dd39",
      "full_name": "Elodie Marchal",
      "slug": "elodie-marchal-33",
      "birth_date": "1993-07-15",
      "nationality": "Espagne",
      "country": "Espagne",
      "city": "Toulouse",
      "bio": "Athlète professionnel(le) avec un palmarès reconnu sur la scène internationale.",
      "social_links": {
        "instagram": "https://instagram.com/elodiemarchal",
        "twitter": "https://twitter.com/elodie"
      },
      "followers_count_cached": 54600,
      "engagement_rate_cached": "3.33",
      "avatar": "",
      "created_at": "2025-01-20T10:33:00Z",
      "updated_at": "2025-01-20T10:33:00Z"
    }
  },
  {
    "model": "athletes.athlete",
    "pk": "ba1bb18d-4e49-49e3-a2c6-9dea67e59085",
    "fields": {
      "sport": "1a960c81-aba6-4eac-9aaf-f9541efe44fc",
      "agent": "5b6f6d8b-d446-40ac-80e2-465e9e71dd39",
      "full_name": "Kenji Watanabe",
      "slug": "kenji-watanabe-34",
      "birth_date": "1994-08-15",
      "nationality": "Italie",
      "country": "Italie",
      "city": "Bordeaux",
      "bio": "Athlète professionnel(le) avec un palmarès reconnu sur la scène internationale.",
      "social_links": {
        "instagram": "https://instagram.com/kenjiwatanabe",
        "twitter": "https://twitter.com/kenji"
      },
      "followers_count_cached": 55800,
      "engagement_rate_cached": "3.34",
      "avatar": "",
      "created_at": "2025-01-20T10:34:00Z",
      "updated_at": "2025-01-20T10:34:00Z"
    }
  },
  {
    "model": "athletes.athlete",
    "pk": "eb87d0d1-45e0-4c8f-93c0-8be26e66f2c7",
    "fields": {
      "sport": "73a668e3-69aa-4795-86b9-20335abb120f",
      "agent": "5b6f6d8b-d446-40ac-80e2-465e9e71dd39",
      "full_name": "Camila Torres",
      "slug": "camila-torres-35",
      "birth_date": "1995-09-15",
      "nationality": "Allemagne",
      "country": "Allemagne",
      "city": "Marseille",
      "bio": "Athlète professionnel(le) avec un palmarès reconnu sur la scène internationale.",
      "social_links": {
        "instagram": "https://instagram.com/camilatorres",
        "twitter": "https://twitter.com/camila"
      },
      "followers_count_cached": 57000,
      "engagement_rate_cached": "3.35",
      "avatar": "",
      "created_at": "2025-01-20T10:35:00Z",
      "updated_at": "2025-01-20T10:35:00Z"
    }
  },
  {
    "model": "athletes.athlete",
    "pk": "d7d6cabf-060b-4632-b866-e40457777fc3",
    "fields": {
      "sport": "b54b9ff5-7c11-45ab-b3a8-34e1e233d31e",
      "agent": "5b6f6d8b-d446-40ac-80e2-465e9e71dd39",
      "full_name": "Nikolai Petrov",
      "slug": "nikolai-petrov-36",
      "birth_date": "1996-01-15",
      "nationality": "France",
      "country": "France",
      "city": "Paris",
      "bio": "Athlète professionnel(le) avec un palmarès reconnu sur la scène internationale.",
      "social_links": {
        "instagram": "https://instagram.com/nikolaipetrov",
        "twitter": "https://twitter.com/nikolai"
      },
      "followers_count_cached": 58200,
      "engagement_rate_cached": "3.36",
      "avatar": "",
      "created_at": "2025-01-20T10:36:00Z",
      "updated_at": "2025-01-20T10:36:00Z"
    }
  },
  {
    "model": "athletes.athletediscipline",
    "pk": "2e9dfe57-5f11-4125-8516-cd98ef6c668a",
    "fields": {
      "athlete": "8957196d-8d8d-4db6-b8c6-9740bbe21fd4",
      "discipline": "a32c887c-2a26-48cd-8065-b2b332f531d3",
      "created_at": "2025-01-20T10:00:10Z",
      "updated_at": "2025-01-20T10:00:10Z"
    }
  },
  {
    "model": "athletes.athletediscipline",
    "pk": "91a895bb-61e9-4955-8b61-b98d966257cf",
    "fields": {
      "athlete": "342fd112-348a-43ff-a930-e3bab1a61b24",
      "discipline": "03d92d1f-f322-4d82-b9d7-ec5f6fd1dae1",
      "created_at": "2025-01-20T10:01:10Z",
      "updated_at": "2025-01-20T10:01:10Z"
    }
  },
  {
    "model": "athletes.athletediscipline",
    "pk": "db83e5f5-938b-4a49-96fc-221111d6b26a",
    "fields": {
      "athlete": "342fd112-348a-43ff-a930-e3bab1a61b24",
      "discipline": "c2d244dc-e2f8-428d-94ec-2ad3a759fa44",
      "created_at": "2025-01-20T10:02:10Z",
      "updated_at": "2025-01-20T10:02:10Z"
    }
  },
  {
    "model": "athletes.athletediscipline",
    "pk": "14c0466c-681b-4649-8c2e-b1811b3b71b2",
    "fields": {
      "athlete": "7c81c893-32f6-4010-bf15-2b591e42e8ec",
      "discipline": "2e4d755d-08a2-467f-9327-9c7003d3bb84",
      "created_at": "2025-01-20T10:03:10Z",
      "updated_at": "2025-01-20T10:03:10Z"
    }
  },
  {
    "model": "athletes.athletediscipline",
    "pk": "209af0c3-27e5-4c5b-837b-a31507d9e912",
    "fields": {
      "athlete": "7c81c893-32f6-4010-bf15-2b591e42e8ec",
      "discipline": "c5638ee6-c252-4461-bc52-e383dbdd3007",
      "created_at": "2025-01-20T10:04:10Z",
      "updated_at": "2025-01-20T10:04:10Z"
    }
  },
  {
    "model": "athletes.athletediscipline",
    "pk": "52d33d98-83ed-4f58-a3f0-4e9e51a8180b",
    "fields": {
      "athlete": "21d10556-e808-457b-b9d4-6af94450fa86",
      "discipline": "c2d244dc-e2f8-428d-94ec-2ad3a759fa44",
      "created_at": "2025-01-20T10:05:10Z",
      "updated_at": "2025-01-20T10:05:10Z"
    }
  },
  {
    "model": "athletes.athletediscipline",
    "pk": "6d5f0b94-ffbf-4dc1-8116-c10e84b8bd35",
    "fields": {
      "athlete": "21d10556-e808-457b-b9d4-6af94450fa86",
      "discipline": "2c032378-0fa1-4247-818e-ad7c0df39ef3",
      "created_at": "2025-01-20T10:06:10Z",
      "updated_at": "2025-01-20T10:06:10Z"
    }
  },
  {
    "model": "athletes.athletediscipline",
    "pk": "dd1702b2-c588-4487-94c3-20d0a9ef01e2",
    "fields": {
      "athlete": "aeee2363-d802-42a6-9651-0399731e8abb",
      "discipline": "9788f67b-d93b-451e-8bcd-45f8a809b4f4",
      "created_at": "2025-01-20T10:07:10Z",
      "updated_at": "2025-01-20T10:07:10Z"
    }
  },
  {
    "model": "athletes.athletediscipline",
    "pk": "8ce1144a-3a51-4cac-9e6a-aa5bf36e6c49",
    "fields": {
      "athlete": "aeee2363-d802-42a6-9651-0399731e8abb",
      "discipline": "cbb2f108-867c-4182-8374-3d645d4a4f52",
      "created_at": "2025-01-20T10:08:10Z",
      "updated_at": "2025-01-20T10:08:10Z"
    }
  },
  {
    "model": "athletes.athletediscipline",
    "pk": "4cf24580-5b71-4915-a721-fef3142b7a14",
    "fields": {
      "athlete": "fccb3e81-62f1-461c-9e16-2fcd1976aeb2",
      "discipline": "9f9de042-9277-41d7-bce6-9f7c7e805a20",
      "created_at": "2025-01-20T10:09:10Z",
      "updated_at": "2025-01-20T10:09:10Z"
    }
  },
  {
    "model": "athletes.athletediscipline",
    "pk": "7ffd5d83-1425-4c50-9323-3f92e6fa03c2",
    "fields": {
      "athlete": "fccb3e81-62f1-461c-9e16-2fcd1976aeb2",
      "discipline": "f10ef16a-f994-4cbb-b977-8ca963c1a937",
      "created_at": "2025-01-20T10:10:10Z",
      "updated_at": "2025-01-20T10:10:10Z"
    }
  },
  {
    "model": "athletes.athletediscipline",
    "pk": "c60f8e9f-1357-4692-8a64-166be55252ea",
    "fields": {
      "athlete": "09f5c15d-fd83-450a-abb5-214ebda332d1",
      "discipline": "c5638ee6-c252-4461-bc52-e383dbdd3007",
      "created_at": "2025-01-20T10:11:10Z",
      "updated_at": "2025-01-20T10:11:10Z"
    }
  },
  {
    "model": "athletes.athletediscipline",
    "pk": "9286c8c6-815d-48cd-bf22-30f6d1f5d378",
    "fields": {
      "athlete": "09f5c15d-fd83-450a-abb5-214ebda332d1",
      "discipline": "7ae96e18-fd14-4ea7-a06d-5874bea2de01",
      "created_at": "2025-01-20T10:12:10Z",
      "updated_at": "2025-01-20T10:12:10Z"
    }
  },
  {
    "model": "athletes.athletediscipline",
    "pk": "8ece5755-4091-4f95-832e-6f736026a5ee",
    "fields": {
      "athlete": "50cd1d39-9092-4e87-9c53-2139642b2648",
      "discipline": "7d27a7f9-0ed8-4b3f-ae5f-defacedb9bea",
      "created_at": "2025-01-20T10:13:10Z",
      "updated_at": "2025-01-20T10:13:10Z"
    }
  },
  {
    "model": "athletes.athletediscipline",
    "pk": "43d8940c-1baa-40e4-920e-8c1699d86df3",
    "fields": {
      "athlete": "50cd1d39-9092-4e87-9c53-2139642b2648",
      "discipline": "f6259aa0-c7d1-49cc-a100-888e5aba2c2f",
      "created_at": "2025-01-20T10:14:10Z",
      "updated_at": "2025-01-20T10:14:10Z"
    }
  },
  {
    "model": "athletes.athletediscipline",
    "pk": "d25f94ac-6789-4a3b-b990-105e010bd79d",
    "fields": {
      "athlete": "f32df95f-6548-4f66-8307-ff15594ce7db",
      "discipline": "48ba2632-1502-4787-9c8c-b9ff9f958d98",
      "created_at": "2025-01-20T10:15:10Z",
      "updated_at": "2025-01-20T10:15:10Z"
    }
  },
  {
    "model": "athletes.athletediscipline",
    "pk": "45bf90c8-122c-4a02-8d06-462fa4659353",
    "fields": {
      "athlete": "f32df95f-6548-4f66-8307-ff15594ce7db",
      "discipline": "684fb4a8-cc99-4b3c-80b7-5184cda70835",
      "created_at": "2025-01-20T10:16:10Z",
      "updated_at": "2025-01-20T10:16:10Z"
    }
  },
  {
    "model": "athletes.athletediscipline",
    "pk": "dd1ff081-ad82-487f-bd52-c4eabb738d50",
    "fields": {
      "athlete": "47c836e8-1d93-44ce-b4c2-3bad729d7d43",
      "discipline": "2c032378-0fa1-4247-818e-ad7c0df39ef3",
      "created_at": "2025-01-20T10:17:10Z",
      "updated_at": "2025-01-20T10:17:10Z"
    }
  },
  {
    "model": "athletes.athletediscipline",
    "pk": "2794b463-7315-4992-959b-5e79f39d0c00",
    "fields": {
      "athlete": "47c836e8-1d93-44ce-b4c2-3bad729d7d43",
      "discipline": "9cd092c0-cf1b-403a-a152-48a3530628f8",
      "created_at": "2025-01-20T10:18:10Z",
      "updated_at": "2025-01-20T10:18:10Z"
    }
  },
  {
    "model": "athletes.athletediscipline",
    "pk": "0f4e349a-191f-45c8-b419-918a304df3a5",
    "fields": {
      "athlete": "7eef6958-f898-49a2-a373-62b126215296",
      "discipline": "e77305f4-0aaa-4e28-b834-5249ed49f0a5",
      "created_at": "2025-01-20T10:19:10Z",
      "updated_at": "2025-01-20T10:19:10Z"
    }
  },
  {
    "model": "athletes.athletediscipline",
    "pk": "eda29328-e1f9-49e7-a36f-fc0290975402",
    "fields": {
      "athlete": "7eef6958-f898-49a2-a373-62b126215296",
      "discipline": "a32c887c-2a26-48cd-8065-b2b332f531d3",
      "created_at": "2025-01-20T10:20:10Z",
      "updated_at": "2025-01-20T10:20:10Z"
    }
  },
  {
    "model": "athletes.athletediscipline",
    "pk": "ff55414e-c66f-4537-8f55-97d8c541e3ec",
    "fields": {
      "athlete": "c8170458-954e-4638-8e3f-2f9b846b0ccc",
      "discipline": "2932b636-3319-4279-be55-194376247d3d",
      "created_at": "2025-01-20T10:21:10Z",
      "updated_at": "2025-01-20T10:21:10Z"
    }
  },
  {
    "model": "athletes.athletediscipline",
    "pk": "7c768653-cb65-4b4e-a82b-5d2bbc0c6f9c",
    "fields": {
      "athlete": "c8170458-954e-4638-8e3f-2f9b846b0ccc",
      "discipline": "c2d244dc-e2f8-428d-94ec-2ad3a759fa44",
      "created_at": "2025-01-20T10:22:10Z",
      "updated_at": "2025-01-20T10:22:10Z"
    }
  },
  {
    "model": "athletes.athletediscipline",
    "pk": "5eecadfd-d782-4d78-836e-173b6aa5f12d",
    "fields": {
      "athlete": "b12e9072-98bd-4a10-9b0a-75b4df0a2f6c",
      "discipline": "cbb2f108-867c-4182-8374-3d645d4a4f52",
      "created_at": "2025-01-20T10:23:10Z",
      "updated_at": "2025-01-20T10:23:10Z"
    }
  },
  {
    "model": "athletes.athletediscipline",
    "pk": "52aecf70-c717-4dd1-9301-649367ae51f4",
    "fields": {
      "athlete": "b12e9072-98bd-4a10-9b0a-75b4df0a2f6c",
      "discipline": "c5638ee6-c252-4461-bc52-e383dbdd3007",
      "created_at": "2025-01-20T10:24:10Z",
      "updated_at": "2025-01-20T10:24:10Z"
    }
  },
  {
    "model": "athletes.athletediscipline",
    "pk": "3fcbd4ee-e3aa-4a66-ac4b-ce0f8db62a77",
    "fields": {
      "athlete": "cc9fed57-0b24-48eb-b3bb-9a7ecf354d4c",
      "discipline": "c35a7c73-a5da-41a7-95f3-1a1822aa6274",
      "created_at": "2025-01-20T10:25:10Z",
      "updated_at": "2025-01-20T10:25:10Z"
    }
  },
  {
    "model": "athletes.athletediscipline",
    "pk": "e1a7c2ee-8614-4bd1-ae99-9898b4014114",
    "fields": {
      "athlete": "cc9fed57-0b24-48eb-b3bb-9a7ecf354d4c",
      "discipline": "2c032378-0fa1-4247-818e-ad7c0df39ef3",
      "created_at": "2025-01-20T10:26:10Z",
      "updated_at": "2025-01-20T10:26:10Z"
    }
  },
  {
    "model": "athletes.athletediscipline",
    "pk": "f1290f1e-9e43-4a94-aefe-06cd98ac33b3",
    "fields": {
      "athlete": "7e4f9cac-11d1-41ca-8799-b53ae59d60ad",
      "discipline": "6ec61e91-530e-4671-b7fe-3a1d98d23cf2",
      "created_at": "2025-01-20T10:27:10Z",
      "updated_at": "2025-01-20T10:27:10Z"
    }
  },
  {
    "model": "athletes.athletediscipline",
    "pk": "494e182f-caa7-456f-a3fe-b5eb4d9c5c83",
    "fields": {
      "athlete": "7e4f9cac-11d1-41ca-8799-b53ae59d60ad",
      "discipline": "cbb2f108-867c-4182-8374-3d645d4a4f52",
      "created_at": "2025-01-20T10:28:10Z",
      "updated_at": "2025-01-20T10:28:10Z"
    }
  },
  {
    "model": "athletes.athletediscipline",
    "pk": "fe89a942-91f7-40ff-97e5-31f2c4f36d12",
    "fields": {
      "athlete": "90870693-cf8a-480f-878e-f3c043b27bfe",
      "discipline": "f10ef16a-f994-4cbb-b977-8ca963c1a937",
      "created_at": "2025-01-20T10:29:10Z",
      "updated_at": "2025-01-20T10:29:10Z"
    }
  },
  {
    "model": "athletes.athletediscipline",
    "pk": "ba22a73d-c438-4c7f-84ff-dc9a5d6b817c",
    "fields": {
      "athlete": "e3d2d73d-3674-49a3-a854-6bc4f1bc1d79",
      "discipline": "580556ee-8d6e-404a-bb6a-f69fe4416c7d",
      "created_at": "2025-01-20T10:30:10Z",
      "updated_at": "2025-01-20T10:30:10Z"
    }
  },
  {
    "model": "athletes.athletediscipline",
    "pk": "804dd434-1254-4636-b336-f7edde0ce773",
    "fields": {
      "athlete": "e3d2d73d-3674-49a3-a854-6bc4f1bc1d79",
      "discipline": "7ae96e18-fd14-4ea7-a06d-5874bea2de01",
      "created_at": "2025-01-20T10:31:10Z",
      "updated_at": "2025-01-20T10:31:10Z"
    }
  },
  {
    "model": "athletes.athletediscipline",
    "pk": "b630ae6b-bf00-449e-9cf3-2c02b23cafcc",
    "fields": {
      "athlete": "69b20d3a-3762-4b84-8a7f-9c6d34f8593d",
      "discipline": "6a7e196e-f0b2-497e-8219-969cd1c0a7dd",
      "created_at": "2025-01-20T10:32:10Z",
      "updated_at": "2025-01-20T10:32:10Z"
    }
  },
  {
    "model": "athletes.athletediscipline",
    "pk": "8483de24-40b2-418d-969b-40e76fa414d9",
    "fields": {
      "athlete": "69b20d3a-3762-4b84-8a7f-9c6d34f8593d",
      "discipline": "f6259aa0-c7d1-49cc-a100-888e5aba2c2f",
      "created_at": "2025-01-20T10:33:10Z",
      "updated_at": "2025-01-20T10:33:10Z"
    }
  },
  {
    "model": "athletes.athletediscipline",
    "pk": "1edcf7da-9fe3-431d-85df-1b0e817ec73b",
    "fields": {
      "athlete": "e3511b1e-9d85-4e72-a6c6-a6857fd39f87",
      "discipline": "7ae96e18-fd14-4ea7-a06d-5874bea2de01",
      "created_at": "2025-01-20T10:34:10Z",
      "updated_at": "2025-01-20T10:34:10Z"
    }
  },
  {
    "model": "athletes.athletediscipline",
    "pk": "65394f94-8c79-4a11-aa94-e97b6983f619",
    "fields": {
      "athlete": "e3511b1e-9d85-4e72-a6c6-a6857fd39f87",
      "discipline": "684fb4a8-cc99-4b3c-80b7-5184cda70835",
      "created_at": "2025-01-20T10:35:10Z",
      "updated_at": "2025-01-20T10:35:10Z"
    }
  },
  {
    "model": "athletes.athletediscipline",
    "pk": "64e5efb1-862c-4698-b14c-9c52699e6f58",
    "fields": {
      "athlete": "1bffd38c-6157-47e2-a88d-5ba6a67c7b33",
      "discipline": "16eaf2a5-070f-48bd-bda8-902d1375b284",
      "created_at": "2025-01-20T10:36:10Z",
      "updated_at": "2025-01-20T10:36:10Z"
    }
  },
  {
    "model": "athletes.athletediscipline",
    "pk": "321870d6-e9f8-4999-879d-a4b49b2ce50f",
    "fields": {
      "athlete": "1bffd38c-6157-47e2-a88d-5ba6a67c7b33",
      "discipline": "9cd092c0-cf1b-403a-a152-48a3530628f8",
      "created_at": "2025-01-20T10:37:10Z",
      "updated_at": "2025-01-20T10:37:10Z"
    }
  },
  {
    "model": "athletes.athletediscipline",
    "pk": "ffde7b4a-9e66-41a1-87e5-5d9a18b593cf",
    "fields": {
      "athlete": "ad43dd28-66ae-4cd7-aed5-e3d661ce4bda",
      "discipline": "bbddafa0-b6e8-409d-b330-4f6391e8cd18",
      "created_at": "2025-01-20T10:38:10Z",
      "updated_at": "2025-01-20T10:38:10Z"
    }
  },
  {
    "model": "athletes.athletediscipline",
    "pk": "1dd1ba89-40d6-4703-8e8d-4f40863096c7",
    "fields": {
      "athlete": "ad43dd28-66ae-4cd7-aed5-e3d661ce4bda",
      "discipline": "a32c887c-2a26-48cd-8065-b2b332f531d3",
      "created_at": "2025-01-20T10:39:10Z",
      "updated_at": "2025-01-20T10:39:10Z"
    }
  },
  {
    "model": "athletes.athletediscipline",
    "pk": "07bd3c59-6bff-48bf-a132-f8f18392832e",
    "fields": {
      "athlete": "47b35365-c0af-4d06-bbe4-0c025d5f2e1f",
      "discipline": "f6259aa0-c7d1-49cc-a100-888e5aba2c2f",
      "created_at": "2025-01-20T10:40:10Z",
      "updated_at": "2025-01-20T10:40:10Z"
    }
  },
  {
    "model": "athletes.athletediscipline",
    "pk": "59251320-b92c-42c2-b7f6-69a0300f6a7b",
    "fields": {
      "athlete": "47b35365-c0af-4d06-bbe4-0c025d5f2e1f",
      "discipline": "c2d244dc-e2f8-428d-94ec-2ad3a759fa44",
      "created_at": "2025-01-20T10:41:10Z",
      "updated_at": "2025-01-20T10:41:10Z"
    }
  },
  {
    "model": "athletes.athletediscipline",
    "pk": "c67f4491-0532-4d57-ac52-c5327eea3e65",
    "fields": {
      "athlete": "3abf0a13-ef80-43d9-9ce9-73882684de53",
      "discipline": "7ea73f0f-b735-4b9c-9ad6-32846a82e904",
      "created_at": "2025-01-20T10:42:10Z",
      "updated_at": "2025-01-20T10:42:10Z"
    }
  },
  {
    "model": "athletes.athletediscipline",
    "pk": "48b2271f-92c4-46ec-99b7-32b33b31c481",
    "fields": {
      "athlete": "3abf0a13-ef80-43d9-9ce9-73882684de53",
      "discipline": "c5638ee6-c252-4461-bc52-e383dbdd3007",
      "created_at": "2025-01-20T10:43:10Z",
      "updated_at": "2025-01-20T10:43:10Z"
    }
  },
  {
    "model": "athletes.athletediscipline",
    "pk": "fdc06ade-6dd1-4f94-b3c5-64133eb72b23",
    "fields": {
      "athlete": "6d082b5b-9fca-4dc8-9fd9-100e1c0ccb9f",
      "discipline": "8ed9932e-2180-47a6-830a-3192c84fe688",
      "created_at": "2025-01-20T10:44:10Z",
      "updated_at": "2025-01-20T10:44:10Z"
    }
  },
  {
    "model": "athletes.athletediscipline",
    "pk": "47f5b507-d47a-4467-b779-b9854b862633",
    "fields": {
      "athlete": "6d082b5b-9fca-4dc8-9fd9-100e1c0ccb9f",
      "discipline": "2c032378-0fa1-4247-818e-ad7c0df39ef3",
      "created_at": "2025-01-20T10:45:10Z",
      "updated_at": "2025-01-20T10:45:10Z"
    }
  },
  {
    "model": "athletes.athletediscipline",
    "pk": "ebcf5171-3568-4b9d-8b10-51b3d5e134b1",
    "fields": {
      "athlete": "67160e86-85a9-4482-8e7f-0292fbac9710",
      "discipline": "684fb4a8-cc99-4b3c-80b7-5184cda70835",
      "created_at": "2025-01-20T10:46:10Z",
      "updated_at": "2025-01-20T10:46:10Z"
    }
  },
  {
    "model": "athletes.athletediscipline",
    "pk": "7483efcb-e983-4d41-91a3-dc7b9d003b20",
    "fields": {
      "athlete": "67160e86-85a9-4482-8e7f-0292fbac9710",
      "discipline": "cbb2f108-867c-4182-8374-3d645d4a4f52",
      "created_at": "2025-01-20T10:47:10Z",
      "updated_at": "2025-01-20T10:47:10Z"
    }
  },
  {
    "model": "athletes.athletediscipline",
    "pk": "2142332a-cabf-478c-af1e-ebabdacaecb6",
    "fields": {
      "athlete": "14b5bb34-f91f-4430-917b-affd3b5eb239",
      "discipline": "f71d4cce-873d-4d10-abf3-6a9373d30538",
      "created_at": "2025-01-20T10:48:10Z",
      "updated_at": "2025-01-20T10:48:10Z"
    }
  },
  {
    "model": "athletes.athletediscipline",
    "pk": "2aa347b1-bbdf-41f1-a7a6-ca249a6da8a9",
    "fields": {
      "athlete": "14b5bb34-f91f-4430-917b-affd3b5eb239",
      "discipline": "f10ef16a-f994-4cbb-b977-8ca963c1a937",
      "created_at": "2025-01-20T10:49:10Z",
      "updated_at": "2025-01-20T10:49:10Z"
    }
  },
  {
    "model": "athletes.athletediscipline",
    "pk": "7dde3b92-d41e-4c9b-be40-e27b5c79ada8",
    "fields": {
      "athlete": "2b97c04e-124a-40a9-af3b-e6b86d434e0a",
      "discipline": "cdf2aba7-9c86-4f5a-945a-b15aa84e132a",
      "created_at": "2025-01-20T10:50:10Z",
      "updated_at": "2025-01-20T10:50:10Z"
    }
  },
  {
    "model": "athletes.athletediscipline",
    "pk": "a0c312a1-c41a-401b-9f87-238f92f5b84a",
    "fields": {
      "athlete": "2b97c04e-124a-40a9-af3b-e6b86d434e0a",
      "discipline": "7ae96e18-fd14-4ea7-a06d-5874bea2de01",
      "created_at": "2025-01-20T10:51:10Z",
      "updated_at": "2025-01-20T10:51:10Z"
    }
  },
  {
    "model": "athletes.athletediscipline",
    "pk": "456dc353-8e05-47a0-8594-f605a7fb4d36",
    "fields": {
      "athlete": "5326e898-ef01-4f26-9886-9397dd1baf9c",
      "discipline": "9cd092c0-cf1b-403a-a152-48a3530628f8",
      "created_at": "2025-01-20T10:52:10Z",
      "updated_at": "2025-01-20T10:52:10Z"
    }
  },
  {
    "model": "athletes.athletediscipline",
    "pk": "182dce81-96d9-4888-8f47-50e0f3389cc7",
    "fields": {
      "athlete": "5326e898-ef01-4f26-9886-9397dd1baf9c",
      "discipline": "f6259aa0-c7d1-49cc-a100-888e5aba2c2f",
      "created_at": "2025-01-20T10:53:10Z",
      "updated_at": "2025-01-20T10:53:10Z"
    }
  },
  {
    "model": "athletes.athletediscipline",
    "pk": "6a37b7bd-a7ac-4d24-8ace-a23b6560d27b",
    "fields": {
      "athlete": "5e7c7cfd-d9ef-4bad-8d82-03fd9e7b6b2e",
      "discipline": "e97a3d8f-1dfb-41a1-adde-5ba8c4b5ff78",
      "created_at": "2025-01-20T10:54:10Z",
      "updated_at": "2025-01-20T10:54:10Z"
    }
  },
  {
    "model": "athletes.athletediscipline",
    "pk": "91f52dda-e3fe-4ba6-a4ab-200b9ffe4f12",
    "fields": {
      "athlete": "5e7c7cfd-d9ef-4bad-8d82-03fd9e7b6b2e",
      "discipline": "684fb4a8-cc99-4b3c-80b7-5184cda70835",
      "created_at": "2025-01-20T10:55:10Z",
      "updated_at": "2025-01-20T10:55:10Z"
    }
  },
  {
    "model": "athletes.athletediscipline",
    "pk": "f277ec75-e2e2-402b-b182-cb8427a46125",
    "fields": {
      "athlete": "1efc3238-53bf-41d9-a796-6025ee97cf02",
      "discipline": "47f5411c-b461-4fd4-b792-e9116e82840e",
      "created_at": "2025-01-20T10:56:10Z",
      "updated_at": "2025-01-20T10:56:10Z"
    }
  },
  {
    "model": "athletes.athletediscipline",
    "pk": "847ebfcf-db1d-4183-9fc0-89e8bdd86c8b",
    "fields": {
      "athlete": "1efc3238-53bf-41d9-a796-6025ee97cf02",
      "discipline": "9cd092c0-cf1b-403a-a152-48a3530628f8",
      "created_at": "2025-01-20T10:57:10Z",
      "updated_at": "2025-01-20T10:57:10Z"
    }
  },
  {
    "model": "athletes.athletediscipline",
    "pk": "2723f67f-003a-4ef7-99d5-007f2c553c68",
    "fields": {
      "athlete": "8b810e0f-1731-4ec4-8887-fde14024bfab",
      "discipline": "a32c887c-2a26-48cd-8065-b2b332f531d3",
      "created_at": "2025-01-20T10:58:10Z",
      "updated_at": "2025-01-20T10:58:10Z"
    }
  },
  {
    "model": "athletes.athletediscipline",
    "pk": "03131955-0c9e-476c-bc1e-c551ef592236",
    "fields": {
      "athlete": "3ea8a6a5-307e-4c29-aede-ef98d41b0858",
      "discipline": "03d92d1f-f322-4d82-b9d7-ec5f6fd1dae1",
      "created_at": "2025-01-20T10:59:10Z",
      "updated_at": "2025-01-20T10:59:10Z"
    }
  },
  {
    "model": "athletes.athletediscipline",
    "pk": "37a2b077-8a27-4039-a1f7-f0caa81d5c2a",
    "fields": {
      "athlete": "3ea8a6a5-307e-4c29-aede-ef98d41b0858",
      "discipline": "c2d244dc-e2f8-428d-94ec-2ad3a759fa44",
      "created_at": "2025-01-20T11:00:10Z",
      "updated_at": "2025-01-20T11:00:10Z"
    }
  },
  {
    "model": "athletes.athletediscipline",
    "pk": "285e6160-6380-4e11-b390-4f3370ad1879",
    "fields": {
      "athlete": "d92e7e70-0655-4c6b-bfd9-0a5472394be8",
      "discipline": "2e4d755d-08a2-467f-9327-9c7003d3bb84",
      "created_at": "2025-01-20T11:01:10Z",
      "updated_at": "2025-01-20T11:01:10Z"
    }
  },
  {
    "model": "athletes.athletediscipline",
    "pk": "a98b57f4-a7f6-4ea9-89dc-83ca05416766",
    "fields": {
      "athlete": "d92e7e70-0655-4c6b-bfd9-0a5472394be8",
      "discipline": "c5638ee6-c252-4461-bc52-e383dbdd3007",
      "created_at": "2025-01-20T11:02:10Z",
      "updated_at": "2025-01-20T11:02:10Z"
    }
  },
  {
    "model": "athletes.athletediscipline",
    "pk": "1f158fa1-51ec-40cf-8106-c25e9e489c5d",
    "fields": {
      "athlete": "f3cc66df-998b-4818-a475-14523ca0376b",
      "discipline": "c2d244dc-e2f8-428d-94ec-2ad3a759fa44",
      "created_at": "2025-01-20T11:03:10Z",
      "updated_at": "2025-01-20T11:03:10Z"
    }
  },
  {
    "model": "athletes.athletediscipline",
    "pk": "fa140e11-c3a5-488b-a16d-5460c2551062",
    "fields": {
      "athlete": "f3cc66df-998b-4818-a475-14523ca0376b",
      "discipline": "2c032378-0fa1-4247-818e-ad7c0df39ef3",
      "created_at": "2025-01-20T11:04:10Z",
      "updated_at": "2025-01-20T11:04:10Z"
    }
  },
  {
    "model": "athletes.athletediscipline",
    "pk": "d15b122e-9773-4f3d-bc3a-4ebd6658efe4",
    "fields": {
      "athlete": "ba1bb18d-4e49-49e3-a2c6-9dea67e59085",
      "discipline": "9788f67b-d93b-451e-8bcd-45f8a809b4f4",
      "created_at": "2025-01-20T11:05:10Z",
      "updated_at": "2025-01-20T11:05:10Z"
    }
  },
  {
    "model": "athletes.athletediscipline",
    "pk": "9efa31c2-d9e0-4e56-95c3-ca14e695dd34",
    "fields": {
      "athlete": "ba1bb18d-4e49-49e3-a2c6-9dea67e59085",
      "discipline": "cbb2f108-867c-4182-8374-3d645d4a4f52",
      "created_at": "2025-01-20T11:06:10Z",
      "updated_at": "2025-01-20T11:06:10Z"
    }
  },
  {
    "model": "athletes.athletediscipline",
    "pk": "dae1a8c6-d000-4d58-b949-5de6cbf98800",
    "fields": {
      "athlete": "eb87d0d1-45e0-4c8f-93c0-8be26e66f2c7",
      "discipline": "9f9de042-9277-41d7-bce6-9f7c7e805a20",
      "created_at": "2025-01-20T11:07:10Z",
      "updated_at": "2025-01-20T11:07:10Z"
    }
  },
  {
    "model": "athletes.athletediscipline",
    "pk": "4bf94bef-7de6-47b2-b0a0-58c437b10f8e",
    "fields": {
      "athlete": "eb87d0d1-45e0-4c8f-93c0-8be26e66f2c7",
      "discipline": "f10ef16a-f994-4cbb-b977-8ca963c1a937",
      "created_at": "2025-01-20T11:08:10Z",
      "updated_at": "2025-01-20T11:08:10Z"
    }
  },
  {
    "model": "athletes.athletediscipline",
    "pk": "7762807d-37ba-45a6-9217-57df994c9009",
    "fields": {
      "athlete": "d7d6cabf-060b-4632-b866-e40457777fc3",
      "discipline": "c5638ee6-c252-4461-bc52-e383dbdd3007",
      "created_at": "2025-01-20T11:09:10Z",
      "updated_at": "2025-01-20T11:09:10Z"
    }
  },
  {
    "model": "athletes.athletediscipline",
    "pk": "0424ec0b-f385-4a45-8f75-22f2024e50c4",
    "fields": {
      "athlete": "d7d6cabf-060b-4632-b866-e40457777fc3",
      "discipline": "7ae96e18-fd14-4ea7-a06d-5874bea2de01",
      "created_at": "2025-01-20T11:10:10Z",
      "updated_at": "2025-01-20T11:10:10Z"
    }
  },
  {
    "model": "athletes.athletephoto",
    "pk": "3873bd7a-c2f5-4a62-ab06-0779dd23a0b6",
    "fields": {
      "athlete": "8957196d-8d8d-4db6-b8c6-9740bbe21fd4",
      "image": "athlete_gallery/8957196d_training.jpg",
      "caption": "Séance d'entraînement",
      "created_at": "2025-01-21T10:00:00Z",
      "updated_at": "2025-01-21T10:00:00Z"
    }
  },
  {
    "model": "athletes.athletephoto",
    "pk": "b52c337f-8668-42b8-8759-e5268c958513",
    "fields": {
      "athlete": "342fd112-348a-43ff-a930-e3bab1a61b24",
      "image": "athlete_gallery/342fd112_training.jpg",
      "caption": "Séance d'entraînement",
      "created_at": "2025-01-21T10:01:00Z",
      "updated_at": "2025-01-21T10:01:00Z"
    }
  },
  {
    "model": "athletes.athletephoto",
    "pk": "83c8dd0a-17a5-4f9d-9272-2a2e109a25cb",
    "fields": {
      "athlete": "7c81c893-32f6-4010-bf15-2b591e42e8ec",
      "image": "athlete_gallery/7c81c893_training.jpg",
      "caption": "Séance d'entraînement",
      "created_at": "2025-01-21T10:02:00Z",
      "updated_at": "2025-01-21T10:02:00Z"
    }
  },
  {
    "model": "athletes.athletephoto",
    "pk": "64d26ab3-4348-4dff-a504-055fc14f8457",
    "fields": {
      "athlete": "21d10556-e808-457b-b9d4-6af94450fa86",
      "image": "athlete_gallery/21d10556_training.jpg",
      "caption": "Séance d'entraînement",
      "created_at": "2025-01-21T10:03:00Z",
      "updated_at": "2025-01-21T10:03:00Z"
    }
  },
  {
    "model": "athletes.athletephoto",
    "pk": "7d947ff3-db07-4a5e-a830-109d0f25b8f2",
    "fields": {
      "athlete": "aeee2363-d802-42a6-9651-0399731e8abb",
      "image": "athlete_gallery/aeee2363_training.jpg",
      "caption": "Séance d'entraînement",
      "created_at": "2025-01-21T10:04:00Z",
      "updated_at": "2025-01-21T10:04:00Z"
    }
  },
  {
    "model": "follows.follow",
    "pk": "1ebfd594-38a9-4b70-a8b2-54a9e3d818e8",
    "fields": {
      "collaborator": "b9e45c31-e705-4c56-b828-0b48d377090c",
      "athlete": "8957196d-8d8d-4db6-b8c6-9740bbe21fd4",
      "notify_news": true,
      "notify_stats": true,
      "notify_contracts": true,
      "created_at": "2025-01-22T10:00:00Z",
      "updated_at": "2025-01-22T10:00:00Z"
    }
  },
  {
    "model": "follows.follow",
    "pk": "a1484e69-508a-4918-ab26-dd3766b3bcb6",
    "fields": {
      "collaborator": "b9e45c31-e705-4c56-b828-0b48d377090c",
      "athlete": "342fd112-348a-43ff-a930-e3bab1a61b24",
      "notify_news": true,
      "notify_stats": false,
      "notify_contracts": true,
      "created_at": "2025-01-22T10:01:00Z",
      "updated_at": "2025-01-22T10:01:00Z"
    }
  },
  {
    "model": "follows.follow",
    "pk": "8e799c1e-c616-47ac-8450-41ce3b149493",
    "fields": {
      "collaborator": "b9e45c31-e705-4c56-b828-0b48d377090c",
      "athlete": "7c81c893-32f6-4010-bf15-2b591e42e8ec",
      "notify_news": true,
      "notify_stats": true,
      "notify_contracts": true,
      "created_at": "2025-01-22T10:02:00Z",
      "updated_at": "2025-01-22T10:02:00Z"
    }
  },
  {
    "model": "follows.follow",
    "pk": "b6827e9d-c687-4bd3-b452-b727eedc32a5",
    "fields": {
      "collaborator": "10b48525-d937-47d5-bb0c-ac7aeddbbad4",
      "athlete": "8957196d-8d8d-4db6-b8c6-9740bbe21fd4",
      "notify_news": true,
      "notify_stats": false,
      "notify_contracts": true,
      "created_at": "2025-01-22T10:03:00Z",
      "updated_at": "2025-01-22T10:03:00Z"
    }
  },
  {
    "model": "follows.follow",
    "pk": "6a3b276e-61d9-40b7-840d-57c0b703685a",
    "fields": {
      "collaborator": "10b48525-d937-47d5-bb0c-ac7aeddbbad4",
      "athlete": "342fd112-348a-43ff-a930-e3bab1a61b24",
      "notify_news": true,
      "notify_stats": true,
      "notify_contracts": true,
      "created_at": "2025-01-22T10:04:00Z",
      "updated_at": "2025-01-22T10:04:00Z"
    }
  },
  {
    "model": "follows.follow",
    "pk": "57808dba-8ce8-4ae1-9a6e-27280a42458f",
    "fields": {
      "collaborator": "10b48525-d937-47d5-bb0c-ac7aeddbbad4",
      "athlete": "7c81c893-32f6-4010-bf15-2b591e42e8ec",
      "notify_news": true,
      "notify_stats": false,
      "notify_contracts": true,
      "created_at": "2025-01-22T10:05:00Z",
      "updated_at": "2025-01-22T10:05:00Z"
    }
  },
  {
    "model": "follows.follow",
    "pk": "39bc795b-2119-4010-a524-d1820b4c1d05",
    "fields": {
      "collaborator": "d8e94186-a605-4d1f-9810-88dbeac00b05",
      "athlete": "8957196d-8d8d-4db6-b8c6-9740bbe21fd4",
      "notify_news": true,
      "notify_stats": true,
      "notify_contracts": true,
      "created_at": "2025-01-22T10:06:00Z",
      "updated_at": "2025-01-22T10:06:00Z"
    }
  },
  {
    "model": "follows.follow",
    "pk": "a63ac8ad-b161-4f0a-a383-e52088e9a974",
    "fields": {
      "collaborator": "d8e94186-a605-4d1f-9810-88dbeac00b05",
      "athlete": "342fd112-348a-43ff-a930-e3bab1a61b24",
      "notify_news": true,
      "notify_stats": false,
      "notify_contracts": true,
      "created_at": "2025-01-22T10:07:00Z",
      "updated_at": "2025-01-22T10:07:00Z"
    }
  },
  {
    "model": "follows.follow",
    "pk": "9ec7ccc3-dba9-4064-b2e8-6b956b125f8a",
    "fields": {
      "collaborator": "d8e94186-a605-4d1f-9810-88dbeac00b05",
      "athlete": "7c81c893-32f6-4010-bf15-2b591e42e8ec",
      "notify_news": true,
      "notify_stats": true,
      "notify_contracts": true,
      "created_at": "2025-01-22T10:08:00Z",
      "updated_at": "2025-01-22T10:08:00Z"
    }
  },
  {
    "model": "follows.follow",
    "pk": "bdb243bd-b9aa-4313-9a0d-6f6f94150491",
    "fields": {
      "collaborator": "3a15ac31-eb2c-496d-b45b-5f5cf95d67a6",
      "athlete": "8957196d-8d8d-4db6-b8c6-9740bbe21fd4",
      "notify_news": true,
      "notify_stats": false,
      "notify_contracts": true,
      "created_at": "2025-01-22T10:09:00Z",
      "updated_at": "2025-01-22T10:09:00Z"
    }
  },
  {
    "model": "follows.follow",
    "pk": "0fb873b0-7e67-4576-93b6-f17bef247597",
    "fields": {
      "collaborator": "3a15ac31-eb2c-496d-b45b-5f5cf95d67a6",
      "athlete": "342fd112-348a-43ff-a930-e3bab1a61b24",
      "notify_news": true,
      "notify_stats": true,
      "notify_contracts": true,
      "created_at": "2025-01-22T10:10:00Z",
      "updated_at": "2025-01-22T10:10:00Z"
    }
  },
  {
    "model": "follows.follow",
    "pk": "73490a04-cffc-4064-868a-2d90bfef79cc",
    "fields": {
      "collaborator": "3a15ac31-eb2c-496d-b45b-5f5cf95d67a6",
      "athlete": "7c81c893-32f6-4010-bf15-2b591e42e8ec",
      "notify_news": true,
      "notify_stats": false,
      "notify_contracts": true,
      "created_at": "2025-01-22T10:11:00Z",
      "updated_at": "2025-01-22T10:11:00Z"
    }
  },
  {
    "model": "follows.follow",
    "pk": "2dda7f51-6b7c-49ad-b391-00b7bae08362",
    "fields": {
      "collaborator": "8f5644f4-bb34-45b3-ac08-7b41ea71f667",
      "athlete": "8957196d-8d8d-4db6-b8c6-9740bbe21fd4",
      "notify_news": true,
      "notify_stats": true,
      "notify_contracts": true,
      "created_at": "2025-01-22T10:12:00Z",
      "updated_at": "2025-01-22T10:12:00Z"
    }
  },
  {
    "model": "follows.follow",
    "pk": "88cdd265-7200-47cb-93ef-c53cdd227761",
    "fields": {
      "collaborator": "8f5644f4-bb34-45b3-ac08-7b41ea71f667",
      "athlete": "342fd112-348a-43ff-a930-e3bab1a61b24",
      "notify_news": true,
      "notify_stats": false,
      "notify_contracts": true,
      "created_at": "2025-01-22T10:13:00Z",
      "updated_at": "2025-01-22T10:13:00Z"
    }
  },
  {
    "model": "follows.follow",
    "pk": "82f9c73b-1fc4-42b7-9baf-8dc923b3ddea",
    "fields": {
      "collaborator": "8f5644f4-bb34-45b3-ac08-7b41ea71f667",
      "athlete": "7c81c893-32f6-4010-bf15-2b591e42e8ec",
      "notify_news": true,
      "notify_stats": true,
      "notify_contracts": true,
      "created_at": "2025-01-22T10:14:00Z",
      "updated_at": "2025-01-22T10:14:00Z"
    }
  },
  {
    "model": "follows.follow",
    "pk": "90402a9d-69d4-4ce5-8c03-61e918046e49",
    "fields": {
      "collaborator": "1fbef6fa-54f3-4c44-8a40-b86bb8e36f91",
      "athlete": "fccb3e81-62f1-461c-9e16-2fcd1976aeb2",
      "notify_news": true,
      "notify_stats": false,
      "notify_contracts": true,
      "created_at": "2025-01-22T10:15:00Z",
      "updated_at": "2025-01-22T10:15:00Z"
    }
  },
  {
    "model": "follows.follow",
    "pk": "b2afb112-d661-4b81-8080-e2449077d53e",
    "fields": {
      "collaborator": "1fbef6fa-54f3-4c44-8a40-b86bb8e36f91",
      "athlete": "09f5c15d-fd83-450a-abb5-214ebda332d1",
      "notify_news": true,
      "notify_stats": true,
      "notify_contracts": true,
      "created_at": "2025-01-22T10:16:00Z",
      "updated_at": "2025-01-22T10:16:00Z"
    }
  },
  {
    "model": "follows.follow",
    "pk": "09251f12-9743-41bc-b1b0-1cb9865e2a90",
    "fields": {
      "collaborator": "1fbef6fa-54f3-4c44-8a40-b86bb8e36f91",
      "athlete": "50cd1d39-9092-4e87-9c53-2139642b2648",
      "notify_news": true,
      "notify_stats": false,
      "notify_contracts": true,
      "created_at": "2025-01-22T10:17:00Z",
      "updated_at": "2025-01-22T10:17:00Z"
    }
  },
  {
    "model": "follows.follow",
    "pk": "cb238435-a2f8-4292-90aa-70ef74a23619",
    "fields": {
      "collaborator": "1fbef6fa-54f3-4c44-8a40-b86bb8e36f91",
      "athlete": "f32df95f-6548-4f66-8307-ff15594ce7db",
      "notify_news": true,
      "notify_stats": true,
      "notify_contracts": true,
      "created_at": "2025-01-22T10:18:00Z",
      "updated_at": "2025-01-22T10:18:00Z"
    }
  },
  {
    "model": "follows.follow",
    "pk": "08e5e928-c343-49e2-884a-adc4e62862f1",
    "fields": {
      "collaborator": "1fbef6fa-54f3-4c44-8a40-b86bb8e36f91",
      "athlete": "47c836e8-1d93-44ce-b4c2-3bad729d7d43",
      "notify_news": true,
      "notify_stats": false,
      "notify_contracts": true,
      "created_at": "2025-01-22T10:19:00Z",
      "updated_at": "2025-01-22T10:19:00Z"
    }
  },
  {
    "model": "follows.follow",
    "pk": "1db4dd7f-bce0-4b0d-9566-be1eadb266f7",
    "fields": {
      "collaborator": "23eb5337-d0c9-4592-9df0-3fcd18b48492",
      "athlete": "fccb3e81-62f1-461c-9e16-2fcd1976aeb2",
      "notify_news": true,
      "notify_stats": true,
      "notify_contracts": true,
      "created_at": "2025-01-22T10:20:00Z",
      "updated_at": "2025-01-22T10:20:00Z"
    }
  },
  {
    "model": "follows.follow",
    "pk": "12770508-8a23-4ac2-8e00-af0a6a433c03",
    "fields": {
      "collaborator": "23eb5337-d0c9-4592-9df0-3fcd18b48492",
      "athlete": "09f5c15d-fd83-450a-abb5-214ebda332d1",
      "notify_news": true,
      "notify_stats": false,
      "notify_contracts": true,
      "created_at": "2025-01-22T10:21:00Z",
      "updated_at": "2025-01-22T10:21:00Z"
    }
  },
  {
    "model": "follows.follow",
    "pk": "e1f38a62-0377-47ab-b142-e3f08a392b1f",
    "fields": {
      "collaborator": "23eb5337-d0c9-4592-9df0-3fcd18b48492",
      "athlete": "50cd1d39-9092-4e87-9c53-2139642b2648",
      "notify_news": true,
      "notify_stats": true,
      "notify_contracts": true,
      "created_at": "2025-01-22T10:22:00Z",
      "updated_at": "2025-01-22T10:22:00Z"
    }
  },
  {
    "model": "follows.follow",
    "pk": "59ffb018-cdc1-4039-84fb-64e464900e46",
    "fields": {
      "collaborator": "23eb5337-d0c9-4592-9df0-3fcd18b48492",
      "athlete": "f32df95f-6548-4f66-8307-ff15594ce7db",
      "notify_news": true,
      "notify_stats": false,
      "notify_contracts": true,
      "created_at": "2025-01-22T10:23:00Z",
      "updated_at": "2025-01-22T10:23:00Z"
    }
  },
  {
    "model": "follows.follow",
    "pk": "4ff04dfb-ebdb-4311-94bc-a3d2f7a2456e",
    "fields": {
      "collaborator": "23eb5337-d0c9-4592-9df0-3fcd18b48492",
      "athlete": "47c836e8-1d93-44ce-b4c2-3bad729d7d43",
      "notify_news": true,
      "notify_stats": true,
      "notify_contracts": true,
      "created_at": "2025-01-22T10:24:00Z",
      "updated_at": "2025-01-22T10:24:00Z"
    }
  },
  {
    "model": "follows.follow",
    "pk": "e1fb3630-7e68-45b1-b79c-2002b20cd308",
    "fields": {
      "collaborator": "2466b99e-212d-44be-8abf-812a008cdfc0",
      "athlete": "fccb3e81-62f1-461c-9e16-2fcd1976aeb2",
      "notify_news": true,
      "notify_stats": false,
      "notify_contracts": true,
      "created_at": "2025-01-22T10:25:00Z",
      "updated_at": "2025-01-22T10:25:00Z"
    }
  },
  {
    "model": "follows.follow",
    "pk": "0c646725-3e93-416e-b236-8c27b7a04d2d",
    "fields": {
      "collaborator": "2466b99e-212d-44be-8abf-812a008cdfc0",
      "athlete": "09f5c15d-fd83-450a-abb5-214ebda332d1",
      "notify_news": true,
      "notify_stats": true,
      "notify_contracts": true,
      "created_at": "2025-01-22T10:26:00Z",
      "updated_at": "2025-01-22T10:26:00Z"
    }
  },
  {
    "model": "follows.follow",
    "pk": "9e50b325-a0ca-46b4-bacb-c9544ed36149",
    "fields": {
      "collaborator": "2466b99e-212d-44be-8abf-812a008cdfc0",
      "athlete": "50cd1d39-9092-4e87-9c53-2139642b2648",
      "notify_news": true,
      "notify_stats": false,
      "notify_contracts": true,
      "created_at": "2025-01-22T10:27:00Z",
      "updated_at": "2025-01-22T10:27:00Z"
    }
  },
  {
    "model": "follows.follow",
    "pk": "f568d2fe-0007-430e-bc2b-98c2d891fbc3",
    "fields": {
      "collaborator": "2466b99e-212d-44be-8abf-812a008cdfc0",
      "athlete": "f32df95f-6548-4f66-8307-ff15594ce7db",
      "notify_news": true,
      "notify_stats": true,
      "notify_contracts": true,
      "created_at": "2025-01-22T10:28:00Z",
      "updated_at": "2025-01-22T10:28:00Z"
    }
  },
  {
    "model": "follows.follow",
    "pk": "e4dd89ef-f3f8-48ab-ba96-9acb4224895a",
    "fields": {
      "collaborator": "2466b99e-212d-44be-8abf-812a008cdfc0",
      "athlete": "47c836e8-1d93-44ce-b4c2-3bad729d7d43",
      "notify_news": true,
      "notify_stats": false,
      "notify_contracts": true,
      "created_at": "2025-01-22T10:29:00Z",
      "updated_at": "2025-01-22T10:29:00Z"
    }
  },
  {
    "model": "follows.follow",
    "pk": "4b43f4a6-534b-47dc-b688-c840e66ca905",
    "fields": {
      "collaborator": "599e8c3c-a4dd-4edd-b016-d91814e14718",
      "athlete": "fccb3e81-62f1-461c-9e16-2fcd1976aeb2",
      "notify_news": true,
      "notify_stats": true,
      "notify_contracts": true,
      "created_at": "2025-01-22T10:30:00Z",
      "updated_at": "2025-01-22T10:30:00Z"
    }
  },
  {
    "model": "follows.follow",
    "pk": "c68d8999-5e19-4d6f-9c46-3827568f0c53",
    "fields": {
      "collaborator": "599e8c3c-a4dd-4edd-b016-d91814e14718",
      "athlete": "09f5c15d-fd83-450a-abb5-214ebda332d1",
      "notify_news": true,
      "notify_stats": false,
      "notify_contracts": true,
      "created_at": "2025-01-22T10:31:00Z",
      "updated_at": "2025-01-22T10:31:00Z"
    }
  },
  {
    "model": "follows.follow",
    "pk": "12f2f292-a935-414f-8559-3e61a36b76c1",
    "fields": {
      "collaborator": "599e8c3c-a4dd-4edd-b016-d91814e14718",
      "athlete": "50cd1d39-9092-4e87-9c53-2139642b2648",
      "notify_news": true,
      "notify_stats": true,
      "notify_contracts": true,
      "created_at": "2025-01-22T10:32:00Z",
      "updated_at": "2025-01-22T10:32:00Z"
    }
  },
  {
    "model": "follows.follow",
    "pk": "81cf95ac-a59a-4809-baec-5d9ee5b1b6f1",
    "fields": {
      "collaborator": "599e8c3c-a4dd-4edd-b016-d91814e14718",
      "athlete": "f32df95f-6548-4f66-8307-ff15594ce7db",
      "notify_news": true,
      "notify_stats": false,
      "notify_contracts": true,
      "created_at": "2025-01-22T10:33:00Z",
      "updated_at": "2025-01-22T10:33:00Z"
    }
  },
  {
    "model": "follows.follow",
    "pk": "d69dfa85-2e53-42b3-8297-7faeec7eea87",
    "fields": {
      "collaborator": "599e8c3c-a4dd-4edd-b016-d91814e14718",
      "athlete": "47c836e8-1d93-44ce-b4c2-3bad729d7d43",
      "notify_news": true,
      "notify_stats": true,
      "notify_contracts": true,
      "created_at": "2025-01-22T10:34:00Z",
      "updated_at": "2025-01-22T10:34:00Z"
    }
  },
  {
    "model": "follows.follow",
    "pk": "8bbfd890-1cf6-4b2e-afe0-36bae99926e4",
    "fields": {
      "collaborator": "5a3e659d-cc53-43f1-ba90-85bc0cf7bb53",
      "athlete": "fccb3e81-62f1-461c-9e16-2fcd1976aeb2",
      "notify_news": true,
      "notify_stats": false,
      "notify_contracts": true,
      "created_at": "2025-01-22T10:35:00Z",
      "updated_at": "2025-01-22T10:35:00Z"
    }
  },
  {
    "model": "follows.follow",
    "pk": "a8c3b950-78c5-44ad-a041-cd9a7758f831",
    "fields": {
      "collaborator": "5a3e659d-cc53-43f1-ba90-85bc0cf7bb53",
      "athlete": "09f5c15d-fd83-450a-abb5-214ebda332d1",
      "notify_news": true,
      "notify_stats": true,
      "notify_contracts": true,
      "created_at": "2025-01-22T10:36:00Z",
      "updated_at": "2025-01-22T10:36:00Z"
    }
  },
  {
    "model": "follows.follow",
    "pk": "312e4fc6-d5eb-43be-a7a3-be8b6be483de",
    "fields": {
      "collaborator": "5a3e659d-cc53-43f1-ba90-85bc0cf7bb53",
      "athlete": "50cd1d39-9092-4e87-9c53-2139642b2648",
      "notify_news": true,
      "notify_stats": false,
      "notify_contracts": true,
      "created_at": "2025-01-22T10:37:00Z",
      "updated_at": "2025-01-22T10:37:00Z"
    }
  },
  {
    "model": "follows.follow",
    "pk": "5dc7130b-8a12-4ca2-9dce-7fe091b17103",
    "fields": {
      "collaborator": "5a3e659d-cc53-43f1-ba90-85bc0cf7bb53",
      "athlete": "f32df95f-6548-4f66-8307-ff15594ce7db",
      "notify_news": true,
      "notify_stats": true,
      "notify_contracts": true,
      "created_at": "2025-01-22T10:38:00Z",
      "updated_at": "2025-01-22T10:38:00Z"
    }
  },
  {
    "model": "follows.follow",
    "pk": "c2e02620-7f54-4cf1-a647-d3bf40b49e9c",
    "fields": {
      "collaborator": "5a3e659d-cc53-43f1-ba90-85bc0cf7bb53",
      "athlete": "47c836e8-1d93-44ce-b4c2-3bad729d7d43",
      "notify_news": true,
      "notify_stats": false,
      "notify_contracts": true,
      "created_at": "2025-01-22T10:39:00Z",
      "updated_at": "2025-01-22T10:39:00Z"
    }
  },
  {
    "model": "contracts.clausetemplate",
    "pk": "3a3fe375-37c0-4abb-b1e4-0b40682bb00a",
    "fields": {
      "category": "financial",
      "title": "Compensation financière",
      "content": "L'organisation versera {{amount}} EUR à l'athlète en {{installments}} versements.",
      "placeholders": [
        "amount",
        "installments"
      ],
      "is_mandatory": true,
      "version": 1,
      "created_at": "2024-12-26T10:00:00Z",
      "updated_at": "2024-12-26T10:00:00Z"
    }
  },
  {
    "model": "contracts.clausetemplate",
    "pk": "032d9300-727e-4ead-b21d-fb8ba855e7d6",
    "fields": {
      "category": "intellectual_property",
      "title": "Droits à l'image",
      "content": "L'athlète cède les droits d'utilisation de son image pour {{campaign_duration}}.",
      "placeholders": [
        "campaign_duration"
      ],
      "is_mandatory": false,
      "version": 1,
      "created_at": "2024-12-26T09:59:00Z",
      "updated_at": "2024-12-26T09:59:00Z"
    }
  },
  {
    "model": "contracts.clausetemplate",
    "pk": "dd173f0a-4209-4eca-9344-ca493c6f7077",
    "fields": {
      "category": "logistics",
      "title": "Participation événementielle",
      "content": "L'athlète participera à {{event_count}} événements promotionnels par an.",
      "placeholders": [
        "event_count"
      ],
      "is_mandatory": true,
      "version": 1,
      "created_at": "2024-12-26T09:58:00Z",
      "updated_at": "2024-12-26T09:58:00Z"
    }
  },
  {
    "model": "contracts.clausetemplate",
    "pk": "a9d26317-872a-4de6-8d75-635e74c6d53b",
    "fields": {
      "category": "performance",
      "title": "Objectifs de performance",
      "content": "L'athlète s'engage à maintenir un taux d'engagement moyen de {{engagement_target}}%.",
      "placeholders": [
        "engagement_target"
      ],
      "is_mandatory": false,
      "version": 1,
      "created_at": "2024-12-26T09:57:00Z",
      "updated_at": "2024-12-26T09:57:00Z"
    }
  },
  {
    "model": "contracts.contract",
    "pk": "cd942eea-b447-42cb-9195-1ce305124a9c",
    "fields": {
      "organisation": "266b7210-a836-4c67-8f2d-ba123437291e",
      "agent": "c5cd2960-2be4-4370-a28d-db48e7669f53",
      "initiated_by": "b9e45c31-e705-4c56-b828-0b48d377090c",
      "status": "draft",
      "title": "Activation printemps 2025",
      "effective_date": null,
      "expiration_date": null,
      "owner_agreed_at": null,
      "agent_agreed_at": null,
      "current_version_number": 1,
      "created_at": "2025-01-15T10:00:00Z",
      "updated_at": "2025-01-15T11:00:00Z"
    }
  },
  {
    "model": "contracts.contractversion",
    "pk": "af19c0dc-3c0f-4b65-b52e-3bc5a2cf7b7e",
    "fields": {
      "contract": "cd942eea-b447-42cb-9195-1ce305124a9c",
      "number": 1,
      "created_by": "b9e45c31-e705-4c56-b828-0b48d377090c",
      "source_revision": null,
      "notes": "Version initiale générée automatiquement.",
      "created_at": "2025-01-15T10:30:00Z",
      "updated_at": "2025-01-15T10:30:00Z"
    }
  },
  {
    "model": "contracts.contractclause",
    "pk": "a80e4bbc-0393-4358-8eec-e562bff8eb6c",
    "fields": {
      "contract": "cd942eea-b447-42cb-9195-1ce305124a9c",
      "template": "3a3fe375-37c0-4abb-b1e4-0b40682bb00a",
      "title": "Compensation financière",
      "content": "L'organisation versera amount EUR à l'athlète en installments versements.",
      "is_mandatory": true,
      "is_modified": false,
      "created_at": "2025-01-15T10:45:00Z",
      "updated_at": "2025-01-15T10:45:00Z"
    }
  },
  {
    "model": "contracts.contractclause",
    "pk": "658b3cd0-99b1-4b0a-9534-1c052c4b6aac",
    "fields": {
      "contract": "cd942eea-b447-42cb-9195-1ce305124a9c",
      "template": "032d9300-727e-4ead-b21d-fb8ba855e7d6",
      "title": "Droits à l'image",
      "content": "L'athlète cède les droits d'utilisation de son image pour campaign_duration.",
      "is_mandatory": false,
      "is_modified": false,
      "created_at": "2025-01-15T10:46:00Z",
      "updated_at": "2025-01-15T10:46:00Z"
    }
  },
  {
    "model": "contracts.contractclause",
    "pk": "51c331ba-fe3d-48ae-9b7d-41863d9954e0",
    "fields": {
      "contract": "cd942eea-b447-42cb-9195-1ce305124a9c",
      "template": "dd173f0a-4209-4eca-9344-ca493c6f7077",
      "title": "Participation événementielle",
      "content": "L'athlète participera à event_count événements promotionnels par an.",
      "is_mandatory": true,
      "is_modified": true,
      "created_at": "2025-01-15T10:47:00Z",
      "updated_at": "2025-01-15T10:47:00Z"
    }
  },
  {
    "model": "contracts.contract",
    "pk": "e497c9fa-2b83-41cb-aff8-3c1d7cc14e0b",
    "fields": {
      "organisation": "152eec6e-04bd-461d-8e32-760dc3c27256",
      "agent": "752f1512-fac2-43fd-9c67-ca1c666ce44e",
      "initiated_by": "1fbef6fa-54f3-4c44-8a40-b86bb8e36f91",
      "status": "negotiation",
      "title": "Tournée estivale Europe",
      "effective_date": null,
      "expiration_date": null,
      "owner_agreed_at": null,
      "agent_agreed_at": null,
      "current_version_number": 1,
      "created_at": "2025-01-17T10:00:00Z",
      "updated_at": "2025-01-17T11:00:00Z"
    }
  },
  {
    "model": "contracts.contractversion",
    "pk": "686ae87c-19b7-4a56-aed7-5185a14fe12c",
    "fields": {
      "contract": "e497c9fa-2b83-41cb-aff8-3c1d7cc14e0b",
      "number": 1,
      "created_by": "1fbef6fa-54f3-4c44-8a40-b86bb8e36f91",
      "source_revision": null,
      "notes": "Version initiale générée automatiquement.",
      "created_at": "2025-01-17T10:30:00Z",
      "updated_at": "2025-01-17T10:30:00Z"
    }
  },
  {
    "model": "contracts.contractclause",
    "pk": "a991c21d-483a-48f2-a58f-daccee56d800",
    "fields": {
      "contract": "e497c9fa-2b83-41cb-aff8-3c1d7cc14e0b",
      "template": "3a3fe375-37c0-4abb-b1e4-0b40682bb00a",
      "title": "Compensation financière",
      "content": "L'organisation versera amount EUR à l'athlète en installments versements.",
      "is_mandatory": true,
      "is_modified": false,
      "created_at": "2025-01-17T10:45:00Z",
      "updated_at": "2025-01-17T10:45:00Z"
    }
  },
  {
    "model": "contracts.contractclause",
    "pk": "dc017895-7918-41cb-ab92-d23211ea6272",
    "fields": {
      "contract": "e497c9fa-2b83-41cb-aff8-3c1d7cc14e0b",
      "template": "032d9300-727e-4ead-b21d-fb8ba855e7d6",
      "title": "Droits à l'image",
      "content": "L'athlète cède les droits d'utilisation de son image pour campaign_duration.",
      "is_mandatory": false,
      "is_modified": false,
      "created_at": "2025-01-17T10:46:00Z",
      "updated_at": "2025-01-17T10:46:00Z"
    }
  },
  {
    "model": "contracts.contractclause",
    "pk": "1ff3cf02-1acd-4cb0-b969-b30c666451e4",
    "fields": {
      "contract": "e497c9fa-2b83-41cb-aff8-3c1d7cc14e0b",
      "template": "dd173f0a-4209-4eca-9344-ca493c6f7077",
      "title": "Participation événementielle",
      "content": "L'athlète participera à event_count événements promotionnels par an.",
      "is_mandatory": true,
      "is_modified": true,
      "created_at": "2025-01-17T10:47:00Z",
      "updated_at": "2025-01-17T10:47:00Z"
    }
  },
  {
    "model": "contracts.contractrevision",
    "pk": "bb39a178-e349-4d4b-b6a3-781466ea1259",
    "fields": {
      "contract": "e497c9fa-2b83-41cb-aff8-3c1d7cc14e0b",
      "proposed_by": "27d9af5f-13f6-4655-835c-ef5a1e30c967",
      "comment": "Proposition d'ajuster le périmètre des contenus.",
      "accepted": null,
      "created_at": "2025-01-17T13:00:00Z",
      "updated_at": "2025-01-17T13:00:00Z"
    }
  },
  {
    "model": "contracts.contract",
    "pk": "a57981a8-cea8-44e4-9521-91b907f910e6",
    "fields": {
      "organisation": "26958a87-0e56-4c23-848c-4c54165aaa8f",
      "agent": "5b6f6d8b-d446-40ac-80e2-465e9e71dd39",
      "initiated_by": "23eb5337-d0c9-4592-9df0-3fcd18b48492",
      "status": "legal_review",
      "title": "Campagne digitale Q3",
      "effective_date": null,
      "expiration_date": null,
      "owner_agreed_at": "2025-01-17T10:00:00Z",
      "agent_agreed_at": null,
      "current_version_number": 1,
      "created_at": "2025-01-19T10:00:00Z",
      "updated_at": "2025-01-19T11:00:00Z"
    }
  },
  {
    "model": "contracts.contractversion",
    "pk": "056718cf-c501-49a0-8527-777c1c2edafe",
    "fields": {
      "contract": "a57981a8-cea8-44e4-9521-91b907f910e6",
      "number": 1,
      "created_by": "23eb5337-d0c9-4592-9df0-3fcd18b48492",
      "source_revision": null,
      "notes": "Version initiale générée automatiquement.",
      "created_at": "2025-01-19T10:30:00Z",
      "updated_at": "2025-01-19T10:30:00Z"
    }
  },
  {
    "model": "contracts.contractclause",
    "pk": "81b3ef93-bd6c-4708-819a-3fc4d3ba7408",
    "fields": {
      "contract": "a57981a8-cea8-44e4-9521-91b907f910e6",
      "template": "3a3fe375-37c0-4abb-b1e4-0b40682bb00a",
      "title": "Compensation financière",
      "content": "L'organisation versera amount EUR à l'athlète en installments versements.",
      "is_mandatory": true,
      "is_modified": false,
      "created_at": "2025-01-19T10:45:00Z",
      "updated_at": "2025-01-19T10:45:00Z"
    }
  },
  {
    "model": "contracts.contractclause",
    "pk": "5055aa8b-04b8-4b1d-b9ec-85761decb01a",
    "fields": {
      "contract": "a57981a8-cea8-44e4-9521-91b907f910e6",
      "template": "032d9300-727e-4ead-b21d-fb8ba855e7d6",
      "title": "Droits à l'image",
      "content": "L'athlète cède les droits d'utilisation de son image pour campaign_duration.",
      "is_mandatory": false,
      "is_modified": false,
      "created_at": "2025-01-19T10:46:00Z",
      "updated_at": "2025-01-19T10:46:00Z"
    }
  },
  {
    "model": "contracts.contractclause",
    "pk": "1f823f84-5ef4-4eb2-b015-335296d3d362",
    "fields": {
      "contract": "a57981a8-cea8-44e4-9521-91b907f910e6",
      "template": "dd173f0a-4209-4eca-9344-ca493c6f7077",
      "title": "Participation événementielle",
      "content": "L'athlète participera à event_count événements promotionnels par an.",
      "is_mandatory": true,
      "is_modified": true,
      "created_at": "2025-01-19T10:47:00Z",
      "updated_at": "2025-01-19T10:47:00Z"
    }
  },
  {
    "model": "contracts.contractrevision",
    "pk": "5b09a7e6-4fb4-4dc0-9685-3e8c6c36266f",
    "fields": {
      "contract": "a57981a8-cea8-44e4-9521-91b907f910e6",
      "proposed_by": "f2ba3f61-78fd-4724-9ee3-ba2f57530f82",
      "comment": "Proposition d'ajuster le périmètre des contenus.",
      "accepted": null,
      "created_at": "2025-01-19T13:00:00Z",
      "updated_at": "2025-01-19T13:00:00Z"
    }
  },
  {
    "model": "contracts.contract",
    "pk": "a3ad3c06-7209-47b5-b55e-82f68757326f",
    "fields": {
      "organisation": "f4b776d1-3fd8-420e-836b-895044132e3e",
      "agent": "97b75648-b217-437c-b2a2-0d4e34717332",
      "initiated_by": "a6fcd1db-7f16-47ea-aed9-45544e8907d5",
      "status": "signing",
      "title": "Programme fidélité premium",
      "effective_date": "2025-03-01",
      "expiration_date": "2026-02-28",
      "owner_agreed_at": "2025-01-18T10:00:00Z",
      "agent_agreed_at": "2025-01-18T12:00:00Z",
      "current_version_number": 1,
      "created_at": "2025-01-21T10:00:00Z",
      "updated_at": "2025-01-21T11:00:00Z"
    }
  },
  {
    "model": "contracts.contractversion",
    "pk": "7e634a07-62cd-40f8-906b-ff12ad80fad3",
    "fields": {
      "contract": "a3ad3c06-7209-47b5-b55e-82f68757326f",
      "number": 1,
      "created_by": "a6fcd1db-7f16-47ea-aed9-45544e8907d5",
      "source_revision": null,
      "notes": "Version initiale générée automatiquement.",
      "created_at": "2025-01-21T10:30:00Z",
      "updated_at": "2025-01-21T10:30:00Z"
    }
  },
  {
    "model": "contracts.contractclause",
    "pk": "4b59e671-0772-4824-b29c-bbccdee34d44",
    "fields": {
      "contract": "a3ad3c06-7209-47b5-b55e-82f68757326f",
      "template": "3a3fe375-37c0-4abb-b1e4-0b40682bb00a",
      "title": "Compensation financière",
      "content": "L'organisation versera amount EUR à l'athlète en installments versements.",
      "is_mandatory": true,
      "is_modified": false,
      "created_at": "2025-01-21T10:45:00Z",
      "updated_at": "2025-01-21T10:45:00Z"
    }
  },
  {
    "model": "contracts.contractclause",
    "pk": "19e9afa3-3ec8-426c-a622-8b8936ad2db0",
    "fields": {
      "contract": "a3ad3c06-7209-47b5-b55e-82f68757326f",
      "template": "032d9300-727e-4ead-b21d-fb8ba855e7d6",
      "title": "Droits à l'image",
      "content": "L'athlète cède les droits d'utilisation de son image pour campaign_duration.",
      "is_mandatory": false,
      "is_modified": false,
      "created_at": "2025-01-21T10:46:00Z",
      "updated_at": "2025-01-21T10:46:00Z"
    }
  },
  {
    "model": "contracts.contractclause",
    "pk": "c9e153a0-2ddf-4ca5-8ad4-c856f4ecbebd",
    "fields": {
      "contract": "a3ad3c06-7209-47b5-b55e-82f68757326f",
      "template": "dd173f0a-4209-4eca-9344-ca493c6f7077",
      "title": "Participation événementielle",
      "content": "L'athlète participera à event_count événements promotionnels par an.",
      "is_mandatory": true,
      "is_modified": true,
      "created_at": "2025-01-21T10:47:00Z",
      "updated_at": "2025-01-21T10:47:00Z"
    }
  },
  {
    "model": "contracts.contract",
    "pk": "8aadeaa4-542c-46dc-b296-bdee2a86ae1d",
    "fields": {
      "organisation": "266b7210-a836-4c67-8f2d-ba123437291e",
      "agent": "df86dd6b-5661-4702-b3ce-f7f5c1213ce9",
      "initiated_by": "10b48525-d937-47d5-bb0c-ac7aeddbbad4",
      "status": "active",
      "title": "Série web immersive",
      "effective_date": "2025-03-01",
      "expiration_date": "2026-02-28",
      "owner_agreed_at": "2025-01-19T10:00:00Z",
      "agent_agreed_at": "2025-01-19T12:00:00Z",
      "current_version_number": 1,
      "created_at": "2025-01-23T10:00:00Z",
      "updated_at": "2025-01-23T11:00:00Z"
    }
  },
  {
    "model": "contracts.contractversion",
    "pk": "444adae5-4996-4e77-96a8-0bbc482663d2",
    "fields": {
      "contract": "8aadeaa4-542c-46dc-b296-bdee2a86ae1d",
      "number": 1,
      "created_by": "10b48525-d937-47d5-bb0c-ac7aeddbbad4",
      "source_revision": null,
      "notes": "Version initiale générée automatiquement.",
      "created_at": "2025-01-23T10:30:00Z",
      "updated_at": "2025-01-23T10:30:00Z"
    }
  },
  {
    "model": "contracts.contractclause",
    "pk": "ad945e6a-850f-42f0-b63a-3b3effe0a31c",
    "fields": {
      "contract": "8aadeaa4-542c-46dc-b296-bdee2a86ae1d",
      "template": "3a3fe375-37c0-4abb-b1e4-0b40682bb00a",
      "title": "Compensation financière",
      "content": "L'organisation versera amount EUR à l'athlète en installments versements.",
      "is_mandatory": true,
      "is_modified": false,
      "created_at": "2025-01-23T10:45:00Z",
      "updated_at": "2025-01-23T10:45:00Z"
    }
  },
  {
    "model": "contracts.contractclause",
    "pk": "7f0cf63d-90ce-447a-9368-e19d04c19fff",
    "fields": {
      "contract": "8aadeaa4-542c-46dc-b296-bdee2a86ae1d",
      "template": "032d9300-727e-4ead-b21d-fb8ba855e7d6",
      "title": "Droits à l'image",
      "content": "L'athlète cède les droits d'utilisation de son image pour campaign_duration.",
      "is_mandatory": false,
      "is_modified": false,
      "created_at": "2025-01-23T10:46:00Z",
      "updated_at": "2025-01-23T10:46:00Z"
    }
  },
  {
    "model": "contracts.contractclause",
    "pk": "32c81ee9-9911-4e41-952d-0ff26d6fdd5a",
    "fields": {
      "contract": "8aadeaa4-542c-46dc-b296-bdee2a86ae1d",
      "template": "dd173f0a-4209-4eca-9344-ca493c6f7077",
      "title": "Participation événementielle",
      "content": "L'athlète participera à event_count événements promotionnels par an.",
      "is_mandatory": true,
      "is_modified": true,
      "created_at": "2025-01-23T10:47:00Z",
      "updated_at": "2025-01-23T10:47:00Z"
    }
  },
  {
    "model": "contracts.contractcomment",
    "pk": "0cc30f87-69de-4ecc-afc7-473a2f36e41e",
    "fields": {
      "contract": "cd942eea-b447-42cb-9195-1ce305124a9c",
      "version": "af19c0dc-3c0f-4b65-b52e-3bc5a2cf7b7e",
      "clause": "a80e4bbc-0393-4358-8eec-e562bff8eb6c",
      "author": "b9e45c31-e705-4c56-b828-0b48d377090c",
      "body": "Annotation interne pour préciser les conditions.",
      "created_at": "2025-01-15T14:00:00Z",
      "updated_at": "2025-01-15T14:00:00Z"
    }
  },
  {
    "model": "contracts.contractcomment",
    "pk": "28f47d24-097e-4d5c-9147-9f90b0e140f1",
    "fields": {
      "contract": "e497c9fa-2b83-41cb-aff8-3c1d7cc14e0b",
      "version": "686ae87c-19b7-4a56-aed7-5185a14fe12c",
      "clause": "a991c21d-483a-48f2-a58f-daccee56d800",
      "author": "1fbef6fa-54f3-4c44-8a40-b86bb8e36f91",
      "body": "Annotation interne pour préciser les conditions.",
      "created_at": "2025-01-17T14:00:00Z",
      "updated_at": "2025-01-17T14:00:00Z"
    }
  },
  {
    "model": "contracts.contractcomment",
    "pk": "f3491324-46c3-42a0-ad2f-09296a86e72c",
    "fields": {
      "contract": "a57981a8-cea8-44e4-9521-91b907f910e6",
      "version": "056718cf-c501-49a0-8527-777c1c2edafe",
      "clause": "81b3ef93-bd6c-4708-819a-3fc4d3ba7408",
      "author": "23eb5337-d0c9-4592-9df0-3fcd18b48492",
      "body": "Annotation interne pour préciser les conditions.",
      "created_at": "2025-01-19T14:00:00Z",
      "updated_at": "2025-01-19T14:00:00Z"
    }
  },
  {
    "model": "contracts.contractcomment",
    "pk": "810176ab-c742-4e2f-a8d2-6fded81ea3aa",
    "fields": {
      "contract": "a3ad3c06-7209-47b5-b55e-82f68757326f",
      "version": "7e634a07-62cd-40f8-906b-ff12ad80fad3",
      "clause": "4b59e671-0772-4824-b29c-bbccdee34d44",
      "author": "a6fcd1db-7f16-47ea-aed9-45544e8907d5",
      "body": "Annotation interne pour préciser les conditions.",
      "created_at": "2025-01-21T14:00:00Z",
      "updated_at": "2025-01-21T14:00:00Z"
    }
  },
  {
    "model": "contracts.contractcomment",
    "pk": "81dfad69-f647-4ac8-b384-77392d2f6c4a",
    "fields": {
      "contract": "8aadeaa4-542c-46dc-b296-bdee2a86ae1d",
      "version": "444adae5-4996-4e77-96a8-0bbc482663d2",
      "clause": "ad945e6a-850f-42f0-b63a-3b3effe0a31c",
      "author": "10b48525-d937-47d5-bb0c-ac7aeddbbad4",
      "body": "Annotation interne pour préciser les conditions.",
      "created_at": "2025-01-23T14:00:00Z",
      "updated_at": "2025-01-23T14:00:00Z"
    }
  }
]