[
  {
    "model": "athletes.sport",
    "pk": "a6d75f3b-f6b5-4ff6-a805-542e8d1698c6",
    "fields": {
      "name": "Athletics",
      "slug": "athletics",
      "emoji": "🏃",
      "category": "INDIVIDUAL",
      "created_at": "2025-01-15T10:10:00Z",
      "updated_at": "2025-01-15T10:10:00Z"
    }
  },
  {
    "model": "athletes.sportdiscipline",
    "pk": "0149ac01-9d29-482f-9651-340cde1be37c",
    "fields": {
      "sport": "a6d75f3b-f6b5-4ff6-a805-542e8d1698c6",
      "name": "100m Sprint",
      "slug": "100m-sprint",
      "description": "High intensity sprint over 100 meters.",
      "is_olympic": true,
      "created_at": "2025-01-15T10:10:00Z",
      "updated_at": "2025-01-15T10:10:00Z"
    }
  },
  {
    "model": "athletes.sportdiscipline",
    "pk": "78c0d432-5008-4933-9817-bd4a6d814114",
    "fields": {
      "sport": "a6d75f3b-f6b5-4ff6-a805-542e8d1698c6",
      "name": "Marathon",
      "slug": "marathon",
      "description": "Long distance road running event.",
      "is_olympic": true,
      "created_at": "2025-01-15T10:10:30Z",
      "updated_at": "2025-01-15T10:10:30Z"
    }
  },
  {
    "model": "athletes.sportdiscipline",
    "pk": "87425bd6-0f6a-462f-8162-72994b020ec4",
    "fields": {
      "sport": "a6d75f3b-f6b5-4ff6-a805-542e8d1698c6",
      "name": "Long Jump",
      "slug": "long-jump",
      "description": "Field event measuring horizontal distance.",
      "is_olympic": true,
      "created_at": "2025-01-15T10:11:00Z",
      "updated_at": "2025-01-15T10:11:00Z"
    }
  },
  {
    "model": "athletes.sport",
    "pk": "0bd795bf-757e-4624-8734-d409a4fc6c2e",
    "fields": {
      "name": "Football",
      "slug": "football",
      "emoji": "⚽",
      "category": "TEAM",
      "created_at": "2025-01-15T10:11:00Z",
      "updated_at": "2025-01-15T10:11:00Z"
    }
  },
  {
    "model": "athletes.sportdiscipline",
    "pk": "b08b64e5-3b3d-46b4-8701-2124f858c12b",
    "fields": {
      "sport": "0bd795bf-757e-4624-8734-d409a4fc6c2e",
      "name": "Ligue 1",
      "slug": "ligue-1",
      "description": "Top French professional league.",
      "is_olympic": false,
      "created_at": "2025-01-15T10:11:00Z",
      "updated_at": "2025-01-15T10:11:00Z"
    }
  },
  {
    "model": "athletes.sportdiscipline",
    "pk": "ddae81ff-681e-41d0-bcfb-af72d808a07c",
    "fields": {
      "sport": "0bd795bf-757e-4624-8734-d409a4fc6c2e",
      "name": "UEFA Champions League",
      "slug": "uefa-champions-league",
      "description": "Elite European club competition.",
      "is_olympic": false,
      "created_at": "2025-01-15T10:11:30Z",
      "updated_at": "2025-01-15T10:11:30Z"
    }
  },
  {
    "model": "athletes.sportdiscipline",
    "pk": "c50d425d-6105-4c77-9381-86c6f2352461",
    "fields": {
      "sport": "0bd795bf-757e-4624-8734-d409a4fc6c2e",
      "name": "FIFA World Cup",
      "slug": "fifa-world-cup",
      "description": "Global national team tournament.",
      "is_olympic": true,
      "created_at": "2025-01-15T10:12:00Z",
      "updated_at": "2025-01-15T10:12:00Z"
    }
  },
  {
    "model": "athletes.sport",
    "pk": "4f24669c-56c0-4dd8-9201-25a9e7c76cf1",
    "fields": {
      "name": "Basketball",
      "slug": "basketball",
      "emoji": "🏀",
      "category": "TEAM",
      "created_at": "2025-01-15T10:12:00Z",
      "updated_at": "2025-01-15T10:12:00Z"
    }
  },
  {
    "model": "athletes.sportdiscipline",
    "pk": "1902d988-f49d-4e4a-9f5d-59161d327d79",
    "fields": {
      "sport": "4f24669c-56c0-4dd8-9201-25a9e7c76cf1",
      "name": "EuroLeague",
      "slug": "euroleague",
      "description": "Premier European club competition.",
      "is_olympic": false,
      "created_at": "2025-01-15T10:12:00Z",
      "updated_at": "2025-01-15T10:12:00Z"
    }
  },
  {
    "model": "athletes.sportdiscipline",
    "pk": "3d923c85-2ab2-4304-a8e2-ee2796a8ca30",
    "fields": {
      "sport": "4f24669c-56c0-4dd8-9201-25a9e7c76cf1",
      "name": "NBA",
      "slug": "nba",
      "description": "North American professional league.",
      "is_olympic": false,
      "created_at": "2025-01-15T10:12:30Z",
      "updated_at": "2025-01-15T10:12:30Z"
    }
  },
  {
    "model": "athletes.sportdiscipline",
    "pk": "b23e37f7-556f-4c2e-8f89-7692b7252b74",
    "fields": {
      "sport": "4f24669c-56c0-4dd8-9201-25a9e7c76cf1",
      "name": "FIBA World Cup",
      "slug": "fiba-world-cup",
      "description": "International national team competition.",
      "is_olympic": true,
      "created_at": "2025-01-15T10:13:00Z",
      "updated_at": "2025-01-15T10:13:00Z"
    }
  },
  {
    "model": "athletes.sport",
    "pk": "ee305558-ab27-4b13-9811-a78b971758d0",
    "fields": {
      "name": "Swimming",
      "slug": "swimming",
      "emoji": "🏊",
      "category": "INDIVIDUAL",
      "created_at": "2025-01-15T10:13:00Z",
      "updated_at": "2025-01-15T10:13:00Z"
    }
  },
  {
    "model": "athletes.sportdiscipline",
    "pk": "780042ff-2dac-4b7f-b75b-dcc1e17bee3e",
    "fields": {
      "sport": "ee305558-ab27-4b13-9811-a78b971758d0",
      "name": "100m Freestyle",
      "slug": "100m-freestyle",
      "description": "Sprint freestyle event.",
      "is_olympic": true,
      "created_at": "2025-01-15T10:13:00Z",
      "updated_at": "2025-01-15T10:13:00Z"
    }
  },
  {
    "model": "athletes.sportdiscipline",
    "pk": "1c3df564-c697-4c52-bcb9-5f2396cccefa",
    "fields": {
      "sport": "ee305558-ab27-4b13-9811-a78b971758d0",
      "name": "200m Butterfly",
      "slug": "200m-butterfly",
      "description": "Challenging butterfly distance.",
      "is_olympic": true,
      "created_at": "2025-01-15T10:13:30Z",
      "updated_at": "2025-01-15T10:13:30Z"
    }
  },
  {
    "model": "athletes.sportdiscipline",
    "pk": "e1bd176d-55a2-4123-9299-0336cbe7a28d",
    "fields": {
      "sport": "ee305558-ab27-4b13-9811-a78b971758d0",
      "name": "Open Water 10km",
      "slug": "open-water-10km",
      "description": "Endurance race in open water.",
      "is_olympic": true,
      "created_at": "2025-01-15T10:14:00Z",
      "updated_at": "2025-01-15T10:14:00Z"
    }
  },
  {
    "model": "athletes.sport",
    "pk": "f2e30b46-88ff-460c-a020-6ce81218e207",
    "fields": {
      "name": "Cycling",
      "slug": "cycling",
      "emoji": "🚴",
      "category": "MIXED",
      "created_at": "2025-01-15T10:14:00Z",
      "updated_at": "2025-01-15T10:14:00Z"
    }
  },
  {
    "model": "athletes.sportdiscipline",
    "pk": "4219f231-3b04-42c3-a4d3-ead178c6ed89",
    "fields": {
      "sport": "f2e30b46-88ff-460c-a020-6ce81218e207",
      "name": "Tour de France",
      "slug": "tour-de-france",
      "description": "Grand Tour stage race.",
      "is_olympic": true,
      "created_at": "2025-01-15T10:14:00Z",
      "updated_at": "2025-01-15T10:14:00Z"
    }
  },
  {
    "model": "athletes.sportdiscipline",
    "pk": "38e461e9-122c-4c5e-a7ac-0605b43b77fb",
    "fields": {
      "sport": "f2e30b46-88ff-460c-a020-6ce81218e207",
      "name": "Track Sprint",
      "slug": "track-sprint",
      "description": "Velodrome sprint event.",
      "is_olympic": true,
      "created_at": "2025-01-15T10:14:30Z",
      "updated_at": "2025-01-15T10:14:30Z"
    }
  },
  {
    "model": "athletes.sportdiscipline",
    "pk": "de71db56-9aeb-4e2f-b005-32453a80f60e",
    "fields": {
      "sport": "f2e30b46-88ff-460c-a020-6ce81218e207",
      "name": "Mountain Biking XCO",
      "slug": "mountain-biking-xco",
      "description": "Cross-country Olympic format.",
      "is_olympic": true,
      "created_at": "2025-01-15T10:15:00Z",
      "updated_at": "2025-01-15T10:15:00Z"
    }
  },
  {
    "model": "athletes.sport",
    "pk": "89701b60-a98b-43e7-9837-3fab02034742",
    "fields": {
      "name": "Tennis",
      "slug": "tennis",
      "emoji": "🎾",
      "category": "INDIVIDUAL",
      "created_at": "2025-01-15T10:15:00Z",
      "updated_at": "2025-01-15T10:15:00Z"
    }
  },
  {
    "model": "athletes.sportdiscipline",
    "pk": "0b6610c6-66ad-499d-a6f6-9d394c07e029",
    "fields": {
      "sport": "89701b60-a98b-43e7-9837-3fab02034742",
      "name": "Roland-Garros",
      "slug": "roland-garros",
      "description": "Clay Grand Slam tournament.",
      "is_olympic": false,
      "created_at": "2025-01-15T10:15:00Z",
      "updated_at": "2025-01-15T10:15:00Z"
    }
  },
  {
    "model": "athletes.sportdiscipline",
    "pk": "4f1c8294-9b1a-48e4-aee0-d5c890a769ba",
    "fields": {
      "sport": "89701b60-a98b-43e7-9837-3fab02034742",
      "name": "Wimbledon",
      "slug": "wimbledon",
      "description": "Grass Grand Slam tournament.",
      "is_olympic": false,
      "created_at": "2025-01-15T10:15:30Z",
      "updated_at": "2025-01-15T10:15:30Z"
    }
  },
  {
    "model": "athletes.sportdiscipline",
    "pk": "63c68788-2b1f-477a-b9e6-9fc4af5cad9f",
    "fields": {
      "sport": "89701b60-a98b-43e7-9837-3fab02034742",
      "name": "ATP Finals",
      "slug": "atp-finals",
      "description": "Season-ending championship.",
      "is_olympic": false,
      "created_at": "2025-01-15T10:16:00Z",
      "updated_at": "2025-01-15T10:16:00Z"
    }
  },
  {
    "model": "athletes.sport",
    "pk": "33c5663d-5ed9-41fb-b0a0-4a5f5f018d07",
    "fields": {
      "name": "Gymnastics",
      "slug": "gymnastics",
      "emoji": "🤸",
      "category": "INDIVIDUAL",
      "created_at": "2025-01-15T10:16:00Z",
      "updated_at": "2025-01-15T10:16:00Z"
    }
  },
  {
    "model": "athletes.sportdiscipline",
    "pk": "5950d835-d37a-43f7-abbf-82d8c84797d8",
    "fields": {
      "sport": "33c5663d-5ed9-41fb-b0a0-4a5f5f018d07",
      "name": "Artistic All-Around",
      "slug": "artistic-all-around",
      "description": "Combined apparatus competition.",
      "is_olympic": true,
      "created_at": "2025-01-15T10:16:00Z",
      "updated_at": "2025-01-15T10:16:00Z"
    }
  },
  {
    "model": "athletes.sportdiscipline",
    "pk": "a47ce8a0-3207-4f80-b69c-ecae4f392f7b",
    "fields": {
      "sport": "33c5663d-5ed9-41fb-b0a0-4a5f5f018d07",
      "name": "Rhythmic Ribbon",
      "slug": "rhythmic-ribbon",
      "description": "Graceful ribbon routine.",
      "is_olympic": true,
      "created_at": "2025-01-15T10:16:30Z",
      "updated_at": "2025-01-15T10:16:30Z"
    }
  },
  {
    "model": "athletes.sportdiscipline",
    "pk": "db183f9f-0984-4519-9c22-3bccecde371c",
    "fields": {
      "sport": "33c5663d-5ed9-41fb-b0a0-4a5f5f018d07",
      "name": "Trampoline",
      "slug": "trampoline",
      "description": "Acrobatic trampoline event.",
      "is_olympic": true,
      "created_at": "2025-01-15T10:17:00Z",
      "updated_at": "2025-01-15T10:17:00Z"
    }
  },
  {
    "model": "athletes.sport",
    "pk": "9b6f7bf9-cf22-4bb3-be91-e41212b07deb",
    "fields": {
      "name": "Rugby",
      "slug": "rugby",
      "emoji": "🏉",
      "category": "TEAM",
      "created_at": "2025-01-15T10:17:00Z",
      "updated_at": "2025-01-15T10:17:00Z"
    }
  },
  {
    "model": "athletes.sportdiscipline",
    "pk": "11366cb8-43a6-4ec9-8cd3-26dce7baa43f",
    "fields": {
      "sport": "9b6f7bf9-cf22-4bb3-be91-e41212b07deb",
      "name": "Top 14",
      "slug": "top-14",
      "description": "French professional rugby league.",
      "is_olympic": false,
      "created_at": "2025-01-15T10:17:00Z",
      "updated_at": "2025-01-15T10:17:00Z"
    }
  },
  {
    "model": "athletes.sportdiscipline",
    "pk": "aed761d1-3e75-4765-be1c-fecad3052509",
    "fields": {
      "sport": "9b6f7bf9-cf22-4bb3-be91-e41212b07deb",
      "name": "Six Nations",
      "slug": "six-nations",
      "description": "Annual European championship.",
      "is_olympic": false,
      "created_at": "2025-01-15T10:17:30Z",
      "updated_at": "2025-01-15T10:17:30Z"
    }
  },
  {
    "model": "athletes.sportdiscipline",
    "pk": "a29da51e-6b4c-41e9-93da-0a77f652b0a9",
    "fields": {
      "sport": "9b6f7bf9-cf22-4bb3-be91-e41212b07deb",
      "name": "Rugby World Cup",
      "slug": "rugby-world-cup",
      "description": "Global rugby union tournament.",
      "is_olympic": true,
      "created_at": "2025-01-15T10:18:00Z",
      "updated_at": "2025-01-15T10:18:00Z"
    }
  },
  {
    "model": "athletes.sport",
    "pk": "f7d6fe75-37f1-4646-8c9b-48744884edf8",
    "fields": {
      "name": "Esports",
      "slug": "esports",
      "emoji": "🎮",
      "category": "MIXED",
      "created_at": "2025-01-15T10:18:00Z",
      "updated_at": "2025-01-15T10:18:00Z"
    }
  },
  {
    "model": "athletes.sportdiscipline",
    "pk": "ba30896c-255e-497e-83bc-1fd17a0427a4",
    "fields": {
      "sport": "f7d6fe75-37f1-4646-8c9b-48744884edf8",
      "name": "League of Legends",
      "slug": "league-of-legends",
      "description": "International MOBA circuit.",
      "is_olympic": false,
      "created_at": "2025-01-15T10:18:00Z",
      "updated_at": "2025-01-15T10:18:00Z"
    }
  },
  {
    "model": "athletes.sportdiscipline",
    "pk": "819f4905-405d-4d5c-81fa-96f47ad9a525",
    "fields": {
      "sport": "f7d6fe75-37f1-4646-8c9b-48744884edf8",
      "name": "Valorant Champions",
      "slug": "valorant-champions",
      "description": "Global FPS circuit.",
      "is_olympic": false,
      "created_at": "2025-01-15T10:18:30Z",
      "updated_at": "2025-01-15T10:18:30Z"
    }
  },
  {
    "model": "athletes.sportdiscipline",
    "pk": "2e071b01-4de4-4a2a-a55e-e1aaa7664f1f",
    "fields": {
      "sport": "f7d6fe75-37f1-4646-8c9b-48744884edf8",
      "name": "Rocket League Major",
      "slug": "rocket-league-major",
      "description": "Hybrid motorsports esports event.",
      "is_olympic": false,
      "created_at": "2025-01-15T10:19:00Z",
      "updated_at": "2025-01-15T10:19:00Z"
    }
  },
  {
    "model": "athletes.sport",
    "pk": "bd318684-e41d-415f-a55b-4ae35e1f80fa",
    "fields": {
      "name": "Surfing",
      "slug": "surfing",
      "emoji": "🏄",
      "category": "INDIVIDUAL",
      "created_at": "2025-01-15T10:19:00Z",
      "updated_at": "2025-01-15T10:19:00Z"
    }
  },
  {
    "model": "athletes.sportdiscipline",
    "pk": "2f1820c1-e477-4e3e-8d3b-126290478501",
    "fields": {
      "sport": "bd318684-e41d-415f-a55b-4ae35e1f80fa",
      "name": "WSL Championship Tour",
      "slug": "wsl-championship-tour",
      "description": "Elite professional tour.",
      "is_olympic": false,
      "created_at": "2025-01-15T10:19:00Z",
      "updated_at": "2025-01-15T10:19:00Z"
    }
  },
  {
    "model": "athletes.sportdiscipline",
    "pk": "15cf4a2c-84ee-4afb-b477-a4c0dc06c0c9",
    "fields": {
      "sport": "bd318684-e41d-415f-a55b-4ae35e1f80fa",
      "name": "Big Wave Invitational",
      "slug": "big-wave-invitational",
      "description": "Invite-only big wave event.",
      "is_olympic": false,
      "created_at": "2025-01-15T10:19:30Z",
      "updated_at": "2025-01-15T10:19:30Z"
    }
  },
  {
    "model": "athletes.sportdiscipline",
    "pk": "806b5975-161e-497d-bd06-5a5e4462dc8f",
    "fields": {
      "sport": "bd318684-e41d-415f-a55b-4ae35e1f80fa",
      "name": "Olympic Shortboard",
      "slug": "olympic-shortboard",
      "description": "Olympic surfing competition.",
      "is_olympic": true,
      "created_at": "2025-01-15T10:20:00Z",
      "updated_at": "2025-01-15T10:20:00Z"
    }
  },
  {
    "model": "users.user",
    "pk": "21d7d9fa-f91a-4e78-b804-b6f82389633c",
    "fields": {
      "email": "alice.dupont@example.com",
      "first_name": "Alice",
      "last_name": "Dupont",
      "phone_country_code": "+33",
      "phone_number": "06000000",
      "date_of_birth": "1985-05-15",
      "email_verified": true,
      "password": "pbkdf2_sha256$600000$Nf1JSucDbGkFARSXcttRQD$N/J0GcH+3KSNcfsYbFAPOYHiphFBCpzC0eBVRYmllCA=",
      "password_hash": "pbkdf2_sha256$600000$Nf1JSucDbGkFARSXcttRQD$N/J0GcH+3KSNcfsYbFAPOYHiphFBCpzC0eBVRYmllCA=",
      "is_active": true,
      "is_staff": false,
      "account_type": "AGENT",
      "last_login": null,
      "created_at": "2025-01-15T10:00:00Z",
      "updated_at": "2025-01-15T10:00:00Z"
    }
  },
  {
    "model": "users.agentprofile",
    "pk": "67cac267-57ba-4198-902a-ab83c06fb7dc",
    "fields": {
      "user": "21d7d9fa-f91a-4e78-b804-b6f82389633c",
      "display_name": "Alice Dupont",
      "bio": "Agent sportif expérimenté accompagnant des talents européens.",
      "is_self_represented": true,
      "created_at": "2025-01-15T10:15:00Z",
      "updated_at": "2025-01-15T10:15:00Z"
    }
  },
  {
    "model": "users.user",
    "pk": "205caa83-cab4-4917-b87e-c0ed89f3bf05",
    "fields": {
      "email": "bruno.martin@example.com",
      "first_name": "Bruno",
      "last_name": "Martin",
      "phone_country_code": "+33",
      "phone_number": "06000001",
      "date_of_birth": "1985-05-15",
      "email_verified": true,
      "password": "pbkdf2_sha256$600000$Nf1JSucDbGkFARSXcttRQD$N/J0GcH+3KSNcfsYbFAPOYHiphFBCpzC0eBVRYmllCA=",
      "password_hash": "pbkdf2_sha256$600000$Nf1JSucDbGkFARSXcttRQD$N/J0GcH+3KSNcfsYbFAPOYHiphFBCpzC0eBVRYmllCA=",
      "is_active": true,
      "is_staff": false,
      "account_type": "AGENT",
      "last_login": null,
      "created_at": "2025-01-15T11:00:00Z",
      "updated_at": "2025-01-15T11:00:00Z"
    }
  },
  {
    "model": "users.agentprofile",
    "pk": "94c0b931-5c8b-4f1a-8b70-85496ad037e3",
    "fields": {
      "user": "205caa83-cab4-4917-b87e-c0ed89f3bf05",
      "display_name": "Bruno Martin",
      "bio": "Agent sportif expérimenté accompagnant des talents européens.",
      "is_self_represented": true,
      "created_at": "2025-01-15T11:15:00Z",
      "updated_at": "2025-01-15T11:15:00Z"
    }
  },
  {
    "model": "users.user",
    "pk": "7e7937af-e6a7-4eea-9e41-c604af25396e",
    "fields": {
      "email": "chloe.laurent@example.com",
      "first_name": "Chloé",
      "last_name": "Laurent",
      "phone_country_code": "+33",
      "phone_number": "06000002",
      "date_of_birth": "1985-05-15",
      "email_verified": true,
      "password": "pbkdf2_sha256$600000$Nf1JSucDbGkFARSXcttRQD$N/J0GcH+3KSNcfsYbFAPOYHiphFBCpzC0eBVRYmllCA=",
      "password_hash": "pbkdf2_sha256$600000$Nf1JSucDbGkFARSXcttRQD$N/J0GcH+3KSNcfsYbFAPOYHiphFBCpzC0eBVRYmllCA=",
      "is_active": true,
      "is_staff": false,
      "account_type": "AGENT",
      "last_login": null,
      "created_at": "2025-01-15T12:00:00Z",
      "updated_at": "2025-01-15T12:00:00Z"
    }
  },
  {
    "model": "users.agentprofile",
    "pk": "8e81e5ad-0c64-495f-ba11-1ddffeb347f3",
    "fields": {
      "user": "7e7937af-e6a7-4eea-9e41-c604af25396e",
      "display_name": "Chloé Laurent",
      "bio": "Agent sportif expérimenté accompagnant des talents européens.",
      "is_self_represented": true,
      "created_at": "2025-01-15T12:15:00Z",
      "updated_at": "2025-01-15T12:15:00Z"
    }
  },
  {
    "model": "users.user",
    "pk": "04b819d0-6a2f-443b-81ad-0dc3c834eaa2",
    "fields": {
      "email": "david.bernard@example.com",
      "first_name": "David",
      "last_name": "Bernard",
      "phone_country_code": "+33",
      "phone_number": "06000003",
      "date_of_birth": "1985-05-15",
      "email_verified": true,
      "password": "pbkdf2_sha256$600000$Nf1JSucDbGkFARSXcttRQD$N/J0GcH+3KSNcfsYbFAPOYHiphFBCpzC0eBVRYmllCA=",
      "password_hash": "pbkdf2_sha256$600000$Nf1JSucDbGkFARSXcttRQD$N/J0GcH+3KSNcfsYbFAPOYHiphFBCpzC0eBVRYmllCA=",
      "is_active": true,
      "is_staff": false,
      "account_type": "AGENT",
      "last_login": null,
      "created_at": "2025-01-15T13:00:00Z",
      "updated_at": "2025-01-15T13:00:00Z"
    }
  },
  {
    "model": "users.agentprofile",
    "pk": "e845b96c-b149-41d5-a464-c576d7d7059a",
    "fields": {
      "user": "04b819d0-6a2f-443b-81ad-0dc3c834eaa2",
      "display_name": "David Bernard",
      "bio": "Agent sportif expérimenté accompagnant des talents européens.",
      "is_self_represented": true,
      "created_at": "2025-01-15T13:15:00Z",
      "updated_at": "2025-01-15T13:15:00Z"
    }
  },
  {
    "model": "users.user",
    "pk": "cbc09719-a5a5-4dee-8b76-66c989acee22",
    "fields": {
      "email": "emma.girard@example.com",
      "first_name": "Emma",
      "last_name": "Girard",
      "phone_country_code": "+33",
      "phone_number": "06000004",
      "date_of_birth": "1985-05-15",
      "email_verified": true,
      "password": "pbkdf2_sha256$600000$Nf1JSucDbGkFARSXcttRQD$N/J0GcH+3KSNcfsYbFAPOYHiphFBCpzC0eBVRYmllCA=",
      "password_hash": "pbkdf2_sha256$600000$Nf1JSucDbGkFARSXcttRQD$N/J0GcH+3KSNcfsYbFAPOYHiphFBCpzC0eBVRYmllCA=",
      "is_active": true,
      "is_staff": false,
      "account_type": "AGENT",
      "last_login": null,
      "created_at": "2025-01-15T14:00:00Z",
      "updated_at": "2025-01-15T14:00:00Z"
    }
  },
  {
    "model": "users.agentprofile",
    "pk": "2deffdfd-09ba-4c78-9cf2-f7577b2144a8",
    "fields": {
      "user": "cbc09719-a5a5-4dee-8b76-66c989acee22",
      "display_name": "Emma Girard",
      "bio": "Agent sportif expérimenté accompagnant des talents européens.",
      "is_self_represented": true,
      "created_at": "2025-01-15T14:15:00Z",
      "updated_at": "2025-01-15T14:15:00Z"
    }
  },
  {
    "model": "users.user",
    "pk": "f34741e5-d86f-4975-8d28-5ff167a6c74e",
    "fields": {
      "email": "fabien.moreau@example.com",
      "first_name": "Fabien",
      "last_name": "Moreau",
      "phone_country_code": "+33",
      "phone_number": "06000005",
      "date_of_birth": "1985-05-15",
      "email_verified": true,
      "password": "pbkdf2_sha256$600000$Nf1JSucDbGkFARSXcttRQD$N/J0GcH+3KSNcfsYbFAPOYHiphFBCpzC0eBVRYmllCA=",
      "password_hash": "pbkdf2_sha256$600000$Nf1JSucDbGkFARSXcttRQD$N/J0GcH+3KSNcfsYbFAPOYHiphFBCpzC0eBVRYmllCA=",
      "is_active": true,
      "is_staff": false,
      "account_type": "AGENT",
      "last_login": null,
      "created_at": "2025-01-15T15:00:00Z",
      "updated_at": "2025-01-15T15:00:00Z"
    }
  },
  {
    "model": "users.agentprofile",
    "pk": "7d5a5a06-1f10-4b3f-b335-aaca4cc9dba0",
    "fields": {
      "user": "f34741e5-d86f-4975-8d28-5ff167a6c74e",
      "display_name": "Fabien Moreau",
      "bio": "Agent sportif expérimenté accompagnant des talents européens.",
      "is_self_represented": true,
      "created_at": "2025-01-15T15:15:00Z",
      "updated_at": "2025-01-15T15:15:00Z"
    }
  },
  {
    "model": "users.user",
    "pk": "4eb18d66-26e4-41ef-a7dc-4bdeba211515",
    "fields": {
      "email": "gaelle.robert@example.com",
      "first_name": "Gaëlle",
      "last_name": "Robert",
      "phone_country_code": "+33",
      "phone_number": "06000006",
      "date_of_birth": "1985-05-15",
      "email_verified": true,
      "password": "pbkdf2_sha256$600000$Nf1JSucDbGkFARSXcttRQD$N/J0GcH+3KSNcfsYbFAPOYHiphFBCpzC0eBVRYmllCA=",
      "password_hash": "pbkdf2_sha256$600000$Nf1JSucDbGkFARSXcttRQD$N/J0GcH+3KSNcfsYbFAPOYHiphFBCpzC0eBVRYmllCA=",
      "is_active": true,
      "is_staff": false,
      "account_type": "AGENT",
      "last_login": null,
      "created_at": "2025-01-15T16:00:00Z",
      "updated_at": "2025-01-15T16:00:00Z"
    }
  },
  {
    "model": "users.agentprofile",
    "pk": "d76f3c6f-32d2-41cf-8d47-5f0795d5ff67",
    "fields": {
      "user": "4eb18d66-26e4-41ef-a7dc-4bdeba211515",
      "display_name": "Gaëlle Robert",
      "bio": "Agent sportif expérimenté accompagnant des talents européens.",
      "is_self_represented": true,
      "created_at": "2025-01-15T16:15:00Z",
      "updated_at": "2025-01-15T16:15:00Z"
    }
  },
  {
    "model": "users.user",
    "pk": "ba256a7a-9819-4278-b6ec-5c5f9efe536d",
    "fields": {
      "email": "hugo.petit@example.com",
      "first_name": "Hugo",
      "last_name": "Petit",
      "phone_country_code": "+33",
      "phone_number": "06000007",
      "date_of_birth": "1985-05-15",
      "email_verified": true,
      "password": "pbkdf2_sha256$600000$Nf1JSucDbGkFARSXcttRQD$N/J0GcH+3KSNcfsYbFAPOYHiphFBCpzC0eBVRYmllCA=",
      "password_hash": "pbkdf2_sha256$600000$Nf1JSucDbGkFARSXcttRQD$N/J0GcH+3KSNcfsYbFAPOYHiphFBCpzC0eBVRYmllCA=",
      "is_active": true,
      "is_staff": false,
      "account_type": "AGENT",
      "last_login": null,
      "created_at": "2025-01-15T17:00:00Z",
      "updated_at": "2025-01-15T17:00:00Z"
    }
  },
  {
    "model": "users.agentprofile",
    "pk": "77ae0f8c-7b8d-4b47-93e5-3ed04331c12a",
    "fields": {
      "user": "ba256a7a-9819-4278-b6ec-5c5f9efe536d",
      "display_name": "Hugo Petit",
      "bio": "Agent sportif expérimenté accompagnant des talents européens.",
      "is_self_represented": false,
      "created_at": "2025-01-15T17:15:00Z",
      "updated_at": "2025-01-15T17:15:00Z"
    }
  },
  {
    "model": "users.user",
    "pk": "0767a520-3ea5-4cf2-8d41-0b83645229f7",
    "fields": {
      "email": "isabelle.lefevre@example.com",
      "first_name": "Isabelle",
      "last_name": "Lefevre",
      "phone_country_code": "+33",
      "phone_number": "06000008",
      "date_of_birth": "1985-05-15",
      "email_verified": true,
      "password": "pbkdf2_sha256$600000$Nf1JSucDbGkFARSXcttRQD$N/J0GcH+3KSNcfsYbFAPOYHiphFBCpzC0eBVRYmllCA=",
      "password_hash": "pbkdf2_sha256$600000$Nf1JSucDbGkFARSXcttRQD$N/J0GcH+3KSNcfsYbFAPOYHiphFBCpzC0eBVRYmllCA=",
      "is_active": true,
      "is_staff": false,
      "account_type": "AGENT",
      "last_login": null,
      "created_at": "2025-01-15T18:00:00Z",
      "updated_at": "2025-01-15T18:00:00Z"
    }
  },
  {
    "model": "users.agentprofile",
    "pk": "a26bdab9-156d-4271-ae7e-a53fc00c02c6",
    "fields": {
      "user": "0767a520-3ea5-4cf2-8d41-0b83645229f7",
      "display_name": "Isabelle Lefevre",
      "bio": "Agent sportif expérimenté accompagnant des talents européens.",
      "is_self_represented": false,
      "created_at": "2025-01-15T18:15:00Z",
      "updated_at": "2025-01-15T18:15:00Z"
    }
  },
  {
    "model": "users.user",
    "pk": "d16c731d-d8cc-489e-a30b-4f6724c09aef",
    "fields": {
      "email": "julien.caron@example.com",
      "first_name": "Julien",
      "last_name": "Caron",
      "phone_country_code": "+33",
      "phone_number": "06000009",
      "date_of_birth": "1985-05-15",
      "email_verified": true,
      "password": "pbkdf2_sha256$600000$Nf1JSucDbGkFARSXcttRQD$N/J0GcH+3KSNcfsYbFAPOYHiphFBCpzC0eBVRYmllCA=",
      "password_hash": "pbkdf2_sha256$600000$Nf1JSucDbGkFARSXcttRQD$N/J0GcH+3KSNcfsYbFAPOYHiphFBCpzC0eBVRYmllCA=",
      "is_active": true,
      "is_staff": false,
      "account_type": "AGENT",
      "last_login": null,
      "created_at": "2025-01-15T19:00:00Z",
      "updated_at": "2025-01-15T19:00:00Z"
    }
  },
  {
    "model": "users.agentprofile",
    "pk": "fbb1c508-6f40-49ba-9a51-904f205638b4",
    "fields": {
      "user": "d16c731d-d8cc-489e-a30b-4f6724c09aef",
      "display_name": "Julien Caron",
      "bio": "Agent sportif expérimenté accompagnant des talents européens.",
      "is_self_represented": false,
      "created_at": "2025-01-15T19:15:00Z",
      "updated_at": "2025-01-15T19:15:00Z"
    }
  },
  {
    "model": "users.user",
    "pk": "84b9e83a-ac90-48e7-b05d-059b0211ca9a",
    "fields": {
      "email": "karim.leroy@example.com",
      "first_name": "Karim",
      "last_name": "Leroy",
      "phone_country_code": "+33",
      "phone_number": "06000010",
      "date_of_birth": "1985-05-15",
      "email_verified": true,
      "password": "pbkdf2_sha256$600000$Nf1JSucDbGkFARSXcttRQD$N/J0GcH+3KSNcfsYbFAPOYHiphFBCpzC0eBVRYmllCA=",
      "password_hash": "pbkdf2_sha256$600000$Nf1JSucDbGkFARSXcttRQD$N/J0GcH+3KSNcfsYbFAPOYHiphFBCpzC0eBVRYmllCA=",
      "is_active": true,
      "is_staff": false,
      "account_type": "AGENT",
      "last_login": null,
      "created_at": "2025-01-15T20:00:00Z",
      "updated_at": "2025-01-15T20:00:00Z"
    }
  },
  {
    "model": "users.agentprofile",
    "pk": "26c27561-d812-4322-a0b7-9cc188d69a23",
    "fields": {
      "user": "84b9e83a-ac90-48e7-b05d-059b0211ca9a",
      "display_name": "Karim Leroy",
      "bio": "Agent sportif expérimenté accompagnant des talents européens.",
      "is_self_represented": false,
      "created_at": "2025-01-15T20:15:00Z",
      "updated_at": "2025-01-15T20:15:00Z"
    }
  },
  {
    "model": "users.user",
    "pk": "a53cfcde-3fee-4ea1-a05f-e508fa171c27",
    "fields": {
      "email": "laura.fontaine@example.com",
      "first_name": "Laura",
      "last_name": "Fontaine",
      "phone_country_code": "+33",
      "phone_number": "06000011",
      "date_of_birth": "1985-05-15",
      "email_verified": true,
      "password": "pbkdf2_sha256$600000$Nf1JSucDbGkFARSXcttRQD$N/J0GcH+3KSNcfsYbFAPOYHiphFBCpzC0eBVRYmllCA=",
      "password_hash": "pbkdf2_sha256$600000$Nf1JSucDbGkFARSXcttRQD$N/J0GcH+3KSNcfsYbFAPOYHiphFBCpzC0eBVRYmllCA=",
      "is_active": true,
      "is_staff": false,
      "account_type": "AGENT",
      "last_login": null,
      "created_at": "2025-01-15T21:00:00Z",
      "updated_at": "2025-01-15T21:00:00Z"
    }
  },
  {
    "model": "users.agentprofile",
    "pk": "4ee92cc1-046c-4956-9a48-a7f4bce96a8b",
    "fields": {
      "user": "a53cfcde-3fee-4ea1-a05f-e508fa171c27",
      "display_name": "Laura Fontaine",
      "bio": "Agent sportif expérimenté accompagnant des talents européens.",
      "is_self_represented": false,
      "created_at": "2025-01-15T21:15:00Z",
      "updated_at": "2025-01-15T21:15:00Z"
    }
  },
  {
    "model": "users.user",
    "pk": "2c923099-de34-4704-a323-009eed6ccd8d",
    "fields": {
      "email": "mathieu.perrin@example.com",
      "first_name": "Mathieu",
      "last_name": "Perrin",
      "phone_country_code": "+33",
      "phone_number": "06000012",
      "date_of_birth": "1985-05-15",
      "email_verified": true,
      "password": "pbkdf2_sha256$600000$Nf1JSucDbGkFARSXcttRQD$N/J0GcH+3KSNcfsYbFAPOYHiphFBCpzC0eBVRYmllCA=",
      "password_hash": "pbkdf2_sha256$600000$Nf1JSucDbGkFARSXcttRQD$N/J0GcH+3KSNcfsYbFAPOYHiphFBCpzC0eBVRYmllCA=",
      "is_active": true,
      "is_staff": false,
      "account_type": "AGENT",
      "last_login": null,
      "created_at": "2025-01-15T22:00:00Z",
      "updated_at": "2025-01-15T22:00:00Z"
    }
  },
  {
    "model": "users.agentprofile",
    "pk": "3bafb802-ce3a-4ba3-bfb7-68db68cdee97",
    "fields": {
      "user": "2c923099-de34-4704-a323-009eed6ccd8d",
      "display_name": "Mathieu Perrin",
      "bio": "Agent sportif expérimenté accompagnant des talents européens.",
      "is_self_represented": false,
      "created_at": "2025-01-15T22:15:00Z",
      "updated_at": "2025-01-15T22:15:00Z"
    }
  },
  {
    "model": "users.user",
    "pk": "7d244b7d-3eff-4642-8826-5d19aeca87f1",
    "fields": {
      "email": "nadia.roche@example.com",
      "first_name": "Nadia",
      "last_name": "Roche",
      "phone_country_code": "+33",
      "phone_number": "06000013",
      "date_of_birth": "1985-05-15",
      "email_verified": true,
      "password": "pbkdf2_sha256$600000$Nf1JSucDbGkFARSXcttRQD$N/J0GcH+3KSNcfsYbFAPOYHiphFBCpzC0eBVRYmllCA=",
      "password_hash": "pbkdf2_sha256$600000$Nf1JSucDbGkFARSXcttRQD$N/J0GcH+3KSNcfsYbFAPOYHiphFBCpzC0eBVRYmllCA=",
      "is_active": true,
      "is_staff": false,
      "account_type": "AGENT",
      "last_login": null,
      "created_at": "2025-01-15T23:00:00Z",
      "updated_at": "2025-01-15T23:00:00Z"
    }
  },
  {
    "model": "users.agentprofile",
    "pk": "f388870b-cc58-4c26-b4f3-8907b99c2c73",
    "fields": {
      "user": "7d244b7d-3eff-4642-8826-5d19aeca87f1",
      "display_name": "Nadia Roche",
      "bio": "Agent sportif expérimenté accompagnant des talents européens.",
      "is_self_represented": false,
      "created_at": "2025-01-15T23:15:00Z",
      "updated_at": "2025-01-15T23:15:00Z"
    }
  },
  {
    "model": "users.user",
    "pk": "e11afdd3-af32-4ef0-9ff0-9f0dca88097c",
    "fields": {
      "email": "olivier.lemaitre@example.com",
      "first_name": "Olivier",
      "last_name": "Lemaitre",
      "phone_country_code": "+33",
      "phone_number": "06000014",
      "date_of_birth": "1985-05-15",
      "email_verified": true,
      "password": "pbkdf2_sha256$600000$Nf1JSucDbGkFARSXcttRQD$N/J0GcH+3KSNcfsYbFAPOYHiphFBCpzC0eBVRYmllCA=",
      "password_hash": "pbkdf2_sha256$600000$Nf1JSucDbGkFARSXcttRQD$N/J0GcH+3KSNcfsYbFAPOYHiphFBCpzC0eBVRYmllCA=",
      "is_active": true,
      "is_staff": false,
      "account_type": "AGENT",
      "last_login": null,
      "created_at": "2025-01-16T00:00:00Z",
      "updated_at": "2025-01-16T00:00:00Z"
    }
  },
  {
    "model": "users.agentprofile",
    "pk": "6825cb19-f960-4693-98bb-1cf19735f741",
    "fields": {
      "user": "e11afdd3-af32-4ef0-9ff0-9f0dca88097c",
      "display_name": "Olivier Lemaitre",
      "bio": "Agent sportif expérimenté accompagnant des talents européens.",
      "is_self_represented": false,
      "created_at": "2025-01-16T00:15:00Z",
      "updated_at": "2025-01-16T00:15:00Z"
    }
  },
  {
    "model": "users.user",
    "pk": "4dd4de9a-7511-4699-b405-25052e683593",
    "fields": {
      "email": "pauline.marchand@example.com",
      "first_name": "Pauline",
      "last_name": "Marchand",
      "phone_country_code": "+33",
      "phone_number": "06000015",
      "date_of_birth": "1985-05-15",
      "email_verified": true,
      "password": "pbkdf2_sha256$600000$Nf1JSucDbGkFARSXcttRQD$N/J0GcH+3KSNcfsYbFAPOYHiphFBCpzC0eBVRYmllCA=",
      "password_hash": "pbkdf2_sha256$600000$Nf1JSucDbGkFARSXcttRQD$N/J0GcH+3KSNcfsYbFAPOYHiphFBCpzC0eBVRYmllCA=",
      "is_active": true,
      "is_staff": false,
      "account_type": "AGENT",
      "last_login": null,
      "created_at": "2025-01-16T01:00:00Z",
      "updated_at": "2025-01-16T01:00:00Z"
    }
  },
  {
    "model": "users.agentprofile",
    "pk": "83da7d7c-639c-438d-bf9c-f6389f594ff9",
    "fields": {
      "user": "4dd4de9a-7511-4699-b405-25052e683593",
      "display_name": "Pauline Marchand",
      "bio": "Agent sportif expérimenté accompagnant des talents européens.",
      "is_self_represented": false,
      "created_at": "2025-01-16T01:15:00Z",
      "updated_at": "2025-01-16T01:15:00Z"
    }
  },
  {
    "model": "users.user",
    "pk": "8ecf1ac2-a04c-4cca-aea5-f31c130b56c2",
    "fields": {
      "email": "quentin.blanchard@example.com",
      "first_name": "Quentin",
      "last_name": "Blanchard",
      "phone_country_code": "+33",
      "phone_number": "06000016",
      "date_of_birth": "1985-05-15",
      "email_verified": true,
      "password": "pbkdf2_sha256$600000$Nf1JSucDbGkFARSXcttRQD$N/J0GcH+3KSNcfsYbFAPOYHiphFBCpzC0eBVRYmllCA=",
      "password_hash": "pbkdf2_sha256$600000$Nf1JSucDbGkFARSXcttRQD$N/J0GcH+3KSNcfsYbFAPOYHiphFBCpzC0eBVRYmllCA=",
      "is_active": true,
      "is_staff": false,
      "account_type": "AGENT",
      "last_login": null,
      "created_at": "2025-01-16T02:00:00Z",
      "updated_at": "2025-01-16T02:00:00Z"
    }
  },
  {
    "model": "users.agentprofile",
    "pk": "43a5bece-74fc-4482-930e-f6b237883e34",
    "fields": {
      "user": "8ecf1ac2-a04c-4cca-aea5-f31c130b56c2",
      "display_name": "Quentin Blanchard",
      "bio": "Agent sportif expérimenté accompagnant des talents européens.",
      "is_self_represented": false,
      "created_at": "2025-01-16T02:15:00Z",
      "updated_at": "2025-01-16T02:15:00Z"
    }
  },
  {
    "model": "users.user",
    "pk": "856320cc-513c-48a6-814e-ce85d5cdbcbc",
    "fields": {
      "email": "romain.allard@example.com",
      "first_name": "Romain",
      "last_name": "Allard",
      "phone_country_code": "+33",
      "phone_number": "06000017",
      "date_of_birth": "1985-05-15",
      "email_verified": true,
      "password": "pbkdf2_sha256$600000$Nf1JSucDbGkFARSXcttRQD$N/J0GcH+3KSNcfsYbFAPOYHiphFBCpzC0eBVRYmllCA=",
      "password_hash": "pbkdf2_sha256$600000$Nf1JSucDbGkFARSXcttRQD$N/J0GcH+3KSNcfsYbFAPOYHiphFBCpzC0eBVRYmllCA=",
      "is_active": true,
      "is_staff": false,
      "account_type": "AGENT",
      "last_login": null,
      "created_at": "2025-01-16T03:00:00Z",
      "updated_at": "2025-01-16T03:00:00Z"
    }
  },
  {
    "model": "users.agentprofile",
    "pk": "be33b882-cdec-4473-baa6-4ee7117f778c",
    "fields": {
      "user": "856320cc-513c-48a6-814e-ce85d5cdbcbc",
      "display_name": "Romain Allard",
      "bio": "Agent sportif expérimenté accompagnant des talents européens.",
      "is_self_represented": false,
      "created_at": "2025-01-16T03:15:00Z",
      "updated_at": "2025-01-16T03:15:00Z"
    }
  },
  {
    "model": "users.user",
    "pk": "db5e562f-3a3d-4637-92dc-8557e4f119bb",
    "fields": {
      "email": "sophie.garnier@example.com",
      "first_name": "Sophie",
      "last_name": "Garnier",
      "phone_country_code": "+33",
      "phone_number": "06000018",
      "date_of_birth": "1985-05-15",
      "email_verified": true,
      "password": "pbkdf2_sha256$600000$Nf1JSucDbGkFARSXcttRQD$N/J0GcH+3KSNcfsYbFAPOYHiphFBCpzC0eBVRYmllCA=",
      "password_hash": "pbkdf2_sha256$600000$Nf1JSucDbGkFARSXcttRQD$N/J0GcH+3KSNcfsYbFAPOYHiphFBCpzC0eBVRYmllCA=",
      "is_active": true,
      "is_staff": false,
      "account_type": "AGENT",
      "last_login": null,
      "created_at": "2025-01-16T04:00:00Z",
      "updated_at": "2025-01-16T04:00:00Z"
    }
  },
  {
    "model": "users.agentprofile",
    "pk": "326774e4-31be-46d9-acd9-9723ce641f88",
    "fields": {
      "user": "db5e562f-3a3d-4637-92dc-8557e4f119bb",
      "display_name": "Sophie Garnier",
      "bio": "Agent sportif expérimenté accompagnant des talents européens.",
      "is_self_represented": false,
      "created_at": "2025-01-16T04:15:00Z",
      "updated_at": "2025-01-16T04:15:00Z"
    }
  },
  {
    "model": "users.user",
    "pk": "0fab6359-1bbf-45df-a989-a95ffded635a",
    "fields": {
      "email": "thomas.barbier@example.com",
      "first_name": "Thomas",
      "last_name": "Barbier",
      "phone_country_code": "+33",
      "phone_number": "06000019",
      "date_of_birth": "1985-05-15",
      "email_verified": true,
      "password": "pbkdf2_sha256$600000$Nf1JSucDbGkFARSXcttRQD$N/J0GcH+3KSNcfsYbFAPOYHiphFBCpzC0eBVRYmllCA=",
      "password_hash": "pbkdf2_sha256$600000$Nf1JSucDbGkFARSXcttRQD$N/J0GcH+3KSNcfsYbFAPOYHiphFBCpzC0eBVRYmllCA=",
      "is_active": true,
      "is_staff": false,
      "account_type": "AGENT",
      "last_login": null,
      "created_at": "2025-01-16T05:00:00Z",
      "updated_at": "2025-01-16T05:00:00Z"
    }
  },
  {
    "model": "users.agentprofile",
    "pk": "5af1e884-b360-40d8-bf99-c11029b8b35b",
    "fields": {
      "user": "0fab6359-1bbf-45df-a989-a95ffded635a",
      "display_name": "Thomas Barbier",
      "bio": "Agent sportif expérimenté accompagnant des talents européens.",
      "is_self_represented": false,
      "created_at": "2025-01-16T05:15:00Z",
      "updated_at": "2025-01-16T05:15:00Z"
    }
  },
  {
    "model": "users.user",
    "pk": "539b1f56-5ccb-4f10-a710-694fc2c2c2e9",
    "fields": {
      "email": "amelie.boucher@brands.example.com",
      "first_name": "Amélie",
      "last_name": "Boucher",
      "phone_country_code": "+33",
      "phone_number": "07000000",
      "date_of_birth": "1990-04-20",
      "email_verified": true,
      "password": "pbkdf2_sha256$600000$Nf1JSucDbGkFARSXcttRQD$N/J0GcH+3KSNcfsYbFAPOYHiphFBCpzC0eBVRYmllCA=",
      "password_hash": "pbkdf2_sha256$600000$Nf1JSucDbGkFARSXcttRQD$N/J0GcH+3KSNcfsYbFAPOYHiphFBCpzC0eBVRYmllCA=",
      "is_active": true,
      "is_staff": false,
      "account_type": "COLLABORATOR",
      "last_login": null,
      "created_at": "2025-01-16T16:00:00Z",
      "updated_at": "2025-01-16T16:00:00Z"
    }
  },
  {
    "model": "users.user",
    "pk": "28108f3d-a94e-4b20-a369-fe5db3b86d20",
    "fields": {
      "email": "bastien.renard@brands.example.com",
      "first_name": "Bastien",
      "last_name": "Renard",
      "phone_country_code": "+33",
      "phone_number": "07000001",
      "date_of_birth": "1990-04-20",
      "email_verified": true,
      "password": "pbkdf2_sha256$600000$Nf1JSucDbGkFARSXcttRQD$N/J0GcH+3KSNcfsYbFAPOYHiphFBCpzC0eBVRYmllCA=",
      "password_hash": "pbkdf2_sha256$600000$Nf1JSucDbGkFARSXcttRQD$N/J0GcH+3KSNcfsYbFAPOYHiphFBCpzC0eBVRYmllCA=",
      "is_active": true,
      "is_staff": false,
      "account_type": "COLLABORATOR",
      "last_login": null,
      "created_at": "2025-01-16T17:00:00Z",
      "updated_at": "2025-01-16T17:00:00Z"
    }
  },
  {
    "model": "users.user",
    "pk": "64b8f160-bf74-4158-8342-09103a0d9e9c",
    "fields": {
      "email": "camille.lopez@brands.example.com",
      "first_name": "Camille",
      "last_name": "Lopez",
      "phone_country_code": "+33",
      "phone_number": "07000002",
      "date_of_birth": "1990-04-20",
      "email_verified": true,
      "password": "pbkdf2_sha256$600000$Nf1JSucDbGkFARSXcttRQD$N/J0GcH+3KSNcfsYbFAPOYHiphFBCpzC0eBVRYmllCA=",
      "password_hash": "pbkdf2_sha256$600000$Nf1JSucDbGkFARSXcttRQD$N/J0GcH+3KSNcfsYbFAPOYHiphFBCpzC0eBVRYmllCA=",
      "is_active": true,
      "is_staff": false,
      "account_type": "COLLABORATOR",
      "last_login": null,
      "created_at": "2025-01-16T18:00:00Z",
      "updated_at": "2025-01-16T18:00:00Z"
    }
  },
  {
    "model": "users.user",
    "pk": "51d64199-4952-46ad-a43b-de0f0937acfa",
    "fields": {
      "email": "damien.giraud@brands.example.com",
      "first_name": "Damien",
      "last_name": "Giraud",
      "phone_country_code": "+33",
      "phone_number": "07000003",
      "date_of_birth": "1990-04-20",
      "email_verified": true,
      "password": "pbkdf2_sha256$600000$Nf1JSucDbGkFARSXcttRQD$N/J0GcH+3KSNcfsYbFAPOYHiphFBCpzC0eBVRYmllCA=",
      "password_hash": "pbkdf2_sha256$600000$Nf1JSucDbGkFARSXcttRQD$N/J0GcH+3KSNcfsYbFAPOYHiphFBCpzC0eBVRYmllCA=",
      "is_active": true,
      "is_staff": false,
      "account_type": "COLLABORATOR",
      "last_login": null,
      "created_at": "2025-01-16T19:00:00Z",
      "updated_at": "2025-01-16T19:00:00Z"
    }
  },
  {
    "model": "users.user",
    "pk": "f7eed31c-0d9c-4faa-855d-93415c702a55",
    "fields": {
      "email": "elise.morel@brands.example.com",
      "first_name": "Elise",
      "last_name": "Morel",
      "phone_country_code": "+33",
      "phone_number": "07000004",
      "date_of_birth": "1990-04-20",
      "email_verified": true,
      "password": "pbkdf2_sha256$600000$Nf1JSucDbGkFARSXcttRQD$N/J0GcH+3KSNcfsYbFAPOYHiphFBCpzC0eBVRYmllCA=",
      "password_hash": "pbkdf2_sha256$600000$Nf1JSucDbGkFARSXcttRQD$N/J0GcH+3KSNcfsYbFAPOYHiphFBCpzC0eBVRYmllCA=",
      "is_active": true,
      "is_staff": false,
      "account_type": "COLLABORATOR",
      "last_login": null,
      "created_at": "2025-01-16T20:00:00Z",
      "updated_at": "2025-01-16T20:00:00Z"
    }
  },
  {
    "model": "users.user",
    "pk": "fcf13718-8f42-463a-ba8c-7b2225156964",
    "fields": {
      "email": "florian.rousseau@brands.example.com",
      "first_name": "Florian",
      "last_name": "Rousseau",
      "phone_country_code": "+33",
      "phone_number": "07000005",
      "date_of_birth": "1990-04-20",
      "email_verified": true,
      "password": "pbkdf2_sha256$600000$Nf1JSucDbGkFARSXcttRQD$N/J0GcH+3KSNcfsYbFAPOYHiphFBCpzC0eBVRYmllCA=",
      "password_hash": "pbkdf2_sha256$600000$Nf1JSucDbGkFARSXcttRQD$N/J0GcH+3KSNcfsYbFAPOYHiphFBCpzC0eBVRYmllCA=",
      "is_active": true,
      "is_staff": false,
      "account_type": "COLLABORATOR",
      "last_login": null,
      "created_at": "2025-01-16T21:00:00Z",
      "updated_at": "2025-01-16T21:00:00Z"
    }
  },
  {
    "model": "users.user",
    "pk": "02babbe8-e7a1-44b4-b9d5-e348bce3508d",
    "fields": {
      "email": "geraldine.fabre@brands.example.com",
      "first_name": "Géraldine",
      "last_name": "Fabre",
      "phone_country_code": "+33",
      "phone_number": "07000006",
      "date_of_birth": "1990-04-20",
      "email_verified": true,
      "password": "pbkdf2_sha256$600000$Nf1JSucDbGkFARSXcttRQD$N/J0GcH+3KSNcfsYbFAPOYHiphFBCpzC0eBVRYmllCA=",
      "password_hash": "pbkdf2_sha256$600000$Nf1JSucDbGkFARSXcttRQD$N/J0GcH+3KSNcfsYbFAPOYHiphFBCpzC0eBVRYmllCA=",
      "is_active": true,
      "is_staff": false,
      "account_type": "COLLABORATOR",
      "last_login": null,
      "created_at": "2025-01-16T22:00:00Z",
      "updated_at": "2025-01-16T22:00:00Z"
    }
  },
  {
    "model": "users.user",
    "pk": "f8371b4f-0432-46f2-a97c-af3eb8846032",
    "fields": {
      "email": "helene.marchal@brands.example.com",
      "first_name": "Hélène",
      "last_name": "Marchal",
      "phone_country_code": "+33",
      "phone_number": "07000007",
      "date_of_birth": "1990-04-20",
      "email_verified": true,
      "password": "pbkdf2_sha256$600000$Nf1JSucDbGkFARSXcttRQD$N/J0GcH+3KSNcfsYbFAPOYHiphFBCpzC0eBVRYmllCA=",
      "password_hash": "pbkdf2_sha256$600000$Nf1JSucDbGkFARSXcttRQD$N/J0GcH+3KSNcfsYbFAPOYHiphFBCpzC0eBVRYmllCA=",
      "is_active": true,
      "is_staff": false,
      "account_type": "COLLABORATOR",
      "last_login": null,
      "created_at": "2025-01-16T23:00:00Z",
      "updated_at": "2025-01-16T23:00:00Z"
    }
  },
  {
    "model": "users.user",
    "pk": "60d98f3b-be70-45c9-8fb6-fdd3bb0dc54d",
    "fields": {
      "email": "ines.baron@brands.example.com",
      "first_name": "Inès",
      "last_name": "Baron",
      "phone_country_code": "+33",
      "phone_number": "07000008",
      "date_of_birth": "1990-04-20",
      "email_verified": true,
      "password": "pbkdf2_sha256$600000$Nf1JSucDbGkFARSXcttRQD$N/J0GcH+3KSNcfsYbFAPOYHiphFBCpzC0eBVRYmllCA=",
      "password_hash": "pbkdf2_sha256$600000$Nf1JSucDbGkFARSXcttRQD$N/J0GcH+3KSNcfsYbFAPOYHiphFBCpzC0eBVRYmllCA=",
      "is_active": true,
      "is_staff": false,
      "account_type": "COLLABORATOR",
      "last_login": null,
      "created_at": "2025-01-17T00:00:00Z",
      "updated_at": "2025-01-17T00:00:00Z"
    }
  },
  {
    "model": "users.user",
    "pk": "742ce627-6142-42a6-9249-eb0de782f938",
    "fields": {
      "email": "jules.dupuis@brands.example.com",
      "first_name": "Jules",
      "last_name": "Dupuis",
      "phone_country_code": "+33",
      "phone_number": "07000009",
      "date_of_birth": "1990-04-20",
      "email_verified": true,
      "password": "pbkdf2_sha256$600000$Nf1JSucDbGkFARSXcttRQD$N/J0GcH+3KSNcfsYbFAPOYHiphFBCpzC0eBVRYmllCA=",
      "password_hash": "pbkdf2_sha256$600000$Nf1JSucDbGkFARSXcttRQD$N/J0GcH+3KSNcfsYbFAPOYHiphFBCpzC0eBVRYmllCA=",
      "is_active": true,
      "is_staff": false,
      "account_type": "COLLABORATOR",
      "last_login": null,
      "created_at": "2025-01-17T01:00:00Z",
      "updated_at": "2025-01-17T01:00:00Z"
    }
  },
  {
    "model": "users.user",
    "pk": "dbe620e0-18b1-4f59-a6ea-18557ec67051",
    "fields": {
      "email": "katia.jourdan@brands.example.com",
      "first_name": "Katia",
      "last_name": "Jourdan",
      "phone_country_code": "+33",
      "phone_number": "07000010",
      "date_of_birth": "1990-04-20",
      "email_verified": true,
      "password": "pbkdf2_sha256$600000$Nf1JSucDbGkFARSXcttRQD$N/J0GcH+3KSNcfsYbFAPOYHiphFBCpzC0eBVRYmllCA=",
      "password_hash": "pbkdf2_sha256$600000$Nf1JSucDbGkFARSXcttRQD$N/J0GcH+3KSNcfsYbFAPOYHiphFBCpzC0eBVRYmllCA=",
      "is_active": true,
      "is_staff": false,
      "account_type": "COLLABORATOR",
      "last_login": null,
      "created_at": "2025-01-17T02:00:00Z",
      "updated_at": "2025-01-17T02:00:00Z"
    }
  },
  {
    "model": "users.user",
    "pk": "52271abb-73e9-4cc3-91d4-e7a94ed725dc",
    "fields": {
      "email": "louis.marin@brands.example.com",
      "first_name": "Louis",
      "last_name": "Marin",
      "phone_country_code": "+33",
      "phone_number": "07000011",
      "date_of_birth": "1990-04-20",
      "email_verified": true,
      "password": "pbkdf2_sha256$600000$Nf1JSucDbGkFARSXcttRQD$N/J0GcH+3KSNcfsYbFAPOYHiphFBCpzC0eBVRYmllCA=",
      "password_hash": "pbkdf2_sha256$600000$Nf1JSucDbGkFARSXcttRQD$N/J0GcH+3KSNcfsYbFAPOYHiphFBCpzC0eBVRYmllCA=",
      "is_active": true,
      "is_staff": false,
      "account_type": "COLLABORATOR",
      "last_login": null,
      "created_at": "2025-01-17T03:00:00Z",
      "updated_at": "2025-01-17T03:00:00Z"
    }
  },
  {
    "model": "users.user",
    "pk": "5fe4dd04-1dd0-4ef2-aedf-b070a46eae22",
    "fields": {
      "email": "melanie.charbonnier@brands.example.com",
      "first_name": "Mélanie",
      "last_name": "Charbonnier",
      "phone_country_code": "+33",
      "phone_number": "07000012",
      "date_of_birth": "1990-04-20",
      "email_verified": true,
      "password": "pbkdf2_sha256$600000$Nf1JSucDbGkFARSXcttRQD$N/J0GcH+3KSNcfsYbFAPOYHiphFBCpzC0eBVRYmllCA=",
      "password_hash": "pbkdf2_sha256$600000$Nf1JSucDbGkFARSXcttRQD$N/J0GcH+3KSNcfsYbFAPOYHiphFBCpzC0eBVRYmllCA=",
      "is_active": true,
      "is_staff": false,
      "account_type": "COLLABORATOR",
      "last_login": null,
      "created_at": "2025-01-17T04:00:00Z",
      "updated_at": "2025-01-17T04:00:00Z"
    }
  },
  {
    "model": "users.user",
    "pk": "02e6abaf-8c9a-4f82-9f9d-5bf91312d48e",
    "fields": {
      "email": "noe.poulain@brands.example.com",
      "first_name": "Noé",
      "last_name": "Poulain",
      "phone_country_code": "+33",
      "phone_number": "07000013",
      "date_of_birth": "1990-04-20",
      "email_verified": true,
      "password": "pbkdf2_sha256$600000$Nf1JSucDbGkFARSXcttRQD$N/J0GcH+3KSNcfsYbFAPOYHiphFBCpzC0eBVRYmllCA=",
      "password_hash": "pbkdf2_sha256$600000$Nf1JSucDbGkFARSXcttRQD$N/J0GcH+3KSNcfsYbFAPOYHiphFBCpzC0eBVRYmllCA=",
      "is_active": true,
      "is_staff": false,
      "account_type": "COLLABORATOR",
      "last_login": null,
      "created_at": "2025-01-17T05:00:00Z",
      "updated_at": "2025-01-17T05:00:00Z"
    }
  },
  {
    "model": "users.user",
    "pk": "ab2679a4-0c41-4bae-9887-b019b7256eff",
    "fields": {
      "email": "ophelie.descamps@brands.example.com",
      "first_name": "Ophélie",
      "last_name": "Descamps",
      "phone_country_code": "+33",
      "phone_number": "07000014",
      "date_of_birth": "1990-04-20",
      "email_verified": true,
      "password": "pbkdf2_sha256$600000$Nf1JSucDbGkFARSXcttRQD$N/J0GcH+3KSNcfsYbFAPOYHiphFBCpzC0eBVRYmllCA=",
      "password_hash": "pbkdf2_sha256$600000$Nf1JSucDbGkFARSXcttRQD$N/J0GcH+3KSNcfsYbFAPOYHiphFBCpzC0eBVRYmllCA=",
      "is_active": true,
      "is_staff": false,
      "account_type": "COLLABORATOR",
      "last_login": null,
      "created_at": "2025-01-17T06:00:00Z",
      "updated_at": "2025-01-17T06:00:00Z"
    }
  },
  {
    "model": "users.user",
    "pk": "0d848400-7b3e-407b-9239-e6aa29b14dde",
    "fields": {
      "email": "pierre.delorme@brands.example.com",
      "first_name": "Pierre",
      "last_name": "Delorme",
      "phone_country_code": "+33",
      "phone_number": "07000015",
      "date_of_birth": "1990-04-20",
      "email_verified": true,
      "password": "pbkdf2_sha256$600000$Nf1JSucDbGkFARSXcttRQD$N/J0GcH+3KSNcfsYbFAPOYHiphFBCpzC0eBVRYmllCA=",
      "password_hash": "pbkdf2_sha256$600000$Nf1JSucDbGkFARSXcttRQD$N/J0GcH+3KSNcfsYbFAPOYHiphFBCpzC0eBVRYmllCA=",
      "is_active": true,
      "is_staff": false,
      "account_type": "COLLABORATOR",
      "last_login": null,
      "created_at": "2025-01-17T07:00:00Z",
      "updated_at": "2025-01-17T07:00:00Z"
    }
  },
  {
    "model": "users.user",
    "pk": "9bad9374-abb6-4842-a7ca-397c0e40ebe8",
    "fields": {
      "email": "quitterie.renaud@brands.example.com",
      "first_name": "Quitterie",
      "last_name": "Renaud",
      "phone_country_code": "+33",
      "phone_number": "07000016",
      "date_of_birth": "1990-04-20",
      "email_verified": true,
      "password": "pbkdf2_sha256$600000$Nf1JSucDbGkFARSXcttRQD$N/J0GcH+3KSNcfsYbFAPOYHiphFBCpzC0eBVRYmllCA=",
      "password_hash": "pbkdf2_sha256$600000$Nf1JSucDbGkFARSXcttRQD$N/J0GcH+3KSNcfsYbFAPOYHiphFBCpzC0eBVRYmllCA=",
      "is_active": true,
      "is_staff": false,
      "account_type": "COLLABORATOR",
      "last_login": null,
      "created_at": "2025-01-17T08:00:00Z",
      "updated_at": "2025-01-17T08:00:00Z"
    }
  },
  {
    "model": "users.user",
    "pk": "500fdd35-6540-44db-a029-4f3833d493e8",
    "fields": {
      "email": "raphael.leclerc@brands.example.com",
      "first_name": "Raphaël",
      "last_name": "Leclerc",
      "phone_country_code": "+33",
      "phone_number": "07000017",
      "date_of_birth": "1990-04-20",
      "email_verified": true,
      "password": "pbkdf2_sha256$600000$Nf1JSucDbGkFARSXcttRQD$N/J0GcH+3KSNcfsYbFAPOYHiphFBCpzC0eBVRYmllCA=",
      "password_hash": "pbkdf2_sha256$600000$Nf1JSucDbGkFARSXcttRQD$N/J0GcH+3KSNcfsYbFAPOYHiphFBCpzC0eBVRYmllCA=",
      "is_active": true,
      "is_staff": false,
      "account_type": "COLLABORATOR",
      "last_login": null,
      "created_at": "2025-01-17T09:00:00Z",
      "updated_at": "2025-01-17T09:00:00Z"
    }
  },
  {
    "model": "users.user",
    "pk": "166777e5-50e3-49a3-bff3-293adc865024",
    "fields": {
      "email": "salome.bertin@brands.example.com",
      "first_name": "Salomé",
      "last_name": "Bertin",
      "phone_country_code": "+33",
      "phone_number": "07000018",
      "date_of_birth": "1990-04-20",
      "email_verified": true,
      "password": "pbkdf2_sha256$600000$Nf1JSucDbGkFARSXcttRQD$N/J0GcH+3KSNcfsYbFAPOYHiphFBCpzC0eBVRYmllCA=",
      "password_hash": "pbkdf2_sha256$600000$Nf1JSucDbGkFARSXcttRQD$N/J0GcH+3KSNcfsYbFAPOYHiphFBCpzC0eBVRYmllCA=",
      "is_active": true,
      "is_staff": false,
      "account_type": "COLLABORATOR",
      "last_login": null,
      "created_at": "2025-01-17T10:00:00Z",
      "updated_at": "2025-01-17T10:00:00Z"
    }
  },
  {
    "model": "users.user",
    "pk": "2bd411e2-9d1c-4372-98c7-8eb015ab9dbe",
    "fields": {
      "email": "tristan.hubert@brands.example.com",
      "first_name": "Tristan",
      "last_name": "Hubert",
      "phone_country_code": "+33",
      "phone_number": "07000019",
      "date_of_birth": "1990-04-20",
      "email_verified": true,
      "password": "pbkdf2_sha256$600000$Nf1JSucDbGkFARSXcttRQD$N/J0GcH+3KSNcfsYbFAPOYHiphFBCpzC0eBVRYmllCA=",
      "password_hash": "pbkdf2_sha256$600000$Nf1JSucDbGkFARSXcttRQD$N/J0GcH+3KSNcfsYbFAPOYHiphFBCpzC0eBVRYmllCA=",
      "is_active": true,
      "is_staff": false,
      "account_type": "COLLABORATOR",
      "last_login": null,
      "created_at": "2025-01-17T11:00:00Z",
      "updated_at": "2025-01-17T11:00:00Z"
    }
  },
  {
    "model": "users.user",
    "pk": "5995250b-237a-402a-a7e4-abbac021932c",
    "fields": {
      "email": "ulysse.gosselin@brands.example.com",
      "first_name": "Ulysse",
      "last_name": "Gosselin",
      "phone_country_code": "+33",
      "phone_number": "07000020",
      "date_of_birth": "1990-04-20",
      "email_verified": true,
      "password": "pbkdf2_sha256$600000$Nf1JSucDbGkFARSXcttRQD$N/J0GcH+3KSNcfsYbFAPOYHiphFBCpzC0eBVRYmllCA=",
      "password_hash": "pbkdf2_sha256$600000$Nf1JSucDbGkFARSXcttRQD$N/J0GcH+3KSNcfsYbFAPOYHiphFBCpzC0eBVRYmllCA=",
      "is_active": true,
      "is_staff": false,
      "account_type": "COLLABORATOR",
      "last_login": null,
      "created_at": "2025-01-17T12:00:00Z",
      "updated_at": "2025-01-17T12:00:00Z"
    }
  },
  {
    "model": "users.user",
    "pk": "c9717cf1-68aa-4ec6-80a0-19f3ecea11e9",
    "fields": {
      "email": "valerie.chartier@brands.example.com",
      "first_name": "Valérie",
      "last_name": "Chartier",
      "phone_country_code": "+33",
      "phone_number": "07000021",
      "date_of_birth": "1990-04-20",
      "email_verified": true,
      "password": "pbkdf2_sha256$600000$Nf1JSucDbGkFARSXcttRQD$N/J0GcH+3KSNcfsYbFAPOYHiphFBCpzC0eBVRYmllCA=",
      "password_hash": "pbkdf2_sha256$600000$Nf1JSucDbGkFARSXcttRQD$N/J0GcH+3KSNcfsYbFAPOYHiphFBCpzC0eBVRYmllCA=",
      "is_active": true,
      "is_staff": false,
      "account_type": "COLLABORATOR",
      "last_login": null,
      "created_at": "2025-01-17T13:00:00Z",
      "updated_at": "2025-01-17T13:00:00Z"
    }
  },
  {
    "model": "users.user",
    "pk": "56877bad-8dea-4a0c-9050-3d6be055f3b0",
    "fields": {
      "email": "william.vaillant@brands.example.com",
      "first_name": "William",
      "last_name": "Vaillant",
      "phone_country_code": "+33",
      "phone_number": "07000022",
      "date_of_birth": "1990-04-20",
      "email_verified": true,
      "password": "pbkdf2_sha256$600000$Nf1JSucDbGkFARSXcttRQD$N/J0GcH+3KSNcfsYbFAPOYHiphFBCpzC0eBVRYmllCA=",
      "password_hash": "pbkdf2_sha256$600000$Nf1JSucDbGkFARSXcttRQD$N/J0GcH+3KSNcfsYbFAPOYHiphFBCpzC0eBVRYmllCA=",
      "is_active": true,
      "is_staff": false,
      "account_type": "COLLABORATOR",
      "last_login": null,
      "created_at": "2025-01-17T14:00:00Z",
      "updated_at": "2025-01-17T14:00:00Z"
    }
  },
  {
    "model": "users.user",
    "pk": "fc792662-7dc9-444c-aecc-3886e9c01547",
    "fields": {
      "email": "xavier.garnier@brands.example.com",
      "first_name": "Xavier",
      "last_name": "Garnier",
      "phone_country_code": "+33",
      "phone_number": "07000023",
      "date_of_birth": "1990-04-20",
      "email_verified": true,
      "password": "pbkdf2_sha256$600000$Nf1JSucDbGkFARSXcttRQD$N/J0GcH+3KSNcfsYbFAPOYHiphFBCpzC0eBVRYmllCA=",
      "password_hash": "pbkdf2_sha256$600000$Nf1JSucDbGkFARSXcttRQD$N/J0GcH+3KSNcfsYbFAPOYHiphFBCpzC0eBVRYmllCA=",
      "is_active": true,
      "is_staff": false,
      "account_type": "COLLABORATOR",
      "last_login": null,
      "created_at": "2025-01-17T15:00:00Z",
      "updated_at": "2025-01-17T15:00:00Z"
    }
  },
  {
    "model": "users.user",
    "pk": "703591ca-d23d-4598-a756-00a18e2140b1",
    "fields": {
      "email": "yasmine.fernand@brands.example.com",
      "first_name": "Yasmine",
      "last_name": "Fernand",
      "phone_country_code": "+33",
      "phone_number": "07000024",
      "date_of_birth": "1990-04-20",
      "email_verified": true,
      "password": "pbkdf2_sha256$600000$Nf1JSucDbGkFARSXcttRQD$N/J0GcH+3KSNcfsYbFAPOYHiphFBCpzC0eBVRYmllCA=",
      "password_hash": "pbkdf2_sha256$600000$Nf1JSucDbGkFARSXcttRQD$N/J0GcH+3KSNcfsYbFAPOYHiphFBCpzC0eBVRYmllCA=",
      "is_active": true,
      "is_staff": false,
      "account_type": "COLLABORATOR",
      "last_login": null,
      "created_at": "2025-01-17T16:00:00Z",
      "updated_at": "2025-01-17T16:00:00Z"
    }
  },
  {
    "model": "users.user",
    "pk": "9bad9967-2b07-4f96-ad86-c6ab0c4b9f0f",
    "fields": {
      "email": "zoe.lambert@brands.example.com",
      "first_name": "Zoé",
      "last_name": "Lambert",
      "phone_country_code": "+33",
      "phone_number": "07000025",
      "date_of_birth": "1990-04-20",
      "email_verified": true,
      "password": "pbkdf2_sha256$600000$Nf1JSucDbGkFARSXcttRQD$N/J0GcH+3KSNcfsYbFAPOYHiphFBCpzC0eBVRYmllCA=",
      "password_hash": "pbkdf2_sha256$600000$Nf1JSucDbGkFARSXcttRQD$N/J0GcH+3KSNcfsYbFAPOYHiphFBCpzC0eBVRYmllCA=",
      "is_active": true,
      "is_staff": false,
      "account_type": "COLLABORATOR",
      "last_login": null,
      "created_at": "2025-01-17T17:00:00Z",
      "updated_at": "2025-01-17T17:00:00Z"
    }
  },
  {
    "model": "users.user",
    "pk": "3d85af43-53ab-473d-b459-9af1058dbf7d",
    "fields": {
      "email": "adrien.payet@brands.example.com",
      "first_name": "Adrien",
      "last_name": "Payet",
      "phone_country_code": "+33",
      "phone_number": "07000026",
      "date_of_birth": "1990-04-20",
      "email_verified": true,
      "password": "pbkdf2_sha256$600000$Nf1JSucDbGkFARSXcttRQD$N/J0GcH+3KSNcfsYbFAPOYHiphFBCpzC0eBVRYmllCA=",
      "password_hash": "pbkdf2_sha256$600000$Nf1JSucDbGkFARSXcttRQD$N/J0GcH+3KSNcfsYbFAPOYHiphFBCpzC0eBVRYmllCA=",
      "is_active": true,
      "is_staff": false,
      "account_type": "COLLABORATOR",
      "last_login": null,
      "created_at": "2025-01-17T18:00:00Z",
      "updated_at": "2025-01-17T18:00:00Z"
    }
  },
  {
    "model": "users.user",
    "pk": "919ffa67-f814-4650-9f1e-c1e3b6941a62",
    "fields": {
      "email": "berenice.verdier@brands.example.com",
      "first_name": "Bérénice",
      "last_name": "Verdier",
      "phone_country_code": "+33",
      "phone_number": "07000027",
      "date_of_birth": "1990-04-20",
      "email_verified": true,
      "password": "pbkdf2_sha256$600000$Nf1JSucDbGkFARSXcttRQD$N/J0GcH+3KSNcfsYbFAPOYHiphFBCpzC0eBVRYmllCA=",
      "password_hash": "pbkdf2_sha256$600000$Nf1JSucDbGkFARSXcttRQD$N/J0GcH+3KSNcfsYbFAPOYHiphFBCpzC0eBVRYmllCA=",
      "is_active": true,
      "is_staff": false,
      "account_type": "COLLABORATOR",
      "last_login": null,
      "created_at": "2025-01-17T19:00:00Z",
      "updated_at": "2025-01-17T19:00:00Z"
    }
  },
  {
    "model": "users.user",
    "pk": "017b7438-8097-4b06-b990-ac429a790bd1",
    "fields": {
      "email": "cyril.gallet@brands.example.com",
      "first_name": "Cyril",
      "last_name": "Gallet",
      "phone_country_code": "+33",
      "phone_number": "07000028",
      "date_of_birth": "1990-04-20",
      "email_verified": true,
      "password": "pbkdf2_sha256$600000$Nf1JSucDbGkFARSXcttRQD$N/J0GcH+3KSNcfsYbFAPOYHiphFBCpzC0eBVRYmllCA=",
      "password_hash": "pbkdf2_sha256$600000$Nf1JSucDbGkFARSXcttRQD$N/J0GcH+3KSNcfsYbFAPOYHiphFBCpzC0eBVRYmllCA=",
      "is_active": true,
      "is_staff": false,
      "account_type": "COLLABORATOR",
      "last_login": null,
      "created_at": "2025-01-17T20:00:00Z",
      "updated_at": "2025-01-17T20:00:00Z"
    }
  },
  {
    "model": "users.user",
    "pk": "5f3485bf-1aa8-4389-8ff7-ab41e3cd3302",
    "fields": {
      "email": "daphne.picard@brands.example.com",
      "first_name": "Daphné",
      "last_name": "Picard",
      "phone_country_code": "+33",
      "phone_number": "07000029",
      "date_of_birth": "1990-04-20",
      "email_verified": true,
      "password": "pbkdf2_sha256$600000$Nf1JSucDbGkFARSXcttRQD$N/J0GcH+3KSNcfsYbFAPOYHiphFBCpzC0eBVRYmllCA=",
      "password_hash": "pbkdf2_sha256$600000$Nf1JSucDbGkFARSXcttRQD$N/J0GcH+3KSNcfsYbFAPOYHiphFBCpzC0eBVRYmllCA=",
      "is_active": true,
      "is_staff": false,
      "account_type": "COLLABORATOR",
      "last_login": null,
      "created_at": "2025-01-17T21:00:00Z",
      "updated_at": "2025-01-17T21:00:00Z"
    }
  },
  {
    "model": "organisations.organisation",
    "pk": "7fab56a4-d8e9-4ec4-8bb1-cc09c76d5b18",
    "fields": {
      "name": "Global Sports Partners",
      "slug": "global-sports-partners",
      "owner": "539b1f56-5ccb-4f10-a710-694fc2c2c2e9",
      "type": "AGENCY",
      "industry": "Marketing sportif",
      "logo": "",
      "banner_image": "",
      "description": "Agence internationale spécialisée dans les activations multicanales.",
      "website_url": "https://global-sports.example.com",
      "email_contact": "contact@global-sports.example.com",
      "phone_contact": "+33123456789",
      "address_city": "Paris",
      "address_country": "France",
      "address_postal_code": "75008",
      "social_links": {
        "linkedin": "https://www.linkedin.com/company/global-sports"
      },
      "founded_year": 2010,
      "employees_count": 120,
      "budget_range": "500k-1M€",
      "sponsoring_focus": [
        "Activation digitale",
        "Hospitalités premium"
      ],
      "created_at": "2025-01-16T10:00:00Z",
      "updated_at": "2025-01-16T10:00:00Z"
    }
  },
  {
    "model": "organisations.collaborator",
    "pk": "645147e5-6578-4904-8989-e37d9b7b6380",
    "fields": {
      "user": "539b1f56-5ccb-4f10-a710-694fc2c2c2e9",
      "organisation": "7fab56a4-d8e9-4ec4-8bb1-cc09c76d5b18",
      "role": "OWNER",
      "job_title": "Directrice des partenariats",
      "created_at": "2025-01-16T10:05:00Z",
      "updated_at": "2025-01-16T10:05:00Z"
    }
  },
  {
    "model": "organisations.collaborator",
    "pk": "149d6d43-e422-4ab5-9434-c6dbe725cf72",
    "fields": {
      "user": "28108f3d-a94e-4b20-a369-fe5db3b86d20",
      "organisation": "7fab56a4-d8e9-4ec4-8bb1-cc09c76d5b18",
      "role": "MEMBER",
      "job_title": "Responsable activation",
      "created_at": "2025-01-16T10:10:00Z",
      "updated_at": "2025-01-16T10:10:00Z"
    }
  },
  {
    "model": "organisations.collaborator",
    "pk": "65dc839b-bd9d-4e5c-af0b-9bf5f8614887",
    "fields": {
      "user": "64b8f160-bf74-4158-8342-09103a0d9e9c",
      "organisation": "7fab56a4-d8e9-4ec4-8bb1-cc09c76d5b18",
      "role": "MEMBER",
      "job_title": "Chef de projet sponsoring",
      "created_at": "2025-01-16T10:11:00Z",
      "updated_at": "2025-01-16T10:11:00Z"
    }
  },
  {
    "model": "organisations.collaborator",
    "pk": "8773dd57-ac96-4894-9585-d12978eb41ab",
    "fields": {
      "user": "51d64199-4952-46ad-a43b-de0f0937acfa",
      "organisation": "7fab56a4-d8e9-4ec4-8bb1-cc09c76d5b18",
      "role": "MEMBER",
      "job_title": "Analyste data sports",
      "created_at": "2025-01-16T10:12:00Z",
      "updated_at": "2025-01-16T10:12:00Z"
    }
  },
  {
    "model": "organisations.collaborator",
    "pk": "6167a986-4b69-4c03-ba9c-3e9d42bcc057",
    "fields": {
      "user": "f7eed31c-0d9c-4faa-855d-93415c702a55",
      "organisation": "7fab56a4-d8e9-4ec4-8bb1-cc09c76d5b18",
      "role": "MEMBER",
      "job_title": "Chargée des relations publiques",
      "created_at": "2025-01-16T10:13:00Z",
      "updated_at": "2025-01-16T10:13:00Z"
    }
  },
  {
    "model": "organisations.collaborator",
    "pk": "01e7c3e8-7f4c-4b0b-8df3-613ec6a3fe11",
    "fields": {
      "user": "fcf13718-8f42-463a-ba8c-7b2225156964",
      "organisation": "7fab56a4-d8e9-4ec4-8bb1-cc09c76d5b18",
      "role": "MEMBER",
      "job_title": "Coordinateur événementiel",
      "created_at": "2025-01-16T10:14:00Z",
      "updated_at": "2025-01-16T10:14:00Z"
    }
  },
  {
    "model": "organisations.collaborator",
    "pk": "dedb1f02-f69c-4c23-b964-969b83ca3469",
    "fields": {
      "user": "02babbe8-e7a1-44b4-b9d5-e348bce3508d",
      "organisation": "7fab56a4-d8e9-4ec4-8bb1-cc09c76d5b18",
      "role": "MEMBER",
      "job_title": "Juriste contrats",
      "created_at": "2025-01-16T10:15:00Z",
      "updated_at": "2025-01-16T10:15:00Z"
    }
  },
  {
    "model": "organisations.collaborator",
    "pk": "941acbc2-4f5e-4d1f-b264-2e08912e82d7",
    "fields": {
      "user": "f8371b4f-0432-46f2-a97c-af3eb8846032",
      "organisation": "7fab56a4-d8e9-4ec4-8bb1-cc09c76d5b18",
      "role": "MEMBER",
      "job_title": "Manager CRM",
      "created_at": "2025-01-16T10:16:00Z",
      "updated_at": "2025-01-16T10:16:00Z"
    }
  },
  {
    "model": "organisations.collaborator",
    "pk": "fbe99972-f0bf-4cb5-ac7f-6e1f0dd9dd1e",
    "fields": {
      "user": "60d98f3b-be70-45c9-8fb6-fdd3bb0dc54d",
      "organisation": "7fab56a4-d8e9-4ec4-8bb1-cc09c76d5b18",
      "role": "MEMBER",
      "job_title": "Designer créatif",
      "created_at": "2025-01-16T10:17:00Z",
      "updated_at": "2025-01-16T10:17:00Z"
    }
  },
  {
    "model": "organisations.collaborator",
    "pk": "2549260f-1cee-4f28-88cf-412ab18516df",
    "fields": {
      "user": "742ce627-6142-42a6-9249-eb0de782f938",
      "organisation": "7fab56a4-d8e9-4ec4-8bb1-cc09c76d5b18",
      "role": "MEMBER",
      "job_title": "Spécialiste réseaux sociaux",
      "created_at": "2025-01-16T10:18:00Z",
      "updated_at": "2025-01-16T10:18:00Z"
    }
  },
  {
    "model": "organisations.organisation",
    "pk": "8f7f4b8d-ff1f-47f9-9a91-87fad4622290",
    "fields": {
      "name": "HexaTech",
      "slug": "hexatech",
      "owner": "dbe620e0-18b1-4f59-a6ea-18557ec67051",
      "type": "STARTUP",
      "industry": "Communication",
      "logo": "",
      "banner_image": "",
      "description": "HexaTech recherche des opportunités de sponsoring ciblées.",
      "website_url": "https://hexatech.example.com",
      "email_contact": "hello@hexatech.example.com",
      "phone_contact": "+33111222333",
      "address_city": "Lyon",
      "address_country": "France",
      "address_postal_code": "69002",
      "social_links": {
        "linkedin": "https://www.linkedin.com/company/hexatech"
      },
      "founded_year": 2018,
      "employees_count": 25,
      "budget_range": "150k-300k€",
      "sponsoring_focus": [
        "Brand awareness",
        "Lancement produit"
      ],
      "created_at": "2025-01-17T10:03:00Z",
      "updated_at": "2025-01-17T10:03:00Z"
    }
  },
  {
    "model": "organisations.collaborator",
    "pk": "3f8331ad-1e39-43f7-8b56-a1ac7261fb6b",
    "fields": {
      "user": "dbe620e0-18b1-4f59-a6ea-18557ec67051",
      "organisation": "8f7f4b8d-ff1f-47f9-9a91-87fad4622290",
      "role": "OWNER",
      "job_title": "Responsable sponsoring",
      "created_at": "2025-01-17T10:00:00Z",
      "updated_at": "2025-01-17T10:00:00Z"
    }
  },
  {
    "model": "organisations.collaborator",
    "pk": "a0925e40-7d14-4184-99f8-ad670bc8a93d",
    "fields": {
      "user": "52271abb-73e9-4cc3-91d4-e7a94ed725dc",
      "organisation": "8f7f4b8d-ff1f-47f9-9a91-87fad4622290",
      "role": "MEMBER",
      "job_title": "Chef de projet",
      "created_at": "2025-01-17T10:01:00Z",
      "updated_at": "2025-01-17T10:01:00Z"
    }
  },
  {
    "model": "organisations.collaborator",
    "pk": "5831754d-9eda-47d2-8f62-40da2252c3b3",
    "fields": {
      "user": "5fe4dd04-1dd0-4ef2-aedf-b070a46eae22",
      "organisation": "8f7f4b8d-ff1f-47f9-9a91-87fad4622290",
      "role": "MEMBER",
      "job_title": "Analyste insights",
      "created_at": "2025-01-17T10:02:00Z",
      "updated_at": "2025-01-17T10:02:00Z"
    }
  },
  {
    "model": "organisations.organisation",
    "pk": "853ca231-4a94-40d2-868a-62b8000b83c0",
    "fields": {
      "name": "LuxeMode",
      "slug": "luxemode",
      "owner": "02e6abaf-8c9a-4f82-9f9d-5bf91312d48e",
      "type": "BRAND",
      "industry": "Communication",
      "logo": "",
      "banner_image": "",
      "description": "LuxeMode recherche des opportunités de sponsoring ciblées.",
      "website_url": "https://luxemode.example.com",
      "email_contact": "hello@luxemode.example.com",
      "phone_contact": "+33111222333",
      "address_city": "Lyon",
      "address_country": "France",
      "address_postal_code": "69002",
      "social_links": {
        "linkedin": "https://www.linkedin.com/company/luxemode"
      },
      "founded_year": 2018,
      "employees_count": 25,
      "budget_range": "150k-300k€",
      "sponsoring_focus": [
        "Brand awareness",
        "Lancement produit"
      ],
      "created_at": "2025-01-17T10:06:00Z",
      "updated_at": "2025-01-17T10:06:00Z"
    }
  },
  {
    "model": "organisations.collaborator",
    "pk": "d75144e3-71f4-4ea7-9631-4678339b2694",
    "fields": {
      "user": "02e6abaf-8c9a-4f82-9f9d-5bf91312d48e",
      "organisation": "853ca231-4a94-40d2-868a-62b8000b83c0",
      "role": "OWNER",
      "job_title": "Responsable sponsoring",
      "created_at": "2025-01-17T10:05:00Z",
      "updated_at": "2025-01-17T10:05:00Z"
    }
  },
  {
    "model": "organisations.collaborator",
    "pk": "3485d2d4-8aab-46f2-9272-189e0cc76055",
    "fields": {
      "user": "ab2679a4-0c41-4bae-9887-b019b7256eff",
      "organisation": "853ca231-4a94-40d2-868a-62b8000b83c0",
      "role": "MEMBER",
      "job_title": "Chef de projet",
      "created_at": "2025-01-17T10:06:00Z",
      "updated_at": "2025-01-17T10:06:00Z"
    }
  },
  {
    "model": "organisations.collaborator",
    "pk": "1af2a0db-6d3c-4ef7-8035-f8ea030208a8",
    "fields": {
      "user": "0d848400-7b3e-407b-9239-e6aa29b14dde",
      "organisation": "853ca231-4a94-40d2-868a-62b8000b83c0",
      "role": "MEMBER",
      "job_title": "Analyste insights",
      "created_at": "2025-01-17T10:07:00Z",
      "updated_at": "2025-01-17T10:07:00Z"
    }
  },
  {
    "model": "organisations.organisation",
    "pk": "57e4ddf7-d86c-407d-b31e-5e5c470df15c",
    "fields": {
      "name": "GreenEnergy",
      "slug": "greenenergy",
      "owner": "9bad9374-abb6-4842-a7ca-397c0e40ebe8",
      "type": "SME",
      "industry": "Communication",
      "logo": "",
      "banner_image": "",
      "description": "GreenEnergy recherche des opportunités de sponsoring ciblées.",
      "website_url": "https://greenenergy.example.com",
      "email_contact": "hello@greenenergy.example.com",
      "phone_contact": "+33111222333",
      "address_city": "Lyon",
      "address_country": "France",
      "address_postal_code": "69002",
      "social_links": {
        "linkedin": "https://www.linkedin.com/company/greenenergy"
      },
      "founded_year": 2018,
      "employees_count": 25,
      "budget_range": "150k-300k€",
      "sponsoring_focus": [
        "Brand awareness",
        "Lancement produit"
      ],
      "created_at": "2025-01-17T10:09:00Z",
      "updated_at": "2025-01-17T10:09:00Z"
    }
  },
  {
    "model": "organisations.collaborator",
    "pk": "c8ecc761-237c-4400-9435-90074bea4d4e",
    "fields": {
      "user": "9bad9374-abb6-4842-a7ca-397c0e40ebe8",
      "organisation": "57e4ddf7-d86c-407d-b31e-5e5c470df15c",
      "role": "OWNER",
      "job_title": "Responsable sponsoring",
      "created_at": "2025-01-17T10:10:00Z",
      "updated_at": "2025-01-17T10:10:00Z"
    }
  },
  {
    "model": "organisations.collaborator",
    "pk": "4dec0f57-e51a-4cce-ba9d-db7f3c24e85c",
    "fields": {
      "user": "500fdd35-6540-44db-a029-4f3833d493e8",
      "organisation": "57e4ddf7-d86c-407d-b31e-5e5c470df15c",
      "role": "MEMBER",
      "job_title": "Chef de projet",
      "created_at": "2025-01-17T10:11:00Z",
      "updated_at": "2025-01-17T10:11:00Z"
    }
  },
  {
    "model": "organisations.collaborator",
    "pk": "56e3b085-1840-4719-b7c5-5abff6e8998c",
    "fields": {
      "user": "166777e5-50e3-49a3-bff3-293adc865024",
      "organisation": "57e4ddf7-d86c-407d-b31e-5e5c470df15c",
      "role": "MEMBER",
      "job_title": "Analyste insights",
      "created_at": "2025-01-17T10:12:00Z",
      "updated_at": "2025-01-17T10:12:00Z"
    }
  },
  {
    "model": "organisations.organisation",
    "pk": "fdd329a9-f6fb-4f43-b3fb-45358f5fdeb8",
    "fields": {
      "name": "Alpes Aventures",
      "slug": "alpes-aventures",
      "owner": "2bd411e2-9d1c-4372-98c7-8eb015ab9dbe",
      "type": "ASSOCIATION",
      "industry": "Communication",
      "logo": "",
      "banner_image": "",
      "description": "Alpes Aventures recherche des opportunités de sponsoring ciblées.",
      "website_url": "https://alpes-aventures.example.com",
      "email_contact": "hello@alpes-aventures.example.com",
      "phone_contact": "+33111222333",
      "address_city": "Lyon",
      "address_country": "France",
      "address_postal_code": "69002",
      "social_links": {
        "linkedin": "https://www.linkedin.com/company/alpes-aventures"
      },
      "founded_year": 2018,
      "employees_count": 25,
      "budget_range": "150k-300k€",
      "sponsoring_focus": [
        "Brand awareness",
        "Lancement produit"
      ],
      "created_at": "2025-01-17T10:12:00Z",
      "updated_at": "2025-01-17T10:12:00Z"
    }
  },
  {
    "model": "organisations.collaborator",
    "pk": "206749d3-d873-4931-9790-a97138e50879",
    "fields": {
      "user": "2bd411e2-9d1c-4372-98c7-8eb015ab9dbe",
      "organisation": "fdd329a9-f6fb-4f43-b3fb-45358f5fdeb8",
      "role": "OWNER",
      "job_title": "Responsable sponsoring",
      "created_at": "2025-01-17T10:15:00Z",
      "updated_at": "2025-01-17T10:15:00Z"
    }
  },
  {
    "model": "organisations.collaborator",
    "pk": "44cbcccc-b1f9-41fb-9577-66540a929547",
    "fields": {
      "user": "5995250b-237a-402a-a7e4-abbac021932c",
      "organisation": "fdd329a9-f6fb-4f43-b3fb-45358f5fdeb8",
      "role": "MEMBER",
      "job_title": "Chef de projet",
      "created_at": "2025-01-17T10:16:00Z",
      "updated_at": "2025-01-17T10:16:00Z"
    }
  },
  {
    "model": "organisations.collaborator",
    "pk": "61c78d10-bfa0-4450-bb9d-84bf880b9dfe",
    "fields": {
      "user": "c9717cf1-68aa-4ec6-80a0-19f3ecea11e9",
      "organisation": "fdd329a9-f6fb-4f43-b3fb-45358f5fdeb8",
      "role": "MEMBER",
      "job_title": "Analyste insights",
      "created_at": "2025-01-17T10:17:00Z",
      "updated_at": "2025-01-17T10:17:00Z"
    }
  },
  {
    "model": "organisations.organisation",
    "pk": "4de7df78-d012-426a-a371-909424d9aaa3",
    "fields": {
      "name": "Digital Fans",
      "slug": "digital-fans",
      "owner": "56877bad-8dea-4a0c-9050-3d6be055f3b0",
      "type": "STARTUP",
      "industry": "Communication",
      "logo": "",
      "banner_image": "",
      "description": "Digital Fans recherche des opportunités de sponsoring ciblées.",
      "website_url": "https://digital-fans.example.com",
      "email_contact": "hello@digital-fans.example.com",
      "phone_contact": "+33111222333",
      "address_city": "Lyon",
      "address_country": "France",
      "address_postal_code": "69002",
      "social_links": {
        "linkedin": "https://www.linkedin.com/company/digital-fans"
      },
      "founded_year": 2018,
      "employees_count": 25,
      "budget_range": "150k-300k€",
      "sponsoring_focus": [
        "Brand awareness",
        "Lancement produit"
      ],
      "created_at": "2025-01-17T10:15:00Z",
      "updated_at": "2025-01-17T10:15:00Z"
    }
  },
  {
    "model": "organisations.collaborator",
    "pk": "fa13c16c-07ca-4358-8d45-97f94d7eba7d",
    "fields": {
      "user": "56877bad-8dea-4a0c-9050-3d6be055f3b0",
      "organisation": "4de7df78-d012-426a-a371-909424d9aaa3",
      "role": "OWNER",
      "job_title": "Responsable sponsoring",
      "created_at": "2025-01-17T10:20:00Z",
      "updated_at": "2025-01-17T10:20:00Z"
    }
  },
  {
    "model": "organisations.collaborator",
    "pk": "35677c56-3c75-4434-b833-7fdcb78a177c",
    "fields": {
      "user": "fc792662-7dc9-444c-aecc-3886e9c01547",
      "organisation": "4de7df78-d012-426a-a371-909424d9aaa3",
      "role": "MEMBER",
      "job_title": "Chef de projet",
      "created_at": "2025-01-17T10:21:00Z",
      "updated_at": "2025-01-17T10:21:00Z"
    }
  },
  {
    "model": "organisations.collaborator",
    "pk": "687da038-3e9b-4bb2-abf4-155b74abcdc1",
    "fields": {
      "user": "703591ca-d23d-4598-a756-00a18e2140b1",
      "organisation": "4de7df78-d012-426a-a371-909424d9aaa3",
      "role": "MEMBER",
      "job_title": "Analyste insights",
      "created_at": "2025-01-17T10:22:00Z",
      "updated_at": "2025-01-17T10:22:00Z"
    }
  },
  {
    "model": "organisations.organisation",
    "pk": "da81680b-b6ee-4a61-b79e-b8b36f86688e",
    "fields": {
      "name": "Atelier Gourmand",
      "slug": "atelier-gourmand",
      "owner": "9bad9967-2b07-4f96-ad86-c6ab0c4b9f0f",
      "type": "SME",
      "industry": "Artisanat",
      "logo": "",
      "banner_image": "",
      "description": "Atelier Gourmand explore les partenariats locaux.",
      "website_url": "https://atelier-gourmand.example.com",
      "email_contact": "contact@atelier-gourmand.example.com",
      "phone_contact": "+33455667788",
      "address_city": "Bordeaux",
      "address_country": "France",
      "address_postal_code": "33000",
      "social_links": {},
      "founded_year": 2020,
      "employees_count": 6,
      "budget_range": "20k-50k€",
      "sponsoring_focus": [
        "Visibilité locale"
      ],
      "created_at": "2025-01-18T10:24:00Z",
      "updated_at": "2025-01-18T10:24:00Z"
    }
  },
  {
    "model": "organisations.collaborator",
    "pk": "2cd399bb-04ad-4094-9a35-3b28b9f4f68c",
    "fields": {
      "user": "9bad9967-2b07-4f96-ad86-c6ab0c4b9f0f",
      "organisation": "da81680b-b6ee-4a61-b79e-b8b36f86688e",
      "role": "OWNER",
      "job_title": "Gérant",
      "created_at": "2025-01-18T10:00:00Z",
      "updated_at": "2025-01-18T10:00:00Z"
    }
  },
  {
    "model": "organisations.organisation",
    "pk": "112bd198-b41c-46cf-b797-ea7cd6471277",
    "fields": {
      "name": "Studio Nova",
      "slug": "studio-nova",
      "owner": "3d85af43-53ab-473d-b459-9af1058dbf7d",
      "type": "STARTUP",
      "industry": "Artisanat",
      "logo": "",
      "banner_image": "",
      "description": "Studio Nova explore les partenariats locaux.",
      "website_url": "https://studio-nova.example.com",
      "email_contact": "contact@studio-nova.example.com",
      "phone_contact": "+33455667788",
      "address_city": "Bordeaux",
      "address_country": "France",
      "address_postal_code": "33000",
      "social_links": {},
      "founded_year": 2020,
      "employees_count": 6,
      "budget_range": "20k-50k€",
      "sponsoring_focus": [
        "Visibilité locale"
      ],
      "created_at": "2025-01-18T10:28:00Z",
      "updated_at": "2025-01-18T10:28:00Z"
    }
  },
  {
    "model": "organisations.collaborator",
    "pk": "c944824f-50f3-4223-b496-50485e4f8584",
    "fields": {
      "user": "3d85af43-53ab-473d-b459-9af1058dbf7d",
      "organisation": "112bd198-b41c-46cf-b797-ea7cd6471277",
      "role": "OWNER",
      "job_title": "Gérant",
      "created_at": "2025-01-18T10:06:00Z",
      "updated_at": "2025-01-18T10:06:00Z"
    }
  },
  {
    "model": "organisations.organisation",
    "pk": "8751bf11-de22-4dcb-ae93-26483563c2d2",
    "fields": {
      "name": "Club Urbain",
      "slug": "club-urbain",
      "owner": "919ffa67-f814-4650-9f1e-c1e3b6941a62",
      "type": "ASSOCIATION",
      "industry": "Artisanat",
      "logo": "",
      "banner_image": "",
      "description": "Club Urbain explore les partenariats locaux.",
      "website_url": "https://club-urbain.example.com",
      "email_contact": "contact@club-urbain.example.com",
      "phone_contact": "+33455667788",
      "address_city": "Bordeaux",
      "address_country": "France",
      "address_postal_code": "33000",
      "social_links": {},
      "founded_year": 2020,
      "employees_count": 6,
      "budget_range": "20k-50k€",
      "sponsoring_focus": [
        "Visibilité locale"
      ],
      "created_at": "2025-01-18T10:32:00Z",
      "updated_at": "2025-01-18T10:32:00Z"
    }
  },
  {
    "model": "organisations.collaborator",
    "pk": "8cf20a47-b401-44f5-85df-45f1e3ed76f4",
    "fields": {
      "user": "919ffa67-f814-4650-9f1e-c1e3b6941a62",
      "organisation": "8751bf11-de22-4dcb-ae93-26483563c2d2",
      "role": "OWNER",
      "job_title": "Gérant",
      "created_at": "2025-01-18T10:12:00Z",
      "updated_at": "2025-01-18T10:12:00Z"
    }
  },
  {
    "model": "organisations.organisation",
    "pk": "1d3fd6f2-9b1e-4429-9d13-b4b6f89b28e5",
    "fields": {
      "name": "Maison Riviera",
      "slug": "maison-riviera",
      "owner": "017b7438-8097-4b06-b990-ac429a790bd1",
      "type": "BRAND",
      "industry": "Artisanat",
      "logo": "",
      "banner_image": "",
      "description": "Maison Riviera explore les partenariats locaux.",
      "website_url": "https://maison-riviera.example.com",
      "email_contact": "contact@maison-riviera.example.com",
      "phone_contact": "+33455667788",
      "address_city": "Bordeaux",
      "address_country": "France",
      "address_postal_code": "33000",
      "social_links": {},
      "founded_year": 2020,
      "employees_count": 6,
      "budget_range": "20k-50k€",
      "sponsoring_focus": [
        "Visibilité locale"
      ],
      "created_at": "2025-01-18T10:36:00Z",
      "updated_at": "2025-01-18T10:36:00Z"
    }
  },
  {
    "model": "organisations.collaborator",
    "pk": "395b13c2-936e-48dd-88b7-471cedc1c8ff",
    "fields": {
      "user": "017b7438-8097-4b06-b990-ac429a790bd1",
      "organisation": "1d3fd6f2-9b1e-4429-9d13-b4b6f89b28e5",
      "role": "OWNER",
      "job_title": "Gérant",
      "created_at": "2025-01-18T10:18:00Z",
      "updated_at": "2025-01-18T10:18:00Z"
    }
  },
  {
    "model": "organisations.organisation",
    "pk": "7a0859e9-419a-4eb9-9ee5-8d015853e4a6",
    "fields": {
      "name": "MediaPulse",
      "slug": "mediapulse",
      "owner": "5f3485bf-1aa8-4389-8ff7-ab41e3cd3302",
      "type": "OTHER",
      "industry": "Artisanat",
      "logo": "",
      "banner_image": "",
      "description": "MediaPulse explore les partenariats locaux.",
      "website_url": "https://mediapulse.example.com",
      "email_contact": "contact@mediapulse.example.com",
      "phone_contact": "+33455667788",
      "address_city": "Bordeaux",
      "address_country": "France",
      "address_postal_code": "33000",
      "social_links": {},
      "founded_year": 2020,
      "employees_count": 6,
      "budget_range": "20k-50k€",
      "sponsoring_focus": [
        "Visibilité locale"
      ],
      "created_at": "2025-01-18T10:40:00Z",
      "updated_at": "2025-01-18T10:40:00Z"
    }
  },
  {
    "model": "organisations.collaborator",
    "pk": "18cd326e-926e-4d8d-aa9e-1df6fbbf6e06",
    "fields": {
      "user": "5f3485bf-1aa8-4389-8ff7-ab41e3cd3302",
      "organisation": "7a0859e9-419a-4eb9-9ee5-8d015853e4a6",
      "role": "OWNER",
      "job_title": "Gérant",
      "created_at": "2025-01-18T10:24:00Z",
      "updated_at": "2025-01-18T10:24:00Z"
    }
  },
  {
    "model": "payments.subscription",
    "pk": "e978e135-204e-47d2-9103-71fc58f42e43",
    "fields": {
      "organisation": "7fab56a4-d8e9-4ec4-8bb1-cc09c76d5b18",
      "agent": null,
      "plan": [
        "org-enterprise"
      ],
      "status": "active",
      "start_at": "2024-12-31T10:00:00Z",
      "current_period_end": "2025-01-30T10:00:00Z",
      "stripe_customer_id": "cus_7fab56a4",
      "stripe_subscription_id": "sub_7fab56a4",
      "created_at": "2024-12-31T09:55:00Z",
      "updated_at": "2025-01-16T10:00:00Z"
    }
  },
  {
    "model": "payments.subscription",
    "pk": "184efd53-242e-4ea1-b8ec-82536fe452ea",
    "fields": {
      "organisation": "8f7f4b8d-ff1f-47f9-9a91-87fad4622290",
      "agent": null,
      "plan": [
        "org-pro"
      ],
      "status": "active",
      "start_at": "2024-12-31T10:00:00Z",
      "current_period_end": "2025-01-30T10:00:00Z",
      "stripe_customer_id": "cus_8f7f4b8d",
      "stripe_subscription_id": "sub_8f7f4b8d",
      "created_at": "2024-12-31T09:55:00Z",
      "updated_at": "2025-01-16T10:00:00Z"
    }
  },
  {
    "model": "payments.subscription",
    "pk": "cdaaa9bb-3451-4a7e-8270-8bf9799e6f90",
    "fields": {
      "organisation": "853ca231-4a94-40d2-868a-62b8000b83c0",
      "agent": null,
      "plan": [
        "org-pro"
      ],
      "status": "active",
      "start_at": "2024-12-31T10:00:00Z",
      "current_period_end": "2025-01-30T10:00:00Z",
      "stripe_customer_id": "cus_853ca231",
      "stripe_subscription_id": "sub_853ca231",
      "created_at": "2024-12-31T09:55:00Z",
      "updated_at": "2025-01-16T10:00:00Z"
    }
  },
  {
    "model": "payments.subscription",
    "pk": "05e999d2-1047-45c2-aaa9-8e4a90ec2152",
    "fields": {
      "organisation": "57e4ddf7-d86c-407d-b31e-5e5c470df15c",
      "agent": null,
      "plan": [
        "org-pro"
      ],
      "status": "active",
      "start_at": "2024-12-31T10:00:00Z",
      "current_period_end": "2025-01-30T10:00:00Z",
      "stripe_customer_id": "cus_57e4ddf7",
      "stripe_subscription_id": "sub_57e4ddf7",
      "created_at": "2024-12-31T09:55:00Z",
      "updated_at": "2025-01-16T10:00:00Z"
    }
  },
  {
    "model": "payments.subscription",
    "pk": "d7484435-6f64-4311-92a6-bec55a7e5cfa",
    "fields": {
      "organisation": "fdd329a9-f6fb-4f43-b3fb-45358f5fdeb8",
      "agent": null,
      "plan": [
        "org-pro"
      ],
      "status": "active",
      "start_at": "2024-12-31T10:00:00Z",
      "current_period_end": "2025-01-30T10:00:00Z",
      "stripe_customer_id": "cus_fdd329a9",
      "stripe_subscription_id": "sub_fdd329a9",
      "created_at": "2024-12-31T09:55:00Z",
      "updated_at": "2025-01-16T10:00:00Z"
    }
  },
  {
    "model": "payments.subscription",
    "pk": "14a7272e-b2c1-47bb-b381-e1b3f3332660",
    "fields": {
      "organisation": "4de7df78-d012-426a-a371-909424d9aaa3",
      "agent": null,
      "plan": [
        "org-pro"
      ],
      "status": "active",
      "start_at": "2024-12-31T10:00:00Z",
      "current_period_end": "2025-01-30T10:00:00Z",
      "stripe_customer_id": "cus_4de7df78",
      "stripe_subscription_id": "sub_4de7df78",
      "created_at": "2024-12-31T09:55:00Z",
      "updated_at": "2025-01-16T10:00:00Z"
    }
  },
  {
    "model": "payments.subscription",
    "pk": "298f476b-20da-442a-971d-02c119346237",
    "fields": {
      "organisation": null,
      "agent": "67cac267-57ba-4198-902a-ab83c06fb7dc",
      "plan": [
        "agent-free"
      ],
      "status": "active",
      "start_at": "2025-01-05T10:00:00Z",
      "current_period_end": "2025-02-04T10:00:00Z",
      "stripe_customer_id": "cus_agent_00",
      "stripe_subscription_id": "sub_agent_00",
      "created_at": "2025-01-05T09:30:00Z",
      "updated_at": "2025-01-20T10:00:00Z"
    }
  },
  {
    "model": "payments.subscription",
    "pk": "7dd5326c-9707-4a21-b704-110873eeea02",
    "fields": {
      "organisation": null,
      "agent": "94c0b931-5c8b-4f1a-8b70-85496ad037e3",
      "plan": [
        "agent-free"
      ],
      "status": "active",
      "start_at": "2025-01-04T10:00:00Z",
      "current_period_end": "2025-02-03T10:00:00Z",
      "stripe_customer_id": "cus_agent_01",
      "stripe_subscription_id": "sub_agent_01",
      "created_at": "2025-01-04T09:30:00Z",
      "updated_at": "2025-01-20T10:01:00Z"
    }
  },
  {
    "model": "payments.subscription",
    "pk": "721fb675-620b-4811-a47f-639234706d54",
    "fields": {
      "organisation": null,
      "agent": "8e81e5ad-0c64-495f-ba11-1ddffeb347f3",
      "plan": [
        "agent-free"
      ],
      "status": "active",
      "start_at": "2025-01-03T10:00:00Z",
      "current_period_end": "2025-02-02T10:00:00Z",
      "stripe_customer_id": "cus_agent_02",
      "stripe_subscription_id": "sub_agent_02",
      "created_at": "2025-01-03T09:30:00Z",
      "updated_at": "2025-01-20T10:02:00Z"
    }
  },
  {
    "model": "payments.subscription",
    "pk": "13c7c785-ae64-472f-a475-af0905b6237c",
    "fields": {
      "organisation": null,
      "agent": "e845b96c-b149-41d5-a464-c576d7d7059a",
      "plan": [
        "agent-free"
      ],
      "status": "active",
      "start_at": "2025-01-02T10:00:00Z",
      "current_period_end": "2025-02-01T10:00:00Z",
      "stripe_customer_id": "cus_agent_03",
      "stripe_subscription_id": "sub_agent_03",
      "created_at": "2025-01-02T09:30:00Z",
      "updated_at": "2025-01-20T10:03:00Z"
    }
  },
  {
    "model": "payments.subscription",
    "pk": "05dc3541-d7c5-453e-9c4f-4bef89ac995c",
    "fields": {
      "organisation": null,
      "agent": "2deffdfd-09ba-4c78-9cf2-f7577b2144a8",
      "plan": [
        "agent-free"
      ],
      "status": "active",
      "start_at": "2025-01-01T10:00:00Z",
      "current_period_end": "2025-01-31T10:00:00Z",
      "stripe_customer_id": "cus_agent_04",
      "stripe_subscription_id": "sub_agent_04",
      "created_at": "2025-01-01T09:30:00Z",
      "updated_at": "2025-01-20T10:04:00Z"
    }
  },
  {
    "model": "payments.subscription",
    "pk": "75cce841-4997-4a13-939d-f4f0b477faea",
    "fields": {
      "organisation": null,
      "agent": "7d5a5a06-1f10-4b3f-b335-aaca4cc9dba0",
      "plan": [
        "agent-free"
      ],
      "status": "active",
      "start_at": "2024-12-31T10:00:00Z",
      "current_period_end": "2025-01-30T10:00:00Z",
      "stripe_customer_id": "cus_agent_05",
      "stripe_subscription_id": "sub_agent_05",
      "created_at": "2024-12-31T09:30:00Z",
      "updated_at": "2025-01-20T10:05:00Z"
    }
  },
  {
    "model": "payments.subscription",
    "pk": "1f3627f4-af80-4db3-9dd6-b946faacb1d2",
    "fields": {
      "organisation": null,
      "agent": "d76f3c6f-32d2-41cf-8d47-5f0795d5ff67",
      "plan": [
        "agent-free"
      ],
      "status": "active",
      "start_at": "2024-12-30T10:00:00Z",
      "current_period_end": "2025-01-29T10:00:00Z",
      "stripe_customer_id": "cus_agent_06",
      "stripe_subscription_id": "sub_agent_06",
      "created_at": "2024-12-30T09:30:00Z",
      "updated_at": "2025-01-20T10:06:00Z"
    }
  },
  {
    "model": "payments.subscription",
    "pk": "a7e6cd21-5408-4ef1-8b6d-372e45d17deb",
    "fields": {
      "organisation": null,
      "agent": "77ae0f8c-7b8d-4b47-93e5-3ed04331c12a",
      "plan": [
        "agent-free"
      ],
      "status": "active",
      "start_at": "2024-12-29T10:00:00Z",
      "current_period_end": "2025-01-28T10:00:00Z",
      "stripe_customer_id": "cus_agent_07",
      "stripe_subscription_id": "sub_agent_07",
      "created_at": "2024-12-29T09:30:00Z",
      "updated_at": "2025-01-20T10:07:00Z"
    }
  },
  {
    "model": "payments.subscription",
    "pk": "c84b01a1-cc9f-429c-88be-782721cf5300",
    "fields": {
      "organisation": null,
      "agent": "a26bdab9-156d-4271-ae7e-a53fc00c02c6",
      "plan": [
        "agent-free"
      ],
      "status": "active",
      "start_at": "2024-12-28T10:00:00Z",
      "current_period_end": "2025-01-27T10:00:00Z",
      "stripe_customer_id": "cus_agent_08",
      "stripe_subscription_id": "sub_agent_08",
      "created_at": "2024-12-28T09:30:00Z",
      "updated_at": "2025-01-20T10:08:00Z"
    }
  },
  {
    "model": "payments.subscription",
    "pk": "87a602a9-1c33-4423-a9ac-bdee66608109",
    "fields": {
      "organisation": null,
      "agent": "fbb1c508-6f40-49ba-9a51-904f205638b4",
      "plan": [
        "agent-free"
      ],
      "status": "active",
      "start_at": "2024-12-27T10:00:00Z",
      "current_period_end": "2025-01-26T10:00:00Z",
      "stripe_customer_id": "cus_agent_09",
      "stripe_subscription_id": "sub_agent_09",
      "created_at": "2024-12-27T09:30:00Z",
      "updated_at": "2025-01-20T10:09:00Z"
    }
  },
  {
    "model": "payments.subscription",
    "pk": "c97fee47-0a6b-4154-9759-80af3e69d0a2",
    "fields": {
      "organisation": null,
      "agent": "26c27561-d812-4322-a0b7-9cc188d69a23",
      "plan": [
        "agent-free"
      ],
      "status": "active",
      "start_at": "2024-12-26T10:00:00Z",
      "current_period_end": "2025-01-25T10:00:00Z",
      "stripe_customer_id": "cus_agent_10",
      "stripe_subscription_id": "sub_agent_10",
      "created_at": "2024-12-26T09:30:00Z",
      "updated_at": "2025-01-20T10:10:00Z"
    }
  },
  {
    "model": "payments.subscription",
    "pk": "e2a437b4-f78a-40d6-841b-4d40e8846807",
    "fields": {
      "organisation": null,
      "agent": "4ee92cc1-046c-4956-9a48-a7f4bce96a8b",
      "plan": [
        "agent-free"
      ],
      "status": "active",
      "start_at": "2024-12-25T10:00:00Z",
      "current_period_end": "2025-01-24T10:00:00Z",
      "stripe_customer_id": "cus_agent_11",
      "stripe_subscription_id": "sub_agent_11",
      "created_at": "2024-12-25T09:30:00Z",
      "updated_at": "2025-01-20T10:11:00Z"
    }
  },
  {
    "model": "payments.subscription",
    "pk": "b5443094-d7a1-400b-9ec1-443c29c4aef1",
    "fields": {
      "organisation": null,
      "agent": "3bafb802-ce3a-4ba3-bfb7-68db68cdee97",
      "plan": [
        "agent-pro"
      ],
      "status": "active",
      "start_at": "2024-12-24T10:00:00Z",
      "current_period_end": "2025-01-23T10:00:00Z",
      "stripe_customer_id": "cus_agent_12",
      "stripe_subscription_id": "sub_agent_12",
      "created_at": "2024-12-24T09:30:00Z",
      "updated_at": "2025-01-20T10:12:00Z"
    }
  },
  {
    "model": "payments.subscription",
    "pk": "91d6b557-9f50-4673-8c24-27a0774e1e98",
    "fields": {
      "organisation": null,
      "agent": "f388870b-cc58-4c26-b4f3-8907b99c2c73",
      "plan": [
        "agent-pro"
      ],
      "status": "active",
      "start_at": "2024-12-23T10:00:00Z",
      "current_period_end": "2025-01-22T10:00:00Z",
      "stripe_customer_id": "cus_agent_13",
      "stripe_subscription_id": "sub_agent_13",
      "created_at": "2024-12-23T09:30:00Z",
      "updated_at": "2025-01-20T10:13:00Z"
    }
  },
  {
    "model": "payments.subscription",
    "pk": "33a4ca96-9170-4f1b-8232-b2866a31f812",
    "fields": {
      "organisation": null,
      "agent": "6825cb19-f960-4693-98bb-1cf19735f741",
      "plan": [
        "agent-pro"
      ],
      "status": "active",
      "start_at": "2024-12-22T10:00:00Z",
      "current_period_end": "2025-01-21T10:00:00Z",
      "stripe_customer_id": "cus_agent_14",
      "stripe_subscription_id": "sub_agent_14",
      "created_at": "2024-12-22T09:30:00Z",
      "updated_at": "2025-01-20T10:14:00Z"
    }
  },
  {
    "model": "payments.subscription",
    "pk": "37fcb2bb-925b-4e24-b783-afc3d211ee83",
    "fields": {
      "organisation": null,
      "agent": "83da7d7c-639c-438d-bf9c-f6389f594ff9",
      "plan": [
        "agent-agency"
      ],
      "status": "active",
      "start_at": "2024-12-21T10:00:00Z",
      "current_period_end": "2025-01-20T10:00:00Z",
      "stripe_customer_id": "cus_agent_15",
      "stripe_subscription_id": "sub_agent_15",
      "created_at": "2024-12-21T09:30:00Z",
      "updated_at": "2025-01-20T10:15:00Z"
    }
  },
  {
    "model": "payments.subscription",
    "pk": "45b59959-99aa-4695-bdfe-cf0f6f232742",
    "fields": {
      "organisation": null,
      "agent": "43a5bece-74fc-4482-930e-f6b237883e34",
      "plan": [
        "agent-pro"
      ],
      "status": "active",
      "start_at": "2024-12-20T10:00:00Z",
      "current_period_end": "2025-01-19T10:00:00Z",
      "stripe_customer_id": "cus_agent_16",
      "stripe_subscription_id": "sub_agent_16",
      "created_at": "2024-12-20T09:30:00Z",
      "updated_at": "2025-01-20T10:16:00Z"
    }
  },
  {
    "model": "payments.subscription",
    "pk": "a8bdc28e-dc38-44e3-854a-ea2bc9e4c642",
    "fields": {
      "organisation": null,
      "agent": "be33b882-cdec-4473-baa6-4ee7117f778c",
      "plan": [
        "agent-pro"
      ],
      "status": "active",
      "start_at": "2024-12-19T10:00:00Z",
      "current_period_end": "2025-01-18T10:00:00Z",
      "stripe_customer_id": "cus_agent_17",
      "stripe_subscription_id": "sub_agent_17",
      "created_at": "2024-12-19T09:30:00Z",
      "updated_at": "2025-01-20T10:17:00Z"
    }
  },
  {
    "model": "payments.subscription",
    "pk": "073ee02e-bb01-4467-a9f6-19da690d65ee",
    "fields": {
      "organisation": null,
      "agent": "326774e4-31be-46d9-acd9-9723ce641f88",
      "plan": [
        "agent-free"
      ],
      "status": "active",
      "start_at": "2024-12-18T10:00:00Z",
      "current_period_end": "2025-01-17T10:00:00Z",
      "stripe_customer_id": "cus_agent_18",
      "stripe_subscription_id": "sub_agent_18",
      "created_at": "2024-12-18T09:30:00Z",
      "updated_at": "2025-01-20T10:18:00Z"
    }
  },
  {
    "model": "payments.subscription",
    "pk": "ac8de672-8ca2-4185-9655-457ea2d1d8b6",
    "fields": {
      "organisation": null,
      "agent": "5af1e884-b360-40d8-bf99-c11029b8b35b",
      "plan": [
        "agent-free"
      ],
      "status": "active",
      "start_at": "2024-12-17T10:00:00Z",
      "current_period_end": "2025-01-16T10:00:00Z",
      "stripe_customer_id": "cus_agent_19",
      "stripe_subscription_id": "sub_agent_19",
      "created_at": "2024-12-17T09:30:00Z",
      "updated_at": "2025-01-20T10:19:00Z"
    }
  },
  {
    "model": "athletes.athlete",
    "pk": "4a8ed648-0297-427b-a20e-a26cb84836df",
    "fields": {
      "sport": "a6d75f3b-f6b5-4ff6-a805-542e8d1698c6",
      "agent": "67cac267-57ba-4198-902a-ab83c06fb7dc",
      "full_name": "Alice Dupont",
      "slug": "alice-dupont-0",
      "birth_date": "1990-01-15",
      "nationality": "France",
      "country": "France",
      "city": "Paris",
      "bio": "Athlète professionnel(le) avec un palmarès reconnu sur la scène internationale.",
      "social_links": {
        "instagram": "https://instagram.com/alicedupont",
        "twitter": "https://twitter.com/alice"
      },
      "followers_count_cached": 15000,
      "engagement_rate_cached": "3.00",
      "avatar": "",
      "created_at": "2025-01-20T10:00:00Z",
      "updated_at": "2025-01-20T10:00:00Z"
    }
  },
  {
    "model": "athletes.athlete",
    "pk": "0b17c34e-ac5b-4a63-8ddb-fa4604f4557a",
    "fields": {
      "sport": "0bd795bf-757e-4624-8734-d409a4fc6c2e",
      "agent": "94c0b931-5c8b-4f1a-8b70-85496ad037e3",
      "full_name": "Bruno Martin",
      "slug": "bruno-martin-1",
      "birth_date": "1991-02-15",
      "nationality": "Belgique",
      "country": "Belgique",
      "city": "Lyon",
      "bio": "Athlète professionnel(le) avec un palmarès reconnu sur la scène internationale.",
      "social_links": {
        "instagram": "https://instagram.com/brunomartin",
        "twitter": "https://twitter.com/bruno"
      },
      "followers_count_cached": 16200,
      "engagement_rate_cached": "3.01",
      "avatar": "",
      "created_at": "2025-01-20T10:01:00Z",
      "updated_at": "2025-01-20T10:01:00Z"
    }
  },
  {
    "model": "athletes.athlete",
    "pk": "7c0e7b1a-9666-48f1-a23f-16e19a4b6c84",
    "fields": {
      "sport": "4f24669c-56c0-4dd8-9201-25a9e7c76cf1",
      "agent": "8e81e5ad-0c64-495f-ba11-1ddffeb347f3",
      "full_name": "Chloé Laurent",
      "slug": "chloé-laurent-2",
      "birth_date": "1992-03-15",
      "nationality": "Suisse",
      "country": "Suisse",
      "city": "Nice",
      "bio": "Athlète professionnel(le) avec un palmarès reconnu sur la scène internationale.",
      "social_links": {
        "instagram": "https://instagram.com/chloélaurent",
        "twitter": "https://twitter.com/chloé"
      },
      "followers_count_cached": 17400,
      "engagement_rate_cached": "3.02",
      "avatar": "",
      "created_at": "2025-01-20T10:02:00Z",
      "updated_at": "2025-01-20T10:02:00Z"
    }
  },
  {
    "model": "athletes.athlete",
    "pk": "5d7684b8-2002-4d76-981f-aacda42d1bc3",
    "fields": {
      "sport": "ee305558-ab27-4b13-9811-a78b971758d0",
      "agent": "e845b96c-b149-41d5-a464-c576d7d7059a",
      "full_name": "David Bernard",
      "slug": "david-bernard-3",
      "birth_date": "1993-04-15",
      "nationality": "Espagne",
      "country": "Espagne",
      "city": "Toulouse",
      "bio": "Athlète professionnel(le) avec un palmarès reconnu sur la scène internationale.",
      "social_links": {
        "instagram": "https://instagram.com/davidbernard",
        "twitter": "https://twitter.com/david"
      },
      "followers_count_cached": 18600,
      "engagement_rate_cached": "3.03",
      "avatar": "",
      "created_at": "2025-01-20T10:03:00Z",
      "updated_at": "2025-01-20T10:03:00Z"
    }
  },
  {
    "model": "athletes.athlete",
    "pk": "38751873-1580-4e0b-aaaf-c124c8156a40",
    "fields": {
      "sport": "f2e30b46-88ff-460c-a020-6ce81218e207",
      "agent": "2deffdfd-09ba-4c78-9cf2-f7577b2144a8",
      "full_name": "Emma Girard",
      "slug": "emma-girard-4",
      "birth_date": "1994-05-15",
      "nationality": "Italie",
      "country": "Italie",
      "city": "Bordeaux",
      "bio": "Athlète professionnel(le) avec un palmarès reconnu sur la scène internationale.",
      "social_links": {
        "instagram": "https://instagram.com/emmagirard",
        "twitter": "https://twitter.com/emma"
      },
      "followers_count_cached": 19800,
      "engagement_rate_cached": "3.04",
      "avatar": "",
      "created_at": "2025-01-20T10:04:00Z",
      "updated_at": "2025-01-20T10:04:00Z"
    }
  },
  {
    "model": "athletes.athlete",
    "pk": "1f70dfc3-5381-4666-af81-6cae1572ca21",
    "fields": {
      "sport": "89701b60-a98b-43e7-9837-3fab02034742",
      "agent": "7d5a5a06-1f10-4b3f-b335-aaca4cc9dba0",
      "full_name": "Fabien Moreau",
      "slug": "fabien-moreau-5",
      "birth_date": "1995-06-15",
      "nationality": "Allemagne",
      "country": "Allemagne",
      "city": "Marseille",
      "bio": "Athlète professionnel(le) avec un palmarès reconnu sur la scène internationale.",
      "social_links": {
        "instagram": "https://instagram.com/fabienmoreau",
        "twitter": "https://twitter.com/fabien"
      },
      "followers_count_cached": 21000,
      "engagement_rate_cached": "3.05",
      "avatar": "",
      "created_at": "2025-01-20T10:05:00Z",
      "updated_at": "2025-01-20T10:05:00Z"
    }
  },
  {
    "model": "athletes.athlete",
    "pk": "996b7848-404d-47ac-ad1c-06c322a88882",
    "fields": {
      "sport": "33c5663d-5ed9-41fb-b0a0-4a5f5f018d07",
      "agent": "d76f3c6f-32d2-41cf-8d47-5f0795d5ff67",
      "full_name": "Gaëlle Robert",
      "slug": "gaëlle-robert-6",
      "birth_date": "1996-07-15",
      "nationality": "France",
      "country": "France",
      "city": "Paris",
      "bio": "Athlète professionnel(le) avec un palmarès reconnu sur la scène internationale.",
      "social_links": {
        "instagram": "https://instagram.com/gaëllerobert",
        "twitter": "https://twitter.com/gaëlle"
      },
      "followers_count_cached": 22200,
      "engagement_rate_cached": "3.06",
      "avatar": "",
      "created_at": "2025-01-20T10:06:00Z",
      "updated_at": "2025-01-20T10:06:00Z"
    }
  },
  {
    "model": "athletes.athlete",
    "pk": "4582f2ec-e9ca-4bbb-bb7a-440c7b808427",
    "fields": {
      "sport": "9b6f7bf9-cf22-4bb3-be91-e41212b07deb",
      "agent": "77ae0f8c-7b8d-4b47-93e5-3ed04331c12a",
      "full_name": "Milan Ortega",
      "slug": "milan-ortega-7",
      "birth_date": "1997-08-15",
      "nationality": "Belgique",
      "country": "Belgique",
      "city": "Lyon",
      "bio": "Athlète professionnel(le) avec un palmarès reconnu sur la scène internationale.",
      "social_links": {
        "instagram": "https://instagram.com/milanortega",
        "twitter": "https://twitter.com/milan"
      },
      "followers_count_cached": 23400,
      "engagement_rate_cached": "3.07",
      "avatar": "",
      "created_at": "2025-01-20T10:07:00Z",
      "updated_at": "2025-01-20T10:07:00Z"
    }
  },
  {
    "model": "athletes.athlete",
    "pk": "452978ec-12ec-46bc-bb0d-a2a1dd65df77",
    "fields": {
      "sport": "f7d6fe75-37f1-4646-8c9b-48744884edf8",
      "agent": "a26bdab9-156d-4271-ae7e-a53fc00c02c6",
      "full_name": "Yara Benali",
      "slug": "yara-benali-8",
      "birth_date": "1998-09-15",
      "nationality": "Suisse",
      "country": "Suisse",
      "city": "Nice",
      "bio": "Athlète professionnel(le) avec un palmarès reconnu sur la scène internationale.",
      "social_links": {
        "instagram": "https://instagram.com/yarabenali",
        "twitter": "https://twitter.com/yara"
      },
      "followers_count_cached": 24600,
      "engagement_rate_cached": "3.08",
      "avatar": "",
      "created_at": "2025-01-20T10:08:00Z",
      "updated_at": "2025-01-20T10:08:00Z"
    }
  },
  {
    "model": "athletes.athlete",
    "pk": "921e41b5-8e04-4e22-a265-6094b00c9fa6",
    "fields": {
      "sport": "bd318684-e41d-415f-a55b-4ae35e1f80fa",
      "agent": "fbb1c508-6f40-49ba-9a51-904f205638b4",
      "full_name": "Theo Ricard",
      "slug": "theo-ricard-9",
      "birth_date": "1999-01-15",
      "nationality": "Espagne",
      "country": "Espagne",
      "city": "Toulouse",
      "bio": "Athlète professionnel(le) avec un palmarès reconnu sur la scène internationale.",
      "social_links": {
        "instagram": "https://instagram.com/theoricard",
        "twitter": "https://twitter.com/theo"
      },
      "followers_count_cached": 25800,
      "engagement_rate_cached": "3.09",
      "avatar": "",
      "created_at": "2025-01-20T10:09:00Z",
      "updated_at": "2025-01-20T10:09:00Z"
    }
  },
  {
    "model": "athletes.athlete",
    "pk": "14507f60-c99d-4c27-83c3-5ebce9ac838d",
    "fields": {
      "sport": "a6d75f3b-f6b5-4ff6-a805-542e8d1698c6",
      "agent": "26c27561-d812-4322-a0b7-9cc188d69a23",
      "full_name": "Selena Kone",
      "slug": "selena-kone-10",
      "birth_date": "1990-02-15",
      "nationality": "Italie",
      "country": "Italie",
      "city": "Bordeaux",
      "bio": "Athlète professionnel(le) avec un palmarès reconnu sur la scène internationale.",
      "social_links": {
        "instagram": "https://instagram.com/selenakone",
        "twitter": "https://twitter.com/selena"
      },
      "followers_count_cached": 27000,
      "engagement_rate_cached": "3.10",
      "avatar": "",
      "created_at": "2025-01-20T10:10:00Z",
      "updated_at": "2025-01-20T10:10:00Z"
    }
  },
  {
    "model": "athletes.athlete",
    "pk": "aaa4abd0-89a1-4f99-94ca-e528822c13b8",
    "fields": {
      "sport": "0bd795bf-757e-4624-8734-d409a4fc6c2e",
      "agent": "4ee92cc1-046c-4956-9a48-a7f4bce96a8b",
      "full_name": "Jonas Kramer",
      "slug": "jonas-kramer-11",
      "birth_date": "1991-03-15",
      "nationality": "Allemagne",
      "country": "Allemagne",
      "city": "Marseille",
      "bio": "Athlète professionnel(le) avec un palmarès reconnu sur la scène internationale.",
      "social_links": {
        "instagram": "https://instagram.com/jonaskramer",
        "twitter": "https://twitter.com/jonas"
      },
      "followers_count_cached": 28200,
      "engagement_rate_cached": "3.11",
      "avatar": "",
      "created_at": "2025-01-20T10:11:00Z",
      "updated_at": "2025-01-20T10:11:00Z"
    }
  },
  {
    "model": "athletes.athlete",
    "pk": "d0830375-0150-4ad9-ba4c-c9c6e5eab460",
    "fields": {
      "sport": "4f24669c-56c0-4dd8-9201-25a9e7c76cf1",
      "agent": "3bafb802-ce3a-4ba3-bfb7-68db68cdee97",
      "full_name": "Ingrid Meyer",
      "slug": "ingrid-meyer-12",
      "birth_date": "1992-04-15",
      "nationality": "France",
      "country": "France",
      "city": "Paris",
      "bio": "Athlète professionnel(le) avec un palmarès reconnu sur la scène internationale.",
      "social_links": {
        "instagram": "https://instagram.com/ingridmeyer",
        "twitter": "https://twitter.com/ingrid"
      },
      "followers_count_cached": 29400,
      "engagement_rate_cached": "3.12",
      "avatar": "",
      "created_at": "2025-01-20T10:12:00Z",
      "updated_at": "2025-01-20T10:12:00Z"
    }
  },
  {
    "model": "athletes.athlete",
    "pk": "f52feee9-a886-4676-9a73-4ad9c63543f1",
    "fields": {
      "sport": "ee305558-ab27-4b13-9811-a78b971758d0",
      "agent": "3bafb802-ce3a-4ba3-bfb7-68db68cdee97",
      "full_name": "Lucas Vidal",
      "slug": "lucas-vidal-13",
      "birth_date": "1993-05-15",
      "nationality": "Belgique",
      "country": "Belgique",
      "city": "Lyon",
      "bio": "Athlète professionnel(le) avec un palmarès reconnu sur la scène internationale.",
      "social_links": {
        "instagram": "https://instagram.com/lucasvidal",
        "twitter": "https://twitter.com/lucas"
      },
      "followers_count_cached": 30600,
      "engagement_rate_cached": "3.13",
      "avatar": "",
      "created_at": "2025-01-20T10:13:00Z",
      "updated_at": "2025-01-20T10:13:00Z"
    }
  },
  {
    "model": "athletes.athlete",
    "pk": "eb5d0aeb-7067-4760-a85b-08c36f15eca5",
    "fields": {
      "sport": "f2e30b46-88ff-460c-a020-6ce81218e207",
      "agent": "3bafb802-ce3a-4ba3-bfb7-68db68cdee97",
      "full_name": "Maya Sato",
      "slug": "maya-sato-14",
      "birth_date": "1994-06-15",
      "nationality": "Suisse",
      "country": "Suisse",
      "city": "Nice",
      "bio": "Athlète professionnel(le) avec un palmarès reconnu sur la scène internationale.",
      "social_links": {
        "instagram": "https://instagram.com/mayasato",
        "twitter": "https://twitter.com/maya"
      },
      "followers_count_cached": 31800,
      "engagement_rate_cached": "3.14",
      "avatar": "",
      "created_at": "2025-01-20T10:14:00Z",
      "updated_at": "2025-01-20T10:14:00Z"
    }
  },
  {
    "model": "athletes.athlete",
    "pk": "df1c1df5-2ca0-4d03-95fd-7dd8496aa48f",
    "fields": {
      "sport": "89701b60-a98b-43e7-9837-3fab02034742",
      "agent": "3bafb802-ce3a-4ba3-bfb7-68db68cdee97",
      "full_name": "Noah Fischer",
      "slug": "noah-fischer-15",
      "birth_date": "1995-07-15",
      "nationality": "Espagne",
      "country": "Espagne",
      "city": "Toulouse",
      "bio": "Athlète professionnel(le) avec un palmarès reconnu sur la scène internationale.",
      "social_links": {
        "instagram": "https://instagram.com/noahfischer",
        "twitter": "https://twitter.com/noah"
      },
      "followers_count_cached": 33000,
      "engagement_rate_cached": "3.15",
      "avatar": "",
      "created_at": "2025-01-20T10:15:00Z",
      "updated_at": "2025-01-20T10:15:00Z"
    }
  },
  {
    "model": "athletes.athlete",
    "pk": "390db4bd-db47-4fea-aa34-b6c7751218d3",
    "fields": {
      "sport": "33c5663d-5ed9-41fb-b0a0-4a5f5f018d07",
      "agent": "3bafb802-ce3a-4ba3-bfb7-68db68cdee97",
      "full_name": "Clara Jensen",
      "slug": "clara-jensen-16",
      "birth_date": "1996-08-15",
      "nationality": "Italie",
      "country": "Italie",
      "city": "Bordeaux",
      "bio": "Athlète professionnel(le) avec un palmarès reconnu sur la scène internationale.",
      "social_links": {
        "instagram": "https://instagram.com/clarajensen",
        "twitter": "https://twitter.com/clara"
      },
      "followers_count_cached": 34200,
      "engagement_rate_cached": "3.16",
      "avatar": "",
      "created_at": "2025-01-20T10:16:00Z",
      "updated_at": "2025-01-20T10:16:00Z"
    }
  },
  {
    "model": "athletes.athlete",
    "pk": "aec196eb-474d-4614-a0f1-395965336a4b",
    "fields": {
      "sport": "9b6f7bf9-cf22-4bb3-be91-e41212b07deb",
      "agent": "f388870b-cc58-4c26-b4f3-8907b99c2c73",
      "full_name": "Rafael Costa",
      "slug": "rafael-costa-17",
      "birth_date": "1997-09-15",
      "nationality": "Allemagne",
      "country": "Allemagne",
      "city": "Marseille",
      "bio": "Athlète professionnel(le) avec un palmarès reconnu sur la scène internationale.",
      "social_links": {
        "instagram": "https://instagram.com/rafaelcosta",
        "twitter": "https://twitter.com/rafael"
      },
      "followers_count_cached": 35400,
      "engagement_rate_cached": "3.17",
      "avatar": "",
      "created_at": "2025-01-20T10:17:00Z",
      "updated_at": "2025-01-20T10:17:00Z"
    }
  },
  {
    "model": "athletes.athlete",
    "pk": "38ef096d-c48b-476d-b9d8-0ee76ae1b095",
    "fields": {
      "sport": "f7d6fe75-37f1-4646-8c9b-48744884edf8",
      "agent": "f388870b-cc58-4c26-b4f3-8907b99c2c73",
      "full_name": "Lucie Moretti",
      "slug": "lucie-moretti-18",
      "birth_date": "1998-01-15",
      "nationality": "France",
      "country": "France",
      "city": "Paris",
      "bio": "Athlète professionnel(le) avec un palmarès reconnu sur la scène internationale.",
      "social_links": {
        "instagram": "https://instagram.com/luciemoretti",
        "twitter": "https://twitter.com/lucie"
      },
      "followers_count_cached": 36600,
      "engagement_rate_cached": "3.18",
      "avatar": "",
      "created_at": "2025-01-20T10:18:00Z",
      "updated_at": "2025-01-20T10:18:00Z"
    }
  },
  {
    "model": "athletes.athlete",
    "pk": "79c21822-0a0d-41ba-9a9e-2a1485e83a2c",
    "fields": {
      "sport": "bd318684-e41d-415f-a55b-4ae35e1f80fa",
      "agent": "f388870b-cc58-4c26-b4f3-8907b99c2c73",
      "full_name": "Amira Idrissi",
      "slug": "amira-idrissi-19",
      "birth_date": "1999-02-15",
      "nationality": "Belgique",
      "country": "Belgique",
      "city": "Lyon",
      "bio": "Athlète professionnel(le) avec un palmarès reconnu sur la scène internationale.",
      "social_links": {
        "instagram": "https://instagram.com/amiraidrissi",
        "twitter": "https://twitter.com/amira"
      },
      "followers_count_cached": 37800,
      "engagement_rate_cached": "3.19",
      "avatar": "",
      "created_at": "2025-01-20T10:19:00Z",
      "updated_at": "2025-01-20T10:19:00Z"
    }
  },
  {
    "model": "athletes.athlete",
    "pk": "78f47e5e-695b-4d74-a9c3-71aa9432ca93",
    "fields": {
      "sport": "a6d75f3b-f6b5-4ff6-a805-542e8d1698c6",
      "agent": "f388870b-cc58-4c26-b4f3-8907b99c2c73",
      "full_name": "Victor Da Silva",
      "slug": "victor-da-silva-20",
      "birth_date": "1990-03-15",
      "nationality": "Suisse",
      "country": "Suisse",
      "city": "Nice",
      "bio": "Athlète professionnel(le) avec un palmarès reconnu sur la scène internationale.",
      "social_links": {
        "instagram": "https://instagram.com/victordasilva",
        "twitter": "https://twitter.com/victor"
      },
      "followers_count_cached": 39000,
      "engagement_rate_cached": "3.20",
      "avatar": "",
      "created_at": "2025-01-20T10:20:00Z",
      "updated_at": "2025-01-20T10:20:00Z"
    }
  },
  {
    "model": "athletes.athlete",
    "pk": "aef2ebc4-0084-40c8-a64c-583e733a4562",
    "fields": {
      "sport": "0bd795bf-757e-4624-8734-d409a4fc6c2e",
      "agent": "f388870b-cc58-4c26-b4f3-8907b99c2c73",
      "full_name": "Elena Popov",
      "slug": "elena-popov-21",
      "birth_date": "1991-04-15",
      "nationality": "Espagne",
      "country": "Espagne",
      "city": "Toulouse",
      "bio": "Athlète professionnel(le) avec un palmarès reconnu sur la scène internationale.",
      "social_links": {
        "instagram": "https://instagram.com/elenapopov",
        "twitter": "https://twitter.com/elena"
      },
      "followers_count_cached": 40200,
      "engagement_rate_cached": "3.21",
      "avatar": "",
      "created_at": "2025-01-20T10:21:00Z",
      "updated_at": "2025-01-20T10:21:00Z"
    }
  },
  {
    "model": "athletes.athlete",
    "pk": "36531f1a-a91d-4ef7-97fa-1cf968e80043",
    "fields": {
      "sport": "4f24669c-56c0-4dd8-9201-25a9e7c76cf1",
      "agent": "6825cb19-f960-4693-98bb-1cf19735f741",
      "full_name": "Jules Lambert",
      "slug": "jules-lambert-22",
      "birth_date": "1992-05-15",
      "nationality": "Italie",
      "country": "Italie",
      "city": "Bordeaux",
      "bio": "Athlète professionnel(le) avec un palmarès reconnu sur la scène internationale.",
      "social_links": {
        "instagram": "https://instagram.com/juleslambert",
        "twitter": "https://twitter.com/jules"
      },
      "followers_count_cached": 41400,
      "engagement_rate_cached": "3.22",
      "avatar": "",
      "created_at": "2025-01-20T10:22:00Z",
      "updated_at": "2025-01-20T10:22:00Z"
    }
  },
  {
    "model": "athletes.athlete",
    "pk": "4b0b459c-9c0b-4f8e-9c92-d9e4f7b1e33e",
    "fields": {
      "sport": "ee305558-ab27-4b13-9811-a78b971758d0",
      "agent": "6825cb19-f960-4693-98bb-1cf19735f741",
      "full_name": "Sofia Romano",
      "slug": "sofia-romano-23",
      "birth_date": "1993-06-15",
      "nationality": "Allemagne",
      "country": "Allemagne",
      "city": "Marseille",
      "bio": "Athlète professionnel(le) avec un palmarès reconnu sur la scène internationale.",
      "social_links": {
        "instagram": "https://instagram.com/sofiaromano",
        "twitter": "https://twitter.com/sofia"
      },
      "followers_count_cached": 42600,
      "engagement_rate_cached": "3.23",
      "avatar": "",
      "created_at": "2025-01-20T10:23:00Z",
      "updated_at": "2025-01-20T10:23:00Z"
    }
  },
  {
    "model": "athletes.athlete",
    "pk": "b220b53c-7fa9-4ab3-8e13-8538fbb38a37",
    "fields": {
      "sport": "f2e30b46-88ff-460c-a020-6ce81218e207",
      "agent": "6825cb19-f960-4693-98bb-1cf19735f741",
      "full_name": "Tobias Keller",
      "slug": "tobias-keller-24",
      "birth_date": "1994-07-15",
      "nationality": "France",
      "country": "France",
      "city": "Paris",
      "bio": "Athlète professionnel(le) avec un palmarès reconnu sur la scène internationale.",
      "social_links": {
        "instagram": "https://instagram.com/tobiaskeller",
        "twitter": "https://twitter.com/tobias"
      },
      "followers_count_cached": 43800,
      "engagement_rate_cached": "3.24",
      "avatar": "",
      "created_at": "2025-01-20T10:24:00Z",
      "updated_at": "2025-01-20T10:24:00Z"
    }
  },
  {
    "model": "athletes.athlete",
    "pk": "b5af5d80-94ee-47d1-932b-c3c7ae0d4bac",
    "fields": {
      "sport": "89701b60-a98b-43e7-9837-3fab02034742",
      "agent": "6825cb19-f960-4693-98bb-1cf19735f741",
      "full_name": "Hanna Schultz",
      "slug": "hanna-schultz-25",
      "birth_date": "1995-08-15",
      "nationality": "Belgique",
      "country": "Belgique",
      "city": "Lyon",
      "bio": "Athlète professionnel(le) avec un palmarès reconnu sur la scène internationale.",
      "social_links": {
        "instagram": "https://instagram.com/hannaschultz",
        "twitter": "https://twitter.com/hanna"
      },
      "followers_count_cached": 45000,
      "engagement_rate_cached": "3.25",
      "avatar": "",
      "created_at": "2025-01-20T10:25:00Z",
      "updated_at": "2025-01-20T10:25:00Z"
    }
  },
  {
    "model": "athletes.athlete",
    "pk": "adda813f-72dd-4a68-ab28-2248847ff615",
    "fields": {
      "sport": "33c5663d-5ed9-41fb-b0a0-4a5f5f018d07",
      "agent": "6825cb19-f960-4693-98bb-1cf19735f741",
      "full_name": "Ivy McKenna",
      "slug": "ivy-mckenna-26",
      "birth_date": "1996-09-15",
      "nationality": "Suisse",
      "country": "Suisse",
      "city": "Nice",
      "bio": "Athlète professionnel(le) avec un palmarès reconnu sur la scène internationale.",
      "social_links": {
        "instagram": "https://instagram.com/ivymckenna",
        "twitter": "https://twitter.com/ivy"
      },
      "followers_count_cached": 46200,
      "engagement_rate_cached": "3.26",
      "avatar": "",
      "created_at": "2025-01-20T10:26:00Z",
      "updated_at": "2025-01-20T10:26:00Z"
    }
  },
  {
    "model": "athletes.athlete",
    "pk": "305abfb3-ba98-4776-beb7-58d29d4778a7",
    "fields": {
      "sport": "9b6f7bf9-cf22-4bb3-be91-e41212b07deb",
      "agent": "83da7d7c-639c-438d-bf9c-f6389f594ff9",
      "full_name": "Leo Andersson",
      "slug": "leo-andersson-27",
      "birth_date": "1997-01-15",
      "nationality": "Espagne",
      "country": "Espagne",
      "city": "Toulouse",
      "bio": "Athlète professionnel(le) avec un palmarès reconnu sur la scène internationale.",
      "social_links": {
        "instagram": "https://instagram.com/leoandersson",
        "twitter": "https://twitter.com/leo"
      },
      "followers_count_cached": 47400,
      "engagement_rate_cached": "3.27",
      "avatar": "",
      "created_at": "2025-01-20T10:27:00Z",
      "updated_at": "2025-01-20T10:27:00Z"
    }
  },
  {
    "model": "athletes.athlete",
    "pk": "8d3cf410-1550-445d-8ff1-7c0270731c2e",
    "fields": {
      "sport": "f7d6fe75-37f1-4646-8c9b-48744884edf8",
      "agent": "83da7d7c-639c-438d-bf9c-f6389f594ff9",
      "full_name": "Aisha Diallo",
      "slug": "aisha-diallo-28",
      "birth_date": "1998-02-15",
      "nationality": "Italie",
      "country": "Italie",
      "city": "Bordeaux",
      "bio": "Athlète professionnel(le) avec un palmarès reconnu sur la scène internationale.",
      "social_links": {
        "instagram": "https://instagram.com/aishadiallo",
        "twitter": "https://twitter.com/aisha"
      },
      "followers_count_cached": 48600,
      "engagement_rate_cached": "3.28",
      "avatar": "",
      "created_at": "2025-01-20T10:28:00Z",
      "updated_at": "2025-01-20T10:28:00Z"
    }
  },
  {
    "model": "athletes.athlete",
    "pk": "d7b3956b-08af-4bb7-a67b-f00e33d19816",
    "fields": {
      "sport": "bd318684-e41d-415f-a55b-4ae35e1f80fa",
      "agent": "83da7d7c-639c-438d-bf9c-f6389f594ff9",
      "full_name": "Jonah Clarke",
      "slug": "jonah-clarke-29",
      "birth_date": "1999-03-15",
      "nationality": "Allemagne",
      "country": "Allemagne",
      "city": "Marseille",
      "bio": "Athlète professionnel(le) avec un palmarès reconnu sur la scène internationale.",
      "social_links": {
        "instagram": "https://instagram.com/jonahclarke",
        "twitter": "https://twitter.com/jonah"
      },
      "followers_count_cached": 49800,
      "engagement_rate_cached": "3.29",
      "avatar": "",
      "created_at": "2025-01-20T10:29:00Z",
      "updated_at": "2025-01-20T10:29:00Z"
    }
  },
  {
    "model": "athletes.athlete",
    "pk": "6f92ea30-beeb-4196-806b-8c0be2f0ea0d",
    "fields": {
      "sport": "a6d75f3b-f6b5-4ff6-a805-542e8d1698c6",
      "agent": "83da7d7c-639c-438d-bf9c-f6389f594ff9",
      "full_name": "Mira Novak",
      "slug": "mira-novak-30",
      "birth_date": "1990-04-15",
      "nationality": "France",
      "country": "France",
      "city": "Paris",
      "bio": "Athlète professionnel(le) avec un palmarès reconnu sur la scène internationale.",
      "social_links": {
        "instagram": "https://instagram.com/miranovak",
        "twitter": "https://twitter.com/mira"
      },
      "followers_count_cached": 51000,
      "engagement_rate_cached": "3.30",
      "avatar": "",
      "created_at": "2025-01-20T10:30:00Z",
      "updated_at": "2025-01-20T10:30:00Z"
    }
  },
  {
    "model": "athletes.athlete",
    "pk": "ad6fdd09-a3c1-4ba6-912b-13068ac3d439",
    "fields": {
      "sport": "0bd795bf-757e-4624-8734-d409a4fc6c2e",
      "agent": "83da7d7c-639c-438d-bf9c-f6389f594ff9",
      "full_name": "Pavel Horvat",
      "slug": "pavel-horvat-31",
      "birth_date": "1991-05-15",
      "nationality": "Belgique",
      "country": "Belgique",
      "city": "Lyon",
      "bio": "Athlète professionnel(le) avec un palmarès reconnu sur la scène internationale.",
      "social_links": {
        "instagram": "https://instagram.com/pavelhorvat",
        "twitter": "https://twitter.com/pavel"
      },
      "followers_count_cached": 52200,
      "engagement_rate_cached": "3.31",
      "avatar": "",
      "created_at": "2025-01-20T10:31:00Z",
      "updated_at": "2025-01-20T10:31:00Z"
    }
  },
  {
    "model": "athletes.athlete",
    "pk": "f9a07d8a-419c-4f22-becf-ac4767f46768",
    "fields": {
      "sport": "4f24669c-56c0-4dd8-9201-25a9e7c76cf1",
      "agent": "83da7d7c-639c-438d-bf9c-f6389f594ff9",
      "full_name": "Sara Nordin",
      "slug": "sara-nordin-32",
      "birth_date": "1992-06-15",
      "nationality": "Suisse",
      "country": "Suisse",
      "city": "Nice",
      "bio": "Athlète professionnel(le) avec un palmarès reconnu sur la scène internationale.",
      "social_links": {
        "instagram": "https://instagram.com/saranordin",
        "twitter": "https://twitter.com/sara"
      },
      "followers_count_cached": 53400,
      "engagement_rate_cached": "3.32",
      "avatar": "",
      "created_at": "2025-01-20T10:32:00Z",
      "updated_at": "2025-01-20T10:32:00Z"
    }
  },
  {
    "model": "athletes.athlete",
    "pk": "6fbb1630-c1c8-4d6c-9c05-42b072799116",
    "fields": {
      "sport": "ee305558-ab27-4b13-9811-a78b971758d0",
      "agent": "83da7d7c-639c-438d-bf9c-f6389f594ff9",
      "full_name": "Elodie Marchal",
      "slug": "elodie-marchal-33",
      "birth_date": "1993-07-15",
      "nationality": "Espagne",
      "country": "Espagne",
      "city": "Toulouse",
      "bio": "Athlète professionnel(le) avec un palmarès reconnu sur la scène internationale.",
      "social_links": {
        "instagram": "https://instagram.com/elodiemarchal",
        "twitter": "https://twitter.com/elodie"
      },
      "followers_count_cached": 54600,
      "engagement_rate_cached": "3.33",
      "avatar": "",
      "created_at": "2025-01-20T10:33:00Z",
      "updated_at": "2025-01-20T10:33:00Z"
    }
  },
  {
    "model": "athletes.athlete",
    "pk": "730b3424-bfb8-4337-ab2f-23ebfe99cdd6",
    "fields": {
      "sport": "f2e30b46-88ff-460c-a020-6ce81218e207",
      "agent": "83da7d7c-639c-438d-bf9c-f6389f594ff9",
      "full_name": "Kenji Watanabe",
      "slug": "kenji-watanabe-34",
      "birth_date": "1994-08-15",
      "nationality": "Italie",
      "country": "Italie",
      "city": "Bordeaux",
      "bio": "Athlète professionnel(le) avec un palmarès reconnu sur la scène internationale.",
      "social_links": {
        "instagram": "https://instagram.com/kenjiwatanabe",
        "twitter": "https://twitter.com/kenji"
      },
      "followers_count_cached": 55800,
      "engagement_rate_cached": "3.34",
      "avatar": "",
      "created_at": "2025-01-20T10:34:00Z",
      "updated_at": "2025-01-20T10:34:00Z"
    }
  },
  {
    "model": "athletes.athlete",
    "pk": "89ea6436-9f52-4c9f-8e3c-b3404e13fcdc",
    "fields": {
      "sport": "89701b60-a98b-43e7-9837-3fab02034742",
      "agent": "83da7d7c-639c-438d-bf9c-f6389f594ff9",
      "full_name": "Camila Torres",
      "slug": "camila-torres-35",
      "birth_date": "1995-09-15",
      "nationality": "Allemagne",
      "country": "Allemagne",
      "city": "Marseille",
      "bio": "Athlète professionnel(le) avec un palmarès reconnu sur la scène internationale.",
      "social_links": {
        "instagram": "https://instagram.com/camilatorres",
        "twitter": "https://twitter.com/camila"
      },
      "followers_count_cached": 57000,
      "engagement_rate_cached": "3.35",
      "avatar": "",
      "created_at": "2025-01-20T10:35:00Z",
      "updated_at": "2025-01-20T10:35:00Z"
    }
  },
  {
    "model": "athletes.athlete",
    "pk": "3aa29c0c-6aab-4a20-a15f-35d79c87ea35",
    "fields": {
      "sport": "33c5663d-5ed9-41fb-b0a0-4a5f5f018d07",
      "agent": "83da7d7c-639c-438d-bf9c-f6389f594ff9",
      "full_name": "Nikolai Petrov",
      "slug": "nikolai-petrov-36",
      "birth_date": "1996-01-15",
      "nationality": "France",
      "country": "France",
      "city": "Paris",
      "bio": "Athlète professionnel(le) avec un palmarès reconnu sur la scène internationale.",
      "social_links": {
        "instagram": "https://instagram.com/nikolaipetrov",
        "twitter": "https://twitter.com/nikolai"
      },
      "followers_count_cached": 58200,
      "engagement_rate_cached": "3.36",
      "avatar": "",
      "created_at": "2025-01-20T10:36:00Z",
      "updated_at": "2025-01-20T10:36:00Z"
    }
  },
  {
    "model": "athletes.athletediscipline",
    "pk": "a17cd687-20c9-4b32-acc4-5fe9ef99fa5a",
    "fields": {
      "athlete": "4a8ed648-0297-427b-a20e-a26cb84836df",
      "discipline": "0149ac01-9d29-482f-9651-340cde1be37c",
      "created_at": "2025-01-20T10:00:10Z",
      "updated_at": "2025-01-20T10:00:10Z"
    }
  },
  {
    "model": "athletes.athletediscipline",
    "pk": "beaf17c3-1512-4ff1-b3e9-11ea35f1993a",
    "fields": {
      "athlete": "0b17c34e-ac5b-4a63-8ddb-fa4604f4557a",
      "discipline": "78c0d432-5008-4933-9817-bd4a6d814114",
      "created_at": "2025-01-20T10:01:10Z",
      "updated_at": "2025-01-20T10:01:10Z"
    }
  },
  {
    "model": "athletes.athletediscipline",
    "pk": "47bb3be8-983c-4786-9e3e-e6abac532bb1",
    "fields": {
      "athlete": "0b17c34e-ac5b-4a63-8ddb-fa4604f4557a",
      "discipline": "b08b64e5-3b3d-46b4-8701-2124f858c12b",
      "created_at": "2025-01-20T10:02:10Z",
      "updated_at": "2025-01-20T10:02:10Z"
    }
  },
  {
    "model": "athletes.athletediscipline",
    "pk": "f3e50b65-a644-4b18-b420-a389e39d054e",
    "fields": {
      "athlete": "7c0e7b1a-9666-48f1-a23f-16e19a4b6c84",
      "discipline": "87425bd6-0f6a-462f-8162-72994b020ec4",
      "created_at": "2025-01-20T10:03:10Z",
      "updated_at": "2025-01-20T10:03:10Z"
    }
  },
  {
    "model": "athletes.athletediscipline",
    "pk": "afceff71-2b98-4be3-a0d7-9dd170529384",
    "fields": {
      "athlete": "7c0e7b1a-9666-48f1-a23f-16e19a4b6c84",
      "discipline": "1902d988-f49d-4e4a-9f5d-59161d327d79",
      "created_at": "2025-01-20T10:04:10Z",
      "updated_at": "2025-01-20T10:04:10Z"
    }
  },
  {
    "model": "athletes.athletediscipline",
    "pk": "40947c72-255e-4800-82f0-fb9951c1460b",
    "fields": {
      "athlete": "5d7684b8-2002-4d76-981f-aacda42d1bc3",
      "discipline": "b08b64e5-3b3d-46b4-8701-2124f858c12b",
      "created_at": "2025-01-20T10:05:10Z",
      "updated_at": "2025-01-20T10:05:10Z"
    }
  },
  {
    "model": "athletes.athletediscipline",
    "pk": "74c972bf-5cf3-441b-a966-cd3ab2c67c26",
    "fields": {
      "athlete": "5d7684b8-2002-4d76-981f-aacda42d1bc3",
      "discipline": "780042ff-2dac-4b7f-b75b-dcc1e17bee3e",
      "created_at": "2025-01-20T10:06:10Z",
      "updated_at": "2025-01-20T10:06:10Z"
    }
  },
  {
    "model": "athletes.athletediscipline",
    "pk": "6b750f41-7cda-482c-825b-1afb1ede04f5",
    "fields": {
      "athlete": "38751873-1580-4e0b-aaaf-c124c8156a40",
      "discipline": "ddae81ff-681e-41d0-bcfb-af72d808a07c",
      "created_at": "2025-01-20T10:07:10Z",
      "updated_at": "2025-01-20T10:07:10Z"
    }
  },
  {
    "model": "athletes.athletediscipline",
    "pk": "bc6859e3-eb02-49f0-8b6f-4a33a1f066d7",
    "fields": {
      "athlete": "38751873-1580-4e0b-aaaf-c124c8156a40",
      "discipline": "4219f231-3b04-42c3-a4d3-ead178c6ed89",
      "created_at": "2025-01-20T10:08:10Z",
      "updated_at": "2025-01-20T10:08:10Z"
    }
  },
  {
    "model": "athletes.athletediscipline",
    "pk": "2ec3ca03-6330-4489-8ee3-9d188ff2e0cb",
    "fields": {
      "athlete": "1f70dfc3-5381-4666-af81-6cae1572ca21",
      "discipline": "c50d425d-6105-4c77-9381-86c6f2352461",
      "created_at": "2025-01-20T10:09:10Z",
      "updated_at": "2025-01-20T10:09:10Z"
    }
  },
  {
    "model": "athletes.athletediscipline",
    "pk": "a995ae92-cd51-4c0d-9923-d5d5a707244b",
    "fields": {
      "athlete": "1f70dfc3-5381-4666-af81-6cae1572ca21",
      "discipline": "0b6610c6-66ad-499d-a6f6-9d394c07e029",
      "created_at": "2025-01-20T10:10:10Z",
      "updated_at": "2025-01-20T10:10:10Z"
    }
  },
  {
    "model": "athletes.athletediscipline",
    "pk": "f27cddf2-c911-4233-bb0f-51ec8cd09561",
    "fields": {
      "athlete": "996b7848-404d-47ac-ad1c-06c322a88882",
      "discipline": "1902d988-f49d-4e4a-9f5d-59161d327d79",
      "created_at": "2025-01-20T10:11:10Z",
      "updated_at": "2025-01-20T10:11:10Z"
    }
  },
  {
    "model": "athletes.athletediscipline",
    "pk": "a088100c-ea44-421d-b7cf-02635a237cf0",
    "fields": {
      "athlete": "996b7848-404d-47ac-ad1c-06c322a88882",
      "discipline": "5950d835-d37a-43f7-abbf-82d8c84797d8",
      "created_at": "2025-01-20T10:12:10Z",
      "updated_at": "2025-01-20T10:12:10Z"
    }
  },
  {
    "model": "athletes.athletediscipline",
    "pk": "6fb2781c-b224-4710-b9bc-e8735b38b29e",
    "fields": {
      "athlete": "4582f2ec-e9ca-4bbb-bb7a-440c7b808427",
      "discipline": "3d923c85-2ab2-4304-a8e2-ee2796a8ca30",
      "created_at": "2025-01-20T10:13:10Z",
      "updated_at": "2025-01-20T10:13:10Z"
    }
  },
  {
    "model": "athletes.athletediscipline",
    "pk": "548218c4-0bcf-4fe1-8058-3a331fc69428",
    "fields": {
      "athlete": "4582f2ec-e9ca-4bbb-bb7a-440c7b808427",
      "discipline": "11366cb8-43a6-4ec9-8cd3-26dce7baa43f",
      "created_at": "2025-01-20T10:14:10Z",
      "updated_at": "2025-01-20T10:14:10Z"
    }
  },
  {
    "model": "athletes.athletediscipline",
    "pk": "3eca3314-6cbe-4478-a0f6-7fa0d1ff5aaf",
    "fields": {
      "athlete": "452978ec-12ec-46bc-bb0d-a2a1dd65df77",
      "discipline": "b23e37f7-556f-4c2e-8f89-7692b7252b74",
      "created_at": "2025-01-20T10:15:10Z",
      "updated_at": "2025-01-20T10:15:10Z"
    }
  },
  {
    "model": "athletes.athletediscipline",
    "pk": "892de301-a87a-4362-b877-2b58e7998ec1",
    "fields": {
      "athlete": "452978ec-12ec-46bc-bb0d-a2a1dd65df77",
      "discipline": "ba30896c-255e-497e-83bc-1fd17a0427a4",
      "created_at": "2025-01-20T10:16:10Z",
      "updated_at": "2025-01-20T10:16:10Z"
    }
  },
  {
    "model": "athletes.athletediscipline",
    "pk": "3a5fbfdb-e099-4251-b567-04bdedde050a",
    "fields": {
      "athlete": "921e41b5-8e04-4e22-a265-6094b00c9fa6",
      "discipline": "780042ff-2dac-4b7f-b75b-dcc1e17bee3e",
      "created_at": "2025-01-20T10:17:10Z",
      "updated_at": "2025-01-20T10:17:10Z"
    }
  },
  {
    "model": "athletes.athletediscipline",
    "pk": "9107c3e7-7666-48ee-a492-86864084f319",
    "fields": {
      "athlete": "921e41b5-8e04-4e22-a265-6094b00c9fa6",
      "discipline": "2f1820c1-e477-4e3e-8d3b-126290478501",
      "created_at": "2025-01-20T10:18:10Z",
      "updated_at": "2025-01-20T10:18:10Z"
    }
  },
  {
    "model": "athletes.athletediscipline",
    "pk": "f5e448be-2b45-4dae-95c2-7d083badc6ba",
    "fields": {
      "athlete": "14507f60-c99d-4c27-83c3-5ebce9ac838d",
      "discipline": "1c3df564-c697-4c52-bcb9-5f2396cccefa",
      "created_at": "2025-01-20T10:19:10Z",
      "updated_at": "2025-01-20T10:19:10Z"
    }
  },
  {
    "model": "athletes.athletediscipline",
    "pk": "9ea48baf-fd98-4614-99a8-d657569f58e9",
    "fields": {
      "athlete": "14507f60-c99d-4c27-83c3-5ebce9ac838d",
      "discipline": "0149ac01-9d29-482f-9651-340cde1be37c",
      "created_at": "2025-01-20T10:20:10Z",
      "updated_at": "2025-01-20T10:20:10Z"
    }
  },
  {
    "model": "athletes.athletediscipline",
    "pk": "4a8bad52-dd3d-4b3c-b159-4f5fdaf133e3",
    "fields": {
      "athlete": "aaa4abd0-89a1-4f99-94ca-e528822c13b8",
      "discipline": "e1bd176d-55a2-4123-9299-0336cbe7a28d",
      "created_at": "2025-01-20T10:21:10Z",
      "updated_at": "2025-01-20T10:21:10Z"
    }
  },
  {
    "model": "athletes.athletediscipline",
    "pk": "35912c72-4f6e-41e5-afaa-5a78a3a265cf",
    "fields": {
      "athlete": "aaa4abd0-89a1-4f99-94ca-e528822c13b8",
      "discipline": "b08b64e5-3b3d-46b4-8701-2124f858c12b",
      "created_at": "2025-01-20T10:22:10Z",
      "updated_at": "2025-01-20T10:22:10Z"
    }
  },
  {
    "model": "athletes.athletediscipline",
    "pk": "fa196104-0689-416f-91db-ca41b5ae24f5",
    "fields": {
      "athlete": "d0830375-0150-4ad9-ba4c-c9c6e5eab460",
      "discipline": "4219f231-3b04-42c3-a4d3-ead178c6ed89",
      "created_at": "2025-01-20T10:23:10Z",
      "updated_at": "2025-01-20T10:23:10Z"
    }
  },
  {
    "model": "athletes.athletediscipline",
    "pk": "a32054eb-58cb-4642-8b94-f58d0cb98d5f",
    "fields": {
      "athlete": "d0830375-0150-4ad9-ba4c-c9c6e5eab460",
      "discipline": "1902d988-f49d-4e4a-9f5d-59161d327d79",
      "created_at": "2025-01-20T10:24:10Z",
      "updated_at": "2025-01-20T10:24:10Z"
    }
  },
  {
    "model": "athletes.athletediscipline",
    "pk": "7275861f-2a2f-4ef6-b4b3-9fc46df475ba",
    "fields": {
      "athlete": "f52feee9-a886-4676-9a73-4ad9c63543f1",
      "discipline": "38e461e9-122c-4c5e-a7ac-0605b43b77fb",
      "created_at": "2025-01-20T10:25:10Z",
      "updated_at": "2025-01-20T10:25:10Z"
    }
  },
  {
    "model": "athletes.athletediscipline",
    "pk": "cfee000a-4a74-4591-af71-e2652247764b",
    "fields": {
      "athlete": "f52feee9-a886-4676-9a73-4ad9c63543f1",
      "discipline": "780042ff-2dac-4b7f-b75b-dcc1e17bee3e",
      "created_at": "2025-01-20T10:26:10Z",
      "updated_at": "2025-01-20T10:26:10Z"
    }
  },
  {
    "model": "athletes.athletediscipline",
    "pk": "9c9a92dc-f7d7-4c15-8182-c8251473bf66",
    "fields": {
      "athlete": "eb5d0aeb-7067-4760-a85b-08c36f15eca5",
      "discipline": "de71db56-9aeb-4e2f-b005-32453a80f60e",
      "created_at": "2025-01-20T10:27:10Z",
      "updated_at": "2025-01-20T10:27:10Z"
    }
  },
  {
    "model": "athletes.athletediscipline",
    "pk": "1d395863-752d-43c8-bf61-57d179d11b28",
    "fields": {
      "athlete": "eb5d0aeb-7067-4760-a85b-08c36f15eca5",
      "discipline": "4219f231-3b04-42c3-a4d3-ead178c6ed89",
      "created_at": "2025-01-20T10:28:10Z",
      "updated_at": "2025-01-20T10:28:10Z"
    }
  },
  {
    "model": "athletes.athletediscipline",
    "pk": "1b951937-1f42-4ead-9c9f-29aacd366fc6",
    "fields": {
      "athlete": "df1c1df5-2ca0-4d03-95fd-7dd8496aa48f",
      "discipline": "0b6610c6-66ad-499d-a6f6-9d394c07e029",
      "created_at": "2025-01-20T10:29:10Z",
      "updated_at": "2025-01-20T10:29:10Z"
    }
  },
  {
    "model": "athletes.athletediscipline",
    "pk": "f3e2bb3d-3e6a-4235-8a56-7b5dd28633d1",
    "fields": {
      "athlete": "390db4bd-db47-4fea-aa34-b6c7751218d3",
      "discipline": "4f1c8294-9b1a-48e4-aee0-d5c890a769ba",
      "created_at": "2025-01-20T10:30:10Z",
      "updated_at": "2025-01-20T10:30:10Z"
    }
  },
  {
    "model": "athletes.athletediscipline",
    "pk": "430953fc-4aa6-4d2d-ac93-5ae6ce4939d8",
    "fields": {
      "athlete": "390db4bd-db47-4fea-aa34-b6c7751218d3",
      "discipline": "5950d835-d37a-43f7-abbf-82d8c84797d8",
      "created_at": "2025-01-20T10:31:10Z",
      "updated_at": "2025-01-20T10:31:10Z"
    }
  },
  {
    "model": "athletes.athletediscipline",
    "pk": "0201a4b9-1c20-4d15-aae9-3ea712f7f466",
    "fields": {
      "athlete": "aec196eb-474d-4614-a0f1-395965336a4b",
      "discipline": "63c68788-2b1f-477a-b9e6-9fc4af5cad9f",
      "created_at": "2025-01-20T10:32:10Z",
      "updated_at": "2025-01-20T10:32:10Z"
    }
  },
  {
    "model": "athletes.athletediscipline",
    "pk": "78364bc4-3962-4040-9df4-17b8295d84ce",
    "fields": {
      "athlete": "aec196eb-474d-4614-a0f1-395965336a4b",
      "discipline": "11366cb8-43a6-4ec9-8cd3-26dce7baa43f",
      "created_at": "2025-01-20T10:33:10Z",
      "updated_at": "2025-01-20T10:33:10Z"
    }
  },
  {
    "model": "athletes.athletediscipline",
    "pk": "3b8ee787-472d-4688-8cc4-afa0c11741ca",
    "fields": {
      "athlete": "38ef096d-c48b-476d-b9d8-0ee76ae1b095",
      "discipline": "5950d835-d37a-43f7-abbf-82d8c84797d8",
      "created_at": "2025-01-20T10:34:10Z",
      "updated_at": "2025-01-20T10:34:10Z"
    }
  },
  {
    "model": "athletes.athletediscipline",
    "pk": "21682188-d1b8-4f35-8b40-010af5695aa8",
    "fields": {
      "athlete": "38ef096d-c48b-476d-b9d8-0ee76ae1b095",
      "discipline": "ba30896c-255e-497e-83bc-1fd17a0427a4",
      "created_at": "2025-01-20T10:35:10Z",
      "updated_at": "2025-01-20T10:35:10Z"
    }
  },
  {
    "model": "athletes.athletediscipline",
    "pk": "8788c8cf-71ce-422d-b840-a88c9a1a2173",
    "fields": {
      "athlete": "79c21822-0a0d-41ba-9a9e-2a1485e83a2c",
      "discipline": "a47ce8a0-3207-4f80-b69c-ecae4f392f7b",
      "created_at": "2025-01-20T10:36:10Z",
      "updated_at": "2025-01-20T10:36:10Z"
    }
  },
  {
    "model": "athletes.athletediscipline",
    "pk": "e0dfc578-17d0-4bac-a37f-78fe6717706c",
    "fields": {
      "athlete": "79c21822-0a0d-41ba-9a9e-2a1485e83a2c",
      "discipline": "2f1820c1-e477-4e3e-8d3b-126290478501",
      "created_at": "2025-01-20T10:37:10Z",
      "updated_at": "2025-01-20T10:37:10Z"
    }
  },
  {
    "model": "athletes.athletediscipline",
    "pk": "07a2cd74-fae6-4929-9e12-7d502b7789c0",
    "fields": {
      "athlete": "78f47e5e-695b-4d74-a9c3-71aa9432ca93",
      "discipline": "db183f9f-0984-4519-9c22-3bccecde371c",
      "created_at": "2025-01-20T10:38:10Z",
      "updated_at": "2025-01-20T10:38:10Z"
    }
  },
  {
    "model": "athletes.athletediscipline",
    "pk": "406a5d61-9e2c-4da6-8eb1-4578b636be0d",
    "fields": {
      "athlete": "78f47e5e-695b-4d74-a9c3-71aa9432ca93",
      "discipline": "0149ac01-9d29-482f-9651-340cde1be37c",
      "created_at": "2025-01-20T10:39:10Z",
      "updated_at": "2025-01-20T10:39:10Z"
    }
  },
  {
    "model": "athletes.athletediscipline",
    "pk": "88843db8-08a1-48b1-a50a-3d9176ee71c8",
    "fields": {
      "athlete": "aef2ebc4-0084-40c8-a64c-583e733a4562",
      "discipline": "11366cb8-43a6-4ec9-8cd3-26dce7baa43f",
      "created_at": "2025-01-20T10:40:10Z",
      "updated_at": "2025-01-20T10:40:10Z"
    }
  },
  {
    "model": "athletes.athletediscipline",
    "pk": "080d2f8f-51a6-4349-88a4-8f1916b514f5",
    "fields": {
      "athlete": "aef2ebc4-0084-40c8-a64c-583e733a4562",
      "discipline": "b08b64e5-3b3d-46b4-8701-2124f858c12b",
      "created_at": "2025-01-20T10:41:10Z",
      "updated_at": "2025-01-20T10:41:10Z"
    }
  },
  {
    "model": "athletes.athletediscipline",
    "pk": "76580952-7c40-416f-9a4c-3b7658a63784",
    "fields": {
      "athlete": "36531f1a-a91d-4ef7-97fa-1cf968e80043",
      "discipline": "aed761d1-3e75-4765-be1c-fecad3052509",
      "created_at": "2025-01-20T10:42:10Z",
      "updated_at": "2025-01-20T10:42:10Z"
    }
  },
  {
    "model": "athletes.athletediscipline",
    "pk": "b496941a-cc67-4fc7-8550-7fd3aee3f262",
    "fields": {
      "athlete": "36531f1a-a91d-4ef7-97fa-1cf968e80043",
      "discipline": "1902d988-f49d-4e4a-9f5d-59161d327d79",
      "created_at": "2025-01-20T10:43:10Z",
      "updated_at": "2025-01-20T10:43:10Z"
    }
  },
  {
    "model": "athletes.athletediscipline",
    "pk": "bf55d315-03ca-4ab9-a20b-1761f1248b4d",
    "fields": {
      "athlete": "4b0b459c-9c0b-4f8e-9c92-d9e4f7b1e33e",
      "discipline": "a29da51e-6b4c-41e9-93da-0a77f652b0a9",
      "created_at": "2025-01-20T10:44:10Z",
      "updated_at": "2025-01-20T10:44:10Z"
    }
  },
  {
    "model": "athletes.athletediscipline",
    "pk": "2d70c445-c58f-49cf-91d3-5a4dae756cf6",
    "fields": {
      "athlete": "4b0b459c-9c0b-4f8e-9c92-d9e4f7b1e33e",
      "discipline": "780042ff-2dac-4b7f-b75b-dcc1e17bee3e",
      "created_at": "2025-01-20T10:45:10Z",
      "updated_at": "2025-01-20T10:45:10Z"
    }
  },
  {
    "model": "athletes.athletediscipline",
    "pk": "98a21d45-f469-4936-8137-3d6c25e41a53",
    "fields": {
      "athlete": "b220b53c-7fa9-4ab3-8e13-8538fbb38a37",
      "discipline": "ba30896c-255e-497e-83bc-1fd17a0427a4",
      "created_at": "2025-01-20T10:46:10Z",
      "updated_at": "2025-01-20T10:46:10Z"
    }
  },
  {
    "model": "athletes.athletediscipline",
    "pk": "0755a644-bc8c-48b6-a54c-0246cddfb375",
    "fields": {
      "athlete": "b220b53c-7fa9-4ab3-8e13-8538fbb38a37",
      "discipline": "4219f231-3b04-42c3-a4d3-ead178c6ed89",
      "created_at": "2025-01-20T10:47:10Z",
      "updated_at": "2025-01-20T10:47:10Z"
    }
  },
  {
    "model": "athletes.athletediscipline",
    "pk": "2f5b0143-9fb9-4cc8-a439-ce186d1b90c1",
    "fields": {
      "athlete": "b5af5d80-94ee-47d1-932b-c3c7ae0d4bac",
      "discipline": "819f4905-405d-4d5c-81fa-96f47ad9a525",
      "created_at": "2025-01-20T10:48:10Z",
      "updated_at": "2025-01-20T10:48:10Z"
    }
  },
  {
    "model": "athletes.athletediscipline",
    "pk": "0dbb70a1-701b-45e6-8a23-99d5e1ec4ef4",
    "fields": {
      "athlete": "b5af5d80-94ee-47d1-932b-c3c7ae0d4bac",
      "discipline": "0b6610c6-66ad-499d-a6f6-9d394c07e029",
      "created_at": "2025-01-20T10:49:10Z",
      "updated_at": "2025-01-20T10:49:10Z"
    }
  },
  {
    "model": "athletes.athletediscipline",
    "pk": "957cd1e0-042d-4fbe-b263-6d8e64d352ba",
    "fields": {
      "athlete": "adda813f-72dd-4a68-ab28-2248847ff615",
      "discipline": "2e071b01-4de4-4a2a-a55e-e1aaa7664f1f",
      "created_at": "2025-01-20T10:50:10Z",
      "updated_at": "2025-01-20T10:50:10Z"
    }
  },
  {
    "model": "athletes.athletediscipline",
    "pk": "e6a65a7a-dcd5-45cc-9397-126e6e04fb6e",
    "fields": {
      "athlete": "adda813f-72dd-4a68-ab28-2248847ff615",
      "discipline": "5950d835-d37a-43f7-abbf-82d8c84797d8",
      "created_at": "2025-01-20T10:51:10Z",
      "updated_at": "2025-01-20T10:51:10Z"
    }
  },
  {
    "model": "athletes.athletediscipline",
    "pk": "69ae1e26-bf7c-4341-8599-76705fa7a9d1",
    "fields": {
      "athlete": "305abfb3-ba98-4776-beb7-58d29d4778a7",
      "discipline": "2f1820c1-e477-4e3e-8d3b-126290478501",
      "created_at": "2025-01-20T10:52:10Z",
      "updated_at": "2025-01-20T10:52:10Z"
    }
  },
  {
    "model": "athletes.athletediscipline",
    "pk": "57bc6820-f121-4314-9a26-4d8410e1946e",
    "fields": {
      "athlete": "305abfb3-ba98-4776-beb7-58d29d4778a7",
      "discipline": "11366cb8-43a6-4ec9-8cd3-26dce7baa43f",
      "created_at": "2025-01-20T10:53:10Z",
      "updated_at": "2025-01-20T10:53:10Z"
    }
  },
  {
    "model": "athletes.athletediscipline",
    "pk": "5bcd9306-3177-4416-9441-c243bc8da489",
    "fields": {
      "athlete": "8d3cf410-1550-445d-8ff1-7c0270731c2e",
      "discipline": "15cf4a2c-84ee-4afb-b477-a4c0dc06c0c9",
      "created_at": "2025-01-20T10:54:10Z",
      "updated_at": "2025-01-20T10:54:10Z"
    }
  },
  {
    "model": "athletes.athletediscipline",
    "pk": "1ed7bc48-8170-4b8b-8892-7e810c050395",
    "fields": {
      "athlete": "8d3cf410-1550-445d-8ff1-7c0270731c2e",
      "discipline": "ba30896c-255e-497e-83bc-1fd17a0427a4",
      "created_at": "2025-01-20T10:55:10Z",
      "updated_at": "2025-01-20T10:55:10Z"
    }
  },
  {
    "model": "athletes.athletediscipline",
    "pk": "94a71b20-0fd5-4b04-a29a-1a71f8189b63",
    "fields": {
      "athlete": "d7b3956b-08af-4bb7-a67b-f00e33d19816",
      "discipline": "806b5975-161e-497d-bd06-5a5e4462dc8f",
      "created_at": "2025-01-20T10:56:10Z",
      "updated_at": "2025-01-20T10:56:10Z"
    }
  },
  {
    "model": "athletes.athletediscipline",
    "pk": "3983a00e-f9b9-4a91-a6a4-1383e43580e3",
    "fields": {
      "athlete": "d7b3956b-08af-4bb7-a67b-f00e33d19816",
      "discipline": "2f1820c1-e477-4e3e-8d3b-126290478501",
      "created_at": "2025-01-20T10:57:10Z",
      "updated_at": "2025-01-20T10:57:10Z"
    }
  },
  {
    "model": "athletes.athletediscipline",
    "pk": "0c5d3b2f-75b1-4bcb-a445-35c515a5b2be",
    "fields": {
      "athlete": "6f92ea30-beeb-4196-806b-8c0be2f0ea0d",
      "discipline": "0149ac01-9d29-482f-9651-340cde1be37c",
      "created_at": "2025-01-20T10:58:10Z",
      "updated_at": "2025-01-20T10:58:10Z"
    }
  },
  {
    "model": "athletes.athletediscipline",
    "pk": "cecc93ea-3330-4434-99b3-b27dc2126064",
    "fields": {
      "athlete": "ad6fdd09-a3c1-4ba6-912b-13068ac3d439",
      "discipline": "78c0d432-5008-4933-9817-bd4a6d814114",
      "created_at": "2025-01-20T10:59:10Z",
      "updated_at": "2025-01-20T10:59:10Z"
    }
  },
  {
    "model": "athletes.athletediscipline",
    "pk": "b5810d3c-31d9-40f2-a7c4-f0b0e3800a18",
    "fields": {
      "athlete": "ad6fdd09-a3c1-4ba6-912b-13068ac3d439",
      "discipline": "b08b64e5-3b3d-46b4-8701-2124f858c12b",
      "created_at": "2025-01-20T11:00:10Z",
      "updated_at": "2025-01-20T11:00:10Z"
    }
  },
  {
    "model": "athletes.athletediscipline",
    "pk": "0c7ab4aa-f96a-4564-8606-d815180a0489",
    "fields": {
      "athlete": "f9a07d8a-419c-4f22-becf-ac4767f46768",
      "discipline": "87425bd6-0f6a-462f-8162-72994b020ec4",
      "created_at": "2025-01-20T11:01:10Z",
      "updated_at": "2025-01-20T11:01:10Z"
    }
  },
  {
    "model": "athletes.athletediscipline",
    "pk": "9b72f9b3-74bc-4140-8357-e242262a56d6",
    "fields": {
      "athlete": "f9a07d8a-419c-4f22-becf-ac4767f46768",
      "discipline": "1902d988-f49d-4e4a-9f5d-59161d327d79",
      "created_at": "2025-01-20T11:02:10Z",
      "updated_at": "2025-01-20T11:02:10Z"
    }
  },
  {
    "model": "athletes.athletediscipline",
    "pk": "e98124fc-6617-4870-963b-a52540eef15a",
    "fields": {
      "athlete": "6fbb1630-c1c8-4d6c-9c05-42b072799116",
      "discipline": "b08b64e5-3b3d-46b4-8701-2124f858c12b",
      "created_at": "2025-01-20T11:03:10Z",
      "updated_at": "2025-01-20T11:03:10Z"
    }
  },
  {
    "model": "athletes.athletediscipline",
    "pk": "04f1bcc4-1b38-455a-970e-23e9e53707b6",
    "fields": {
      "athlete": "6fbb1630-c1c8-4d6c-9c05-42b072799116",
      "discipline": "780042ff-2dac-4b7f-b75b-dcc1e17bee3e",
      "created_at": "2025-01-20T11:04:10Z",
      "updated_at": "2025-01-20T11:04:10Z"
    }
  },
  {
    "model": "athletes.athletediscipline",
    "pk": "22ba82b0-1bbf-4320-8f62-d5b56b91b442",
    "fields": {
      "athlete": "730b3424-bfb8-4337-ab2f-23ebfe99cdd6",
      "discipline": "ddae81ff-681e-41d0-bcfb-af72d808a07c",
      "created_at": "2025-01-20T11:05:10Z",
      "updated_at": "2025-01-20T11:05:10Z"
    }
  },
  {
    "model": "athletes.athletediscipline",
    "pk": "de794f0a-1ae0-4b10-a798-e92e743a463b",
    "fields": {
      "athlete": "730b3424-bfb8-4337-ab2f-23ebfe99cdd6",
      "discipline": "4219f231-3b04-42c3-a4d3-ead178c6ed89",
      "created_at": "2025-01-20T11:06:10Z",
      "updated_at": "2025-01-20T11:06:10Z"
    }
  },
  {
    "model": "athletes.athletediscipline",
    "pk": "ec79ddbd-399f-4584-8a7b-c971551b819b",
    "fields": {
      "athlete": "89ea6436-9f52-4c9f-8e3c-b3404e13fcdc",
      "discipline": "c50d425d-6105-4c77-9381-86c6f2352461",
      "created_at": "2025-01-20T11:07:10Z",
      "updated_at": "2025-01-20T11:07:10Z"
    }
  },
  {
    "model": "athletes.athletediscipline",
    "pk": "6e75f6fb-89dc-4c7f-aea1-7af15214588a",
    "fields": {
      "athlete": "89ea6436-9f52-4c9f-8e3c-b3404e13fcdc",
      "discipline": "0b6610c6-66ad-499d-a6f6-9d394c07e029",
      "created_at": "2025-01-20T11:08:10Z",
      "updated_at": "2025-01-20T11:08:10Z"
    }
  },
  {
    "model": "athletes.athletediscipline",
    "pk": "f78d6ce5-50d3-48ca-b30c-bdc0eb667756",
    "fields": {
      "athlete": "3aa29c0c-6aab-4a20-a15f-35d79c87ea35",
      "discipline": "1902d988-f49d-4e4a-9f5d-59161d327d79",
      "created_at": "2025-01-20T11:09:10Z",
      "updated_at": "2025-01-20T11:09:10Z"
    }
  },
  {
    "model": "athletes.athletediscipline",
    "pk": "b4d14c13-6660-4ecb-9da6-f9fb711ac084",
    "fields": {
      "athlete": "3aa29c0c-6aab-4a20-a15f-35d79c87ea35",
      "discipline": "5950d835-d37a-43f7-abbf-82d8c84797d8",
      "created_at": "2025-01-20T11:10:10Z",
      "updated_at": "2025-01-20T11:10:10Z"
    }
  },
  {
    "model": "athletes.athletephoto",
    "pk": "46c51650-21f7-4317-b732-45afed82414c",
    "fields": {
      "athlete": "4a8ed648-0297-427b-a20e-a26cb84836df",
      "image": "athlete_gallery/4a8ed648_training.jpg",
      "caption": "Séance d'entraînement",
      "created_at": "2025-01-21T10:00:00Z",
      "updated_at": "2025-01-21T10:00:00Z"
    }
  },
  {
    "model": "athletes.athletephoto",
    "pk": "5eefb226-50a8-4c36-886a-8f7b994131c7",
    "fields": {
      "athlete": "0b17c34e-ac5b-4a63-8ddb-fa4604f4557a",
      "image": "athlete_gallery/0b17c34e_training.jpg",
      "caption": "Séance d'entraînement",
      "created_at": "2025-01-21T10:01:00Z",
      "updated_at": "2025-01-21T10:01:00Z"
    }
  },
  {
    "model": "athletes.athletephoto",
    "pk": "86e999fb-4c6b-4ddb-85f7-7c7d397e6ee8",
    "fields": {
      "athlete": "7c0e7b1a-9666-48f1-a23f-16e19a4b6c84",
      "image": "athlete_gallery/7c0e7b1a_training.jpg",
      "caption": "Séance d'entraînement",
      "created_at": "2025-01-21T10:02:00Z",
      "updated_at": "2025-01-21T10:02:00Z"
    }
  },
  {
    "model": "athletes.athletephoto",
    "pk": "41cb8dcb-779d-49af-a025-dc6ff76272e6",
    "fields": {
      "athlete": "5d7684b8-2002-4d76-981f-aacda42d1bc3",
      "image": "athlete_gallery/5d7684b8_training.jpg",
      "caption": "Séance d'entraînement",
      "created_at": "2025-01-21T10:03:00Z",
      "updated_at": "2025-01-21T10:03:00Z"
    }
  },
  {
    "model": "athletes.athletephoto",
    "pk": "13df1a86-22ff-45a9-bcb0-7f7ffbc598d1",
    "fields": {
      "athlete": "38751873-1580-4e0b-aaaf-c124c8156a40",
      "image": "athlete_gallery/38751873_training.jpg",
      "caption": "Séance d'entraînement",
      "created_at": "2025-01-21T10:04:00Z",
      "updated_at": "2025-01-21T10:04:00Z"
    }
  },
  {
    "model": "follows.follow",
    "pk": "a11d64e8-7e16-4cc0-8088-abbbbf2acdf8",
    "fields": {
      "collaborator": "645147e5-6578-4904-8989-e37d9b7b6380",
      "athlete": "4a8ed648-0297-427b-a20e-a26cb84836df",
      "notify_news": true,
      "notify_stats": true,
      "notify_contracts": true,
      "created_at": "2025-01-22T10:00:00Z",
      "updated_at": "2025-01-22T10:00:00Z"
    }
  },
  {
    "model": "follows.follow",
    "pk": "829f6bc1-3abb-4eda-a38d-a6381397d6df",
    "fields": {
      "collaborator": "645147e5-6578-4904-8989-e37d9b7b6380",
      "athlete": "0b17c34e-ac5b-4a63-8ddb-fa4604f4557a",
      "notify_news": true,
      "notify_stats": false,
      "notify_contracts": true,
      "created_at": "2025-01-22T10:01:00Z",
      "updated_at": "2025-01-22T10:01:00Z"
    }
  },
  {
    "model": "follows.follow",
    "pk": "8c363427-d5ce-4d3a-96b4-84786f430c89",
    "fields": {
      "collaborator": "645147e5-6578-4904-8989-e37d9b7b6380",
      "athlete": "7c0e7b1a-9666-48f1-a23f-16e19a4b6c84",
      "notify_news": true,
      "notify_stats": true,
      "notify_contracts": true,
      "created_at": "2025-01-22T10:02:00Z",
      "updated_at": "2025-01-22T10:02:00Z"
    }
  },
  {
    "model": "follows.follow",
    "pk": "cd47a877-22a4-4864-af81-fcb6c0163809",
    "fields": {
      "collaborator": "149d6d43-e422-4ab5-9434-c6dbe725cf72",
      "athlete": "4a8ed648-0297-427b-a20e-a26cb84836df",
      "notify_news": true,
      "notify_stats": false,
      "notify_contracts": true,
      "created_at": "2025-01-22T10:03:00Z",
      "updated_at": "2025-01-22T10:03:00Z"
    }
  },
  {
    "model": "follows.follow",
    "pk": "cef35a71-617e-4a4f-882b-2747251cdc19",
    "fields": {
      "collaborator": "149d6d43-e422-4ab5-9434-c6dbe725cf72",
      "athlete": "0b17c34e-ac5b-4a63-8ddb-fa4604f4557a",
      "notify_news": true,
      "notify_stats": true,
      "notify_contracts": true,
      "created_at": "2025-01-22T10:04:00Z",
      "updated_at": "2025-01-22T10:04:00Z"
    }
  },
  {
    "model": "follows.follow",
    "pk": "005a915f-426c-44d8-933e-9c14fa109af0",
    "fields": {
      "collaborator": "149d6d43-e422-4ab5-9434-c6dbe725cf72",
      "athlete": "7c0e7b1a-9666-48f1-a23f-16e19a4b6c84",
      "notify_news": true,
      "notify_stats": false,
      "notify_contracts": true,
      "created_at": "2025-01-22T10:05:00Z",
      "updated_at": "2025-01-22T10:05:00Z"
    }
  },
  {
    "model": "follows.follow",
    "pk": "e6d1fd6f-c38c-47fd-95be-b30725b26f6f",
    "fields": {
      "collaborator": "65dc839b-bd9d-4e5c-af0b-9bf5f8614887",
      "athlete": "4a8ed648-0297-427b-a20e-a26cb84836df",
      "notify_news": true,
      "notify_stats": true,
      "notify_contracts": true,
      "created_at": "2025-01-22T10:06:00Z",
      "updated_at": "2025-01-22T10:06:00Z"
    }
  },
  {
    "model": "follows.follow",
    "pk": "a940a527-d933-497e-b2dd-54939cd93100",
    "fields": {
      "collaborator": "65dc839b-bd9d-4e5c-af0b-9bf5f8614887",
      "athlete": "0b17c34e-ac5b-4a63-8ddb-fa4604f4557a",
      "notify_news": true,
      "notify_stats": false,
      "notify_contracts": true,
      "created_at": "2025-01-22T10:07:00Z",
      "updated_at": "2025-01-22T10:07:00Z"
    }
  },
  {
    "model": "follows.follow",
    "pk": "212e4700-566f-40b9-9e95-3637369553b3",
    "fields": {
      "collaborator": "65dc839b-bd9d-4e5c-af0b-9bf5f8614887",
      "athlete": "7c0e7b1a-9666-48f1-a23f-16e19a4b6c84",
      "notify_news": true,
      "notify_stats": true,
      "notify_contracts": true,
      "created_at": "2025-01-22T10:08:00Z",
      "updated_at": "2025-01-22T10:08:00Z"
    }
  },
  {
    "model": "follows.follow",
    "pk": "c5a7fff4-65d4-48e0-9328-1ec9146f45d0",
    "fields": {
      "collaborator": "8773dd57-ac96-4894-9585-d12978eb41ab",
      "athlete": "4a8ed648-0297-427b-a20e-a26cb84836df",
      "notify_news": true,
      "notify_stats": false,
      "notify_contracts": true,
      "created_at": "2025-01-22T10:09:00Z",
      "updated_at": "2025-01-22T10:09:00Z"
    }
  },
  {
    "model": "follows.follow",
    "pk": "bc9e5b04-ccd3-4204-b63f-3ee82be8a09b",
    "fields": {
      "collaborator": "8773dd57-ac96-4894-9585-d12978eb41ab",
      "athlete": "0b17c34e-ac5b-4a63-8ddb-fa4604f4557a",
      "notify_news": true,
      "notify_stats": true,
      "notify_contracts": true,
      "created_at": "2025-01-22T10:10:00Z",
      "updated_at": "2025-01-22T10:10:00Z"
    }
  },
  {
    "model": "follows.follow",
    "pk": "4ff2b409-63aa-4537-a2d7-4b2e25eb2ec7",
    "fields": {
      "collaborator": "8773dd57-ac96-4894-9585-d12978eb41ab",
      "athlete": "7c0e7b1a-9666-48f1-a23f-16e19a4b6c84",
      "notify_news": true,
      "notify_stats": false,
      "notify_contracts": true,
      "created_at": "2025-01-22T10:11:00Z",
      "updated_at": "2025-01-22T10:11:00Z"
    }
  },
  {
    "model": "follows.follow",
    "pk": "6dbd7bee-1ccb-48d9-9d75-03cc282a3e2b",
    "fields": {
      "collaborator": "6167a986-4b69-4c03-ba9c-3e9d42bcc057",
      "athlete": "4a8ed648-0297-427b-a20e-a26cb84836df",
      "notify_news": true,
      "notify_stats": true,
      "notify_contracts": true,
      "created_at": "2025-01-22T10:12:00Z",
      "updated_at": "2025-01-22T10:12:00Z"
    }
  },
  {
    "model": "follows.follow",
    "pk": "3f337a06-596c-437f-b95c-cf40e811de81",
    "fields": {
      "collaborator": "6167a986-4b69-4c03-ba9c-3e9d42bcc057",
      "athlete": "0b17c34e-ac5b-4a63-8ddb-fa4604f4557a",
      "notify_news": true,
      "notify_stats": false,
      "notify_contracts": true,
      "created_at": "2025-01-22T10:13:00Z",
      "updated_at": "2025-01-22T10:13:00Z"
    }
  },
  {
    "model": "follows.follow",
    "pk": "ad377b8a-0c4b-4070-8f3d-926c8821184a",
    "fields": {
      "collaborator": "6167a986-4b69-4c03-ba9c-3e9d42bcc057",
      "athlete": "7c0e7b1a-9666-48f1-a23f-16e19a4b6c84",
      "notify_news": true,
      "notify_stats": true,
      "notify_contracts": true,
      "created_at": "2025-01-22T10:14:00Z",
      "updated_at": "2025-01-22T10:14:00Z"
    }
  },
  {
    "model": "follows.follow",
    "pk": "8290594b-413b-4d7d-9881-508b16c94c32",
    "fields": {
      "collaborator": "3f8331ad-1e39-43f7-8b56-a1ac7261fb6b",
      "athlete": "1f70dfc3-5381-4666-af81-6cae1572ca21",
      "notify_news": true,
      "notify_stats": false,
      "notify_contracts": true,
      "created_at": "2025-01-22T10:15:00Z",
      "updated_at": "2025-01-22T10:15:00Z"
    }
  },
  {
    "model": "follows.follow",
    "pk": "2d334cea-2d61-4c5b-b3a2-2591fd08b290",
    "fields": {
      "collaborator": "3f8331ad-1e39-43f7-8b56-a1ac7261fb6b",
      "athlete": "996b7848-404d-47ac-ad1c-06c322a88882",
      "notify_news": true,
      "notify_stats": true,
      "notify_contracts": true,
      "created_at": "2025-01-22T10:16:00Z",
      "updated_at": "2025-01-22T10:16:00Z"
    }
  },
  {
    "model": "follows.follow",
    "pk": "36e9e8dc-c6db-4921-9114-aa085eb133a5",
    "fields": {
      "collaborator": "3f8331ad-1e39-43f7-8b56-a1ac7261fb6b",
      "athlete": "4582f2ec-e9ca-4bbb-bb7a-440c7b808427",
      "notify_news": true,
      "notify_stats": false,
      "notify_contracts": true,
      "created_at": "2025-01-22T10:17:00Z",
      "updated_at": "2025-01-22T10:17:00Z"
    }
  },
  {
    "model": "follows.follow",
    "pk": "82ec8f16-d0d2-4194-8c19-081d84613b89",
    "fields": {
      "collaborator": "3f8331ad-1e39-43f7-8b56-a1ac7261fb6b",
      "athlete": "452978ec-12ec-46bc-bb0d-a2a1dd65df77",
      "notify_news": true,
      "notify_stats": true,
      "notify_contracts": true,
      "created_at": "2025-01-22T10:18:00Z",
      "updated_at": "2025-01-22T10:18:00Z"
    }
  },
  {
    "model": "follows.follow",
    "pk": "540ea590-328b-48e2-9b55-ebe2914a18c1",
    "fields": {
      "collaborator": "3f8331ad-1e39-43f7-8b56-a1ac7261fb6b",
      "athlete": "921e41b5-8e04-4e22-a265-6094b00c9fa6",
      "notify_news": true,
      "notify_stats": false,
      "notify_contracts": true,
      "created_at": "2025-01-22T10:19:00Z",
      "updated_at": "2025-01-22T10:19:00Z"
    }
  },
  {
    "model": "follows.follow",
    "pk": "1af4def4-e218-4b0c-8ed4-30a0d6fe7051",
    "fields": {
      "collaborator": "d75144e3-71f4-4ea7-9631-4678339b2694",
      "athlete": "1f70dfc3-5381-4666-af81-6cae1572ca21",
      "notify_news": true,
      "notify_stats": true,
      "notify_contracts": true,
      "created_at": "2025-01-22T10:20:00Z",
      "updated_at": "2025-01-22T10:20:00Z"
    }
  },
  {
    "model": "follows.follow",
    "pk": "fdb5f44d-fd51-4869-9292-22480c9d76af",
    "fields": {
      "collaborator": "d75144e3-71f4-4ea7-9631-4678339b2694",
      "athlete": "996b7848-404d-47ac-ad1c-06c322a88882",
      "notify_news": true,
      "notify_stats": false,
      "notify_contracts": true,
      "created_at": "2025-01-22T10:21:00Z",
      "updated_at": "2025-01-22T10:21:00Z"
    }
  },
  {
    "model": "follows.follow",
    "pk": "3df2481a-7783-4b2a-98f3-b54a9972281c",
    "fields": {
      "collaborator": "d75144e3-71f4-4ea7-9631-4678339b2694",
      "athlete": "4582f2ec-e9ca-4bbb-bb7a-440c7b808427",
      "notify_news": true,
      "notify_stats": true,
      "notify_contracts": true,
      "created_at": "2025-01-22T10:22:00Z",
      "updated_at": "2025-01-22T10:22:00Z"
    }
  },
  {
    "model": "follows.follow",
    "pk": "b0c59d56-ce4a-4447-a0e8-c72cf38de8df",
    "fields": {
      "collaborator": "d75144e3-71f4-4ea7-9631-4678339b2694",
      "athlete": "452978ec-12ec-46bc-bb0d-a2a1dd65df77",
      "notify_news": true,
      "notify_stats": false,
      "notify_contracts": true,
      "created_at": "2025-01-22T10:23:00Z",
      "updated_at": "2025-01-22T10:23:00Z"
    }
  },
  {
    "model": "follows.follow",
    "pk": "d2c79db4-947d-43ef-a8c6-6988fa0f9647",
    "fields": {
      "collaborator": "d75144e3-71f4-4ea7-9631-4678339b2694",
      "athlete": "921e41b5-8e04-4e22-a265-6094b00c9fa6",
      "notify_news": true,
      "notify_stats": true,
      "notify_contracts": true,
      "created_at": "2025-01-22T10:24:00Z",
      "updated_at": "2025-01-22T10:24:00Z"
    }
  },
  {
    "model": "follows.follow",
    "pk": "987cc5c6-1145-4638-b835-537730e0f300",
    "fields": {
      "collaborator": "c8ecc761-237c-4400-9435-90074bea4d4e",
      "athlete": "1f70dfc3-5381-4666-af81-6cae1572ca21",
      "notify_news": true,
      "notify_stats": false,
      "notify_contracts": true,
      "created_at": "2025-01-22T10:25:00Z",
      "updated_at": "2025-01-22T10:25:00Z"
    }
  },
  {
    "model": "follows.follow",
    "pk": "358f47ef-af55-4e67-a29b-0abaf342222e",
    "fields": {
      "collaborator": "c8ecc761-237c-4400-9435-90074bea4d4e",
      "athlete": "996b7848-404d-47ac-ad1c-06c322a88882",
      "notify_news": true,
      "notify_stats": true,
      "notify_contracts": true,
      "created_at": "2025-01-22T10:26:00Z",
      "updated_at": "2025-01-22T10:26:00Z"
    }
  },
  {
    "model": "follows.follow",
    "pk": "1097ce1b-a489-43ee-838b-6e8aa6fc2103",
    "fields": {
      "collaborator": "c8ecc761-237c-4400-9435-90074bea4d4e",
      "athlete": "4582f2ec-e9ca-4bbb-bb7a-440c7b808427",
      "notify_news": true,
      "notify_stats": false,
      "notify_contracts": true,
      "created_at": "2025-01-22T10:27:00Z",
      "updated_at": "2025-01-22T10:27:00Z"
    }
  },
  {
    "model": "follows.follow",
    "pk": "5abe4d76-6e24-4584-a0a7-f16f3a833b0a",
    "fields": {
      "collaborator": "c8ecc761-237c-4400-9435-90074bea4d4e",
      "athlete": "452978ec-12ec-46bc-bb0d-a2a1dd65df77",
      "notify_news": true,
      "notify_stats": true,
      "notify_contracts": true,
      "created_at": "2025-01-22T10:28:00Z",
      "updated_at": "2025-01-22T10:28:00Z"
    }
  },
  {
    "model": "follows.follow",
    "pk": "30c231bc-23cd-43b1-8a05-dc495d3a1346",
    "fields": {
      "collaborator": "c8ecc761-237c-4400-9435-90074bea4d4e",
      "athlete": "921e41b5-8e04-4e22-a265-6094b00c9fa6",
      "notify_news": true,
      "notify_stats": false,
      "notify_contracts": true,
      "created_at": "2025-01-22T10:29:00Z",
      "updated_at": "2025-01-22T10:29:00Z"
    }
  },
  {
    "model": "follows.follow",
    "pk": "68844788-9017-43cf-8a97-4964480fe6bb",
    "fields": {
      "collaborator": "206749d3-d873-4931-9790-a97138e50879",
      "athlete": "1f70dfc3-5381-4666-af81-6cae1572ca21",
      "notify_news": true,
      "notify_stats": true,
      "notify_contracts": true,
      "created_at": "2025-01-22T10:30:00Z",
      "updated_at": "2025-01-22T10:30:00Z"
    }
  },
  {
    "model": "follows.follow",
    "pk": "87f646a8-d6d2-4f41-b2d4-b6c1de448824",
    "fields": {
      "collaborator": "206749d3-d873-4931-9790-a97138e50879",
      "athlete": "996b7848-404d-47ac-ad1c-06c322a88882",
      "notify_news": true,
      "notify_stats": false,
      "notify_contracts": true,
      "created_at": "2025-01-22T10:31:00Z",
      "updated_at": "2025-01-22T10:31:00Z"
    }
  },
  {
    "model": "follows.follow",
    "pk": "c15e2e49-eb3b-41e7-82f4-24635bea9da4",
    "fields": {
      "collaborator": "206749d3-d873-4931-9790-a97138e50879",
      "athlete": "4582f2ec-e9ca-4bbb-bb7a-440c7b808427",
      "notify_news": true,
      "notify_stats": true,
      "notify_contracts": true,
      "created_at": "2025-01-22T10:32:00Z",
      "updated_at": "2025-01-22T10:32:00Z"
    }
  },
  {
    "model": "follows.follow",
    "pk": "15fa4773-1466-4ddc-8b75-4d0aa49c0f51",
    "fields": {
      "collaborator": "206749d3-d873-4931-9790-a97138e50879",
      "athlete": "452978ec-12ec-46bc-bb0d-a2a1dd65df77",
      "notify_news": true,
      "notify_stats": false,
      "notify_contracts": true,
      "created_at": "2025-01-22T10:33:00Z",
      "updated_at": "2025-01-22T10:33:00Z"
    }
  },
  {
    "model": "follows.follow",
    "pk": "dfc133c3-ac7b-44a8-b5bd-05b8daa72275",
    "fields": {
      "collaborator": "206749d3-d873-4931-9790-a97138e50879",
      "athlete": "921e41b5-8e04-4e22-a265-6094b00c9fa6",
      "notify_news": true,
      "notify_stats": true,
      "notify_contracts": true,
      "created_at": "2025-01-22T10:34:00Z",
      "updated_at": "2025-01-22T10:34:00Z"
    }
  },
  {
    "model": "follows.follow",
    "pk": "6b767068-1d33-4b58-b2b6-a2f753a27b88",
    "fields": {
      "collaborator": "fa13c16c-07ca-4358-8d45-97f94d7eba7d",
      "athlete": "1f70dfc3-5381-4666-af81-6cae1572ca21",
      "notify_news": true,
      "notify_stats": false,
      "notify_contracts": true,
      "created_at": "2025-01-22T10:35:00Z",
      "updated_at": "2025-01-22T10:35:00Z"
    }
  },
  {
    "model": "follows.follow",
    "pk": "1ccf62ea-02c0-440b-9620-7aa9e8035a1b",
    "fields": {
      "collaborator": "fa13c16c-07ca-4358-8d45-97f94d7eba7d",
      "athlete": "996b7848-404d-47ac-ad1c-06c322a88882",
      "notify_news": true,
      "notify_stats": true,
      "notify_contracts": true,
      "created_at": "2025-01-22T10:36:00Z",
      "updated_at": "2025-01-22T10:36:00Z"
    }
  },
  {
    "model": "follows.follow",
    "pk": "5a14a284-eac0-492c-8d79-9c916b808013",
    "fields": {
      "collaborator": "fa13c16c-07ca-4358-8d45-97f94d7eba7d",
      "athlete": "4582f2ec-e9ca-4bbb-bb7a-440c7b808427",
      "notify_news": true,
      "notify_stats": false,
      "notify_contracts": true,
      "created_at": "2025-01-22T10:37:00Z",
      "updated_at": "2025-01-22T10:37:00Z"
    }
  },
  {
    "model": "follows.follow",
    "pk": "14ab847b-1936-4cee-89be-84f0933ee707",
    "fields": {
      "collaborator": "fa13c16c-07ca-4358-8d45-97f94d7eba7d",
      "athlete": "452978ec-12ec-46bc-bb0d-a2a1dd65df77",
      "notify_news": true,
      "notify_stats": true,
      "notify_contracts": true,
      "created_at": "2025-01-22T10:38:00Z",
      "updated_at": "2025-01-22T10:38:00Z"
    }
  },
  {
    "model": "follows.follow",
    "pk": "0b3b7c26-6561-4e62-99dd-3bde7678ae2d",
    "fields": {
      "collaborator": "fa13c16c-07ca-4358-8d45-97f94d7eba7d",
      "athlete": "921e41b5-8e04-4e22-a265-6094b00c9fa6",
      "notify_news": true,
      "notify_stats": false,
      "notify_contracts": true,
      "created_at": "2025-01-22T10:39:00Z",
      "updated_at": "2025-01-22T10:39:00Z"
    }
  },
  {
    "model": "contracts.clausetemplate",
    "pk": "9080d586-f328-4408-b40d-8176f4c03078",
    "fields": {
      "category": "financial",
      "title": "Compensation financière",
      "content": "L'organisation versera {{amount}} EUR à l'athlète en {{installments}} versements.",
      "placeholders": [
        "amount",
        "installments"
      ],
      "is_mandatory": true,
      "version": 1,
      "created_at": "2024-12-26T10:00:00Z",
      "updated_at": "2024-12-26T10:00:00Z"
    }
  },
  {
    "model": "contracts.clausetemplate",
    "pk": "df6dbe64-2ca5-4199-952b-b918c65e2a08",
    "fields": {
      "category": "intellectual_property",
      "title": "Droits à l'image",
      "content": "L'athlète cède les droits d'utilisation de son image pour {{campaign_duration}}.",
      "placeholders": [
        "campaign_duration"
      ],
      "is_mandatory": false,
      "version": 1,
      "created_at": "2024-12-26T09:59:00Z",
      "updated_at": "2024-12-26T09:59:00Z"
    }
  },
  {
    "model": "contracts.clausetemplate",
    "pk": "09df6a7c-da60-4712-8453-77f7ac66bb2e",
    "fields": {
      "category": "logistics",
      "title": "Participation événementielle",
      "content": "L'athlète participera à {{event_count}} événements promotionnels par an.",
      "placeholders": [
        "event_count"
      ],
      "is_mandatory": true,
      "version": 1,
      "created_at": "2024-12-26T09:58:00Z",
      "updated_at": "2024-12-26T09:58:00Z"
    }
  },
  {
    "model": "contracts.clausetemplate",
    "pk": "691c0b3a-8eca-466e-a099-ee8342af350c",
    "fields": {
      "category": "performance",
      "title": "Objectifs de performance",
      "content": "L'athlète s'engage à maintenir un taux d'engagement moyen de {{engagement_target}}%.",
      "placeholders": [
        "engagement_target"
      ],
      "is_mandatory": false,
      "version": 1,
      "created_at": "2024-12-26T09:57:00Z",
      "updated_at": "2024-12-26T09:57:00Z"
    }
  },
  {
    "model": "contracts.contract",
    "pk": "ac93557a-c00b-4014-9417-ad504968f7f9",
    "fields": {
      "organisation": "7fab56a4-d8e9-4ec4-8bb1-cc09c76d5b18",
      "agent": "3bafb802-ce3a-4ba3-bfb7-68db68cdee97",
      "initiated_by": "645147e5-6578-4904-8989-e37d9b7b6380",
      "status": "draft",
      "title": "Activation printemps 2025",
      "effective_date": null,
      "expiration_date": null,
      "owner_agreed_at": null,
      "agent_agreed_at": null,
      "current_version_number": 1,
      "created_at": "2025-01-15T10:00:00Z",
      "updated_at": "2025-01-15T11:00:00Z"
    }
  },
  {
    "model": "contracts.contractversion",
    "pk": "193fc461-6965-47f6-821e-820d79535f8b",
    "fields": {
      "contract": "ac93557a-c00b-4014-9417-ad504968f7f9",
      "number": 1,
      "created_by": "539b1f56-5ccb-4f10-a710-694fc2c2c2e9",
      "source_revision": null,
      "notes": "Version initiale générée automatiquement.",
      "created_at": "2025-01-15T10:30:00Z",
      "updated_at": "2025-01-15T10:30:00Z"
    }
  },
  {
    "model": "contracts.contractclause",
    "pk": "ca8d2017-77bc-44ef-b819-a263ee5ad48c",
    "fields": {
      "contract": "ac93557a-c00b-4014-9417-ad504968f7f9",
      "template": "9080d586-f328-4408-b40d-8176f4c03078",
      "title": "Compensation financière",
      "content": "L'organisation versera amount EUR à l'athlète en installments versements.",
      "is_mandatory": true,
      "is_modified": false,
      "created_at": "2025-01-15T10:45:00Z",
      "updated_at": "2025-01-15T10:45:00Z"
    }
  },
  {
    "model": "contracts.contractclause",
    "pk": "6e5d8455-e81d-4f87-a516-13b6081cb53d",
    "fields": {
      "contract": "ac93557a-c00b-4014-9417-ad504968f7f9",
      "template": "df6dbe64-2ca5-4199-952b-b918c65e2a08",
      "title": "Droits à l'image",
      "content": "L'athlète cède les droits d'utilisation de son image pour campaign_duration.",
      "is_mandatory": false,
      "is_modified": false,
      "created_at": "2025-01-15T10:46:00Z",
      "updated_at": "2025-01-15T10:46:00Z"
    }
  },
  {
    "model": "contracts.contractclause",
    "pk": "f54a0e54-df1c-43bf-92d1-36593c0493ea",
    "fields": {
      "contract": "ac93557a-c00b-4014-9417-ad504968f7f9",
      "template": "09df6a7c-da60-4712-8453-77f7ac66bb2e",
      "title": "Participation événementielle",
      "content": "L'athlète participera à event_count événements promotionnels par an.",
      "is_mandatory": true,
      "is_modified": true,
      "created_at": "2025-01-15T10:47:00Z",
      "updated_at": "2025-01-15T10:47:00Z"
    }
  },
  {
    "model": "contracts.contract",
    "pk": "ea80dec7-4603-4c3e-a4e8-95d91d20ddd4",
    "fields": {
      "organisation": "8f7f4b8d-ff1f-47f9-9a91-87fad4622290",
      "agent": "f388870b-cc58-4c26-b4f3-8907b99c2c73",
      "initiated_by": "3f8331ad-1e39-43f7-8b56-a1ac7261fb6b",
      "status": "negotiation",
      "title": "Tournée estivale Europe",
      "effective_date": null,
      "expiration_date": null,
      "owner_agreed_at": null,
      "agent_agreed_at": null,
      "current_version_number": 1,
      "created_at": "2025-01-17T10:00:00Z",
      "updated_at": "2025-01-17T11:00:00Z"
    }
  },
  {
    "model": "contracts.contractversion",
    "pk": "77639838-9df9-4571-9fbd-9c36c660d3d4",
    "fields": {
      "contract": "ea80dec7-4603-4c3e-a4e8-95d91d20ddd4",
      "number": 1,
      "created_by": "dbe620e0-18b1-4f59-a6ea-18557ec67051",
      "source_revision": null,
      "notes": "Version initiale générée automatiquement.",
      "created_at": "2025-01-17T10:30:00Z",
      "updated_at": "2025-01-17T10:30:00Z"
    }
  },
  {
    "model": "contracts.contractclause",
    "pk": "f63d6c19-bb38-493f-9c80-c9cb26eb2356",
    "fields": {
      "contract": "ea80dec7-4603-4c3e-a4e8-95d91d20ddd4",
      "template": "9080d586-f328-4408-b40d-8176f4c03078",
      "title": "Compensation financière",
      "content": "L'organisation versera amount EUR à l'athlète en installments versements.",
      "is_mandatory": true,
      "is_modified": false,
      "created_at": "2025-01-17T10:45:00Z",
      "updated_at": "2025-01-17T10:45:00Z"
    }
  },
  {
    "model": "contracts.contractclause",
    "pk": "d17d8558-31b7-4b09-9248-370c3f56bff7",
    "fields": {
      "contract": "ea80dec7-4603-4c3e-a4e8-95d91d20ddd4",
      "template": "df6dbe64-2ca5-4199-952b-b918c65e2a08",
      "title": "Droits à l'image",
      "content": "L'athlète cède les droits d'utilisation de son image pour campaign_duration.",
      "is_mandatory": false,
      "is_modified": false,
      "created_at": "2025-01-17T10:46:00Z",
      "updated_at": "2025-01-17T10:46:00Z"
    }
  },
  {
    "model": "contracts.contractclause",
    "pk": "eeb7a698-68e3-4a20-986b-9c526ea28ad4",
    "fields": {
      "contract": "ea80dec7-4603-4c3e-a4e8-95d91d20ddd4",
      "template": "09df6a7c-da60-4712-8453-77f7ac66bb2e",
      "title": "Participation événementielle",
      "content": "L'athlète participera à event_count événements promotionnels par an.",
      "is_mandatory": true,
      "is_modified": true,
      "created_at": "2025-01-17T10:47:00Z",
      "updated_at": "2025-01-17T10:47:00Z"
    }
  },
  {
    "model": "contracts.contractrevision",
    "pk": "64b130d1-6d52-417f-867d-0b7d07f67fa5",
    "fields": {
      "contract": "ea80dec7-4603-4c3e-a4e8-95d91d20ddd4",
      "proposed_by": "7d244b7d-3eff-4642-8826-5d19aeca87f1",
      "comment": "Proposition d'ajuster le périmètre des contenus.",
      "accepted": null,
      "created_at": "2025-01-17T13:00:00Z",
      "updated_at": "2025-01-17T13:00:00Z"
    }
  },
  {
    "model": "contracts.contract",
    "pk": "e4ca873f-7c23-4952-86a2-fabf3aef3f91",
    "fields": {
      "organisation": "853ca231-4a94-40d2-868a-62b8000b83c0",
      "agent": "83da7d7c-639c-438d-bf9c-f6389f594ff9",
      "initiated_by": "d75144e3-71f4-4ea7-9631-4678339b2694",
      "status": "legal_review",
      "title": "Campagne digitale Q3",
      "effective_date": null,
      "expiration_date": null,
      "owner_agreed_at": "2025-01-17T10:00:00Z",
      "agent_agreed_at": null,
      "current_version_number": 1,
      "created_at": "2025-01-19T10:00:00Z",
      "updated_at": "2025-01-19T11:00:00Z"
    }
  },
  {
    "model": "contracts.contractversion",
    "pk": "ec3fe007-011e-4225-b840-0cbb6fe23df5",
    "fields": {
      "contract": "e4ca873f-7c23-4952-86a2-fabf3aef3f91",
      "number": 1,
      "created_by": "02e6abaf-8c9a-4f82-9f9d-5bf91312d48e",
      "source_revision": null,
      "notes": "Version initiale générée automatiquement.",
      "created_at": "2025-01-19T10:30:00Z",
      "updated_at": "2025-01-19T10:30:00Z"
    }
  },
  {
    "model": "contracts.contractclause",
    "pk": "a150b3d1-2ef4-4887-9d56-4043c7dc942f",
    "fields": {
      "contract": "e4ca873f-7c23-4952-86a2-fabf3aef3f91",
      "template": "9080d586-f328-4408-b40d-8176f4c03078",
      "title": "Compensation financière",
      "content": "L'organisation versera amount EUR à l'athlète en installments versements.",
      "is_mandatory": true,
      "is_modified": false,
      "created_at": "2025-01-19T10:45:00Z",
      "updated_at": "2025-01-19T10:45:00Z"
    }
  },
  {
    "model": "contracts.contractclause",
    "pk": "c505d835-b6c1-4fdb-9a31-7a228f9d2256",
    "fields": {
      "contract": "e4ca873f-7c23-4952-86a2-fabf3aef3f91",
      "template": "df6dbe64-2ca5-4199-952b-b918c65e2a08",
      "title": "Droits à l'image",
      "content": "L'athlète cède les droits d'utilisation de son image pour campaign_duration.",
      "is_mandatory": false,
      "is_modified": false,
      "created_at": "2025-01-19T10:46:00Z",
      "updated_at": "2025-01-19T10:46:00Z"
    }
  },
  {
    "model": "contracts.contractclause",
    "pk": "c5278664-cb71-4220-917c-eec90ad25d58",
    "fields": {
      "contract": "e4ca873f-7c23-4952-86a2-fabf3aef3f91",
      "template": "09df6a7c-da60-4712-8453-77f7ac66bb2e",
      "title": "Participation événementielle",
      "content": "L'athlète participera à event_count événements promotionnels par an.",
      "is_mandatory": true,
      "is_modified": true,
      "created_at": "2025-01-19T10:47:00Z",
      "updated_at": "2025-01-19T10:47:00Z"
    }
  },
  {
    "model": "contracts.contractrevision",
    "pk": "f22f3421-3181-4867-8e88-adeb7b080ab8",
    "fields": {
      "contract": "e4ca873f-7c23-4952-86a2-fabf3aef3f91",
      "proposed_by": "4dd4de9a-7511-4699-b405-25052e683593",
      "comment": "Proposition d'ajuster le périmètre des contenus.",
      "accepted": null,
      "created_at": "2025-01-19T13:00:00Z",
      "updated_at": "2025-01-19T13:00:00Z"
    }
  },
  {
    "model": "contracts.contract",
    "pk": "68396fc8-bb91-4f35-a206-bcde46f993d8",
    "fields": {
      "organisation": "7a0859e9-419a-4eb9-9ee5-8d015853e4a6",
      "agent": "6825cb19-f960-4693-98bb-1cf19735f741",
      "initiated_by": "2cd399bb-04ad-4094-9a35-3b28b9f4f68c",
      "status": "signing",
      "title": "Programme fidélité premium",
      "effective_date": "2025-03-01",
      "expiration_date": "2026-02-28",
      "owner_agreed_at": "2025-01-18T10:00:00Z",
      "agent_agreed_at": "2025-01-18T12:00:00Z",
      "current_version_number": 1,
      "created_at": "2025-01-21T10:00:00Z",
      "updated_at": "2025-01-21T11:00:00Z"
    }
  },
  {
    "model": "contracts.contractversion",
    "pk": "c9f30659-24fe-4490-9394-d826fd03e8ce",
    "fields": {
      "contract": "68396fc8-bb91-4f35-a206-bcde46f993d8",
      "number": 1,
      "created_by": "9bad9967-2b07-4f96-ad86-c6ab0c4b9f0f",
      "source_revision": null,
      "notes": "Version initiale générée automatiquement.",
      "created_at": "2025-01-21T10:30:00Z",
      "updated_at": "2025-01-21T10:30:00Z"
    }
  },
  {
    "model": "contracts.contractclause",
    "pk": "fc61806d-ce49-4477-a648-dba810562996",
    "fields": {
      "contract": "68396fc8-bb91-4f35-a206-bcde46f993d8",
      "template": "9080d586-f328-4408-b40d-8176f4c03078",
      "title": "Compensation financière",
      "content": "L'organisation versera amount EUR à l'athlète en installments versements.",
      "is_mandatory": true,
      "is_modified": false,
      "created_at": "2025-01-21T10:45:00Z",
      "updated_at": "2025-01-21T10:45:00Z"
    }
  },
  {
    "model": "contracts.contractclause",
    "pk": "aff9c6c2-1c14-4fef-a493-c9b02b1938cb",
    "fields": {
      "contract": "68396fc8-bb91-4f35-a206-bcde46f993d8",
      "template": "df6dbe64-2ca5-4199-952b-b918c65e2a08",
      "title": "Droits à l'image",
      "content": "L'athlète cède les droits d'utilisation de son image pour campaign_duration.",
      "is_mandatory": false,
      "is_modified": false,
      "created_at": "2025-01-21T10:46:00Z",
      "updated_at": "2025-01-21T10:46:00Z"
    }
  },
  {
    "model": "contracts.contractclause",
    "pk": "4ad4b8e4-0769-44be-8d20-a86d96a1f257",
    "fields": {
      "contract": "68396fc8-bb91-4f35-a206-bcde46f993d8",
      "template": "09df6a7c-da60-4712-8453-77f7ac66bb2e",
      "title": "Participation événementielle",
      "content": "L'athlète participera à event_count événements promotionnels par an.",
      "is_mandatory": true,
      "is_modified": true,
      "created_at": "2025-01-21T10:47:00Z",
      "updated_at": "2025-01-21T10:47:00Z"
    }
  },
  {
    "model": "contracts.contract",
    "pk": "47e8eccd-9e3b-424a-893a-6aa4517f92db",
    "fields": {
      "organisation": "7fab56a4-d8e9-4ec4-8bb1-cc09c76d5b18",
      "agent": "77ae0f8c-7b8d-4b47-93e5-3ed04331c12a",
      "initiated_by": "149d6d43-e422-4ab5-9434-c6dbe725cf72",
      "status": "active",
      "title": "Série web immersive",
      "effective_date": "2025-03-01",
      "expiration_date": "2026-02-28",
      "owner_agreed_at": "2025-01-19T10:00:00Z",
      "agent_agreed_at": "2025-01-19T12:00:00Z",
      "current_version_number": 1,
      "created_at": "2025-01-23T10:00:00Z",
      "updated_at": "2025-01-23T11:00:00Z"
    }
  },
  {
    "model": "contracts.contractversion",
    "pk": "5217f1b1-7d9d-47ff-af47-e6b905695dba",
    "fields": {
      "contract": "47e8eccd-9e3b-424a-893a-6aa4517f92db",
      "number": 1,
      "created_by": "28108f3d-a94e-4b20-a369-fe5db3b86d20",
      "source_revision": null,
      "notes": "Version initiale générée automatiquement.",
      "created_at": "2025-01-23T10:30:00Z",
      "updated_at": "2025-01-23T10:30:00Z"
    }
  },
  {
    "model": "contracts.contractclause",
    "pk": "47cb6906-45c1-4a1e-b80e-16aa12a26bea",
    "fields": {
      "contract": "47e8eccd-9e3b-424a-893a-6aa4517f92db",
      "template": "9080d586-f328-4408-b40d-8176f4c03078",
      "title": "Compensation financière",
      "content": "L'organisation versera amount EUR à l'athlète en installments versements.",
      "is_mandatory": true,
      "is_modified": false,
      "created_at": "2025-01-23T10:45:00Z",
      "updated_at": "2025-01-23T10:45:00Z"
    }
  },
  {
    "model": "contracts.contractclause",
    "pk": "a467931a-d388-4367-8599-9322ff3f1af0",
    "fields": {
      "contract": "47e8eccd-9e3b-424a-893a-6aa4517f92db",
      "template": "df6dbe64-2ca5-4199-952b-b918c65e2a08",
      "title": "Droits à l'image",
      "content": "L'athlète cède les droits d'utilisation de son image pour campaign_duration.",
      "is_mandatory": false,
      "is_modified": false,
      "created_at": "2025-01-23T10:46:00Z",
      "updated_at": "2025-01-23T10:46:00Z"
    }
  },
  {
    "model": "contracts.contractclause",
    "pk": "6b6ffa52-6203-451a-a9da-3fb984afafd6",
    "fields": {
      "contract": "47e8eccd-9e3b-424a-893a-6aa4517f92db",
      "template": "09df6a7c-da60-4712-8453-77f7ac66bb2e",
      "title": "Participation événementielle",
      "content": "L'athlète participera à event_count événements promotionnels par an.",
      "is_mandatory": true,
      "is_modified": true,
      "created_at": "2025-01-23T10:47:00Z",
      "updated_at": "2025-01-23T10:47:00Z"
    }
  },
  {
    "model": "contracts.contractcomment",
    "pk": "cea87ccc-0710-451c-b7ea-bf6ed142ab05",
    "fields": {
      "contract": "ac93557a-c00b-4014-9417-ad504968f7f9",
      "version": "193fc461-6965-47f6-821e-820d79535f8b",
      "clause": "ca8d2017-77bc-44ef-b819-a263ee5ad48c",
      "author": "539b1f56-5ccb-4f10-a710-694fc2c2c2e9",
      "body": "Annotation interne pour préciser les conditions.",
      "created_at": "2025-01-15T14:00:00Z",
      "updated_at": "2025-01-15T14:00:00Z"
    }
  },
  {
    "model": "contracts.contractcomment",
    "pk": "48a76b90-6059-4466-acc7-acedae2977e7",
    "fields": {
      "contract": "ea80dec7-4603-4c3e-a4e8-95d91d20ddd4",
      "version": "77639838-9df9-4571-9fbd-9c36c660d3d4",
      "clause": "f63d6c19-bb38-493f-9c80-c9cb26eb2356",
      "author": "dbe620e0-18b1-4f59-a6ea-18557ec67051",
      "body": "Annotation interne pour préciser les conditions.",
      "created_at": "2025-01-17T14:00:00Z",
      "updated_at": "2025-01-17T14:00:00Z"
    }
  },
  {
    "model": "contracts.contractcomment",
    "pk": "233b64b4-2ff8-4c2d-abf8-318af7bc5154",
    "fields": {
      "contract": "e4ca873f-7c23-4952-86a2-fabf3aef3f91",
      "version": "ec3fe007-011e-4225-b840-0cbb6fe23df5",
      "clause": "a150b3d1-2ef4-4887-9d56-4043c7dc942f",
      "author": "02e6abaf-8c9a-4f82-9f9d-5bf91312d48e",
      "body": "Annotation interne pour préciser les conditions.",
      "created_at": "2025-01-19T14:00:00Z",
      "updated_at": "2025-01-19T14:00:00Z"
    }
  },
  {
    "model": "contracts.contractcomment",
    "pk": "c6570be6-df90-4616-ae63-92b8469d9eeb",
    "fields": {
      "contract": "68396fc8-bb91-4f35-a206-bcde46f993d8",
      "version": "c9f30659-24fe-4490-9394-d826fd03e8ce",
      "clause": "fc61806d-ce49-4477-a648-dba810562996",
      "author": "9bad9967-2b07-4f96-ad86-c6ab0c4b9f0f",
      "body": "Annotation interne pour préciser les conditions.",
      "created_at": "2025-01-21T14:00:00Z",
      "updated_at": "2025-01-21T14:00:00Z"
    }
  },
  {
    "model": "contracts.contractcomment",
    "pk": "ab998b24-a27d-4dd3-b6e1-ef28148d58ac",
    "fields": {
      "contract": "47e8eccd-9e3b-424a-893a-6aa4517f92db",
      "version": "5217f1b1-7d9d-47ff-af47-e6b905695dba",
      "clause": "47cb6906-45c1-4a1e-b80e-16aa12a26bea",
      "author": "28108f3d-a94e-4b20-a369-fe5db3b86d20",
      "body": "Annotation interne pour préciser les conditions.",
      "created_at": "2025-01-23T14:00:00Z",
      "updated_at": "2025-01-23T14:00:00Z"
    }
  }
]